{
	"start":	{
		"connected":	[{
				"socket":	6,
				"local_host":	"fe80::e63d:1aff:fe72:f1",
				"local_port":	50569,
				"remote_host":	"fe80::e63d:1aff:fe72:f0",
				"remote_port":	5201
			}],
		"version":	"iperf 3.10.1",
		"system_info":	"Linux ryan 5.10.89 #1-NixOS SMP Wed Dec 29 11:26:08 UTC 2021 x86_64",
		"timestamp":	{
			"time":	"Wed, 12 Jan 2022 16:49:23 GMT",
			"timesecs":	1642006163
		},
		"connecting_to":	{
			"host":	"fe80::e63d:1aff:fe72:f0%swissknife1",
			"port":	5201
		},
		"cookie":	"owo73b5uobx42d6szajpdz3wyjbxskidq5o3",
		"sock_bufsize":	0,
		"sndbuf_actual":	212992,
		"rcvbuf_actual":	212992,
		"test_start":	{
			"protocol":	"UDP",
			"num_streams":	1,
			"blksize":	1428,
			"omit":	0,
			"duration":	10,
			"bytes":	0,
			"blocks":	0,
			"reverse":	0,
			"tos":	0
		}
	},
	"intervals":	[{
			"streams":	[{
					"socket":	6,
					"start":	0,
					"end":	1.000001,
					"seconds":	1.0000009536743164,
					"bytes":	535755612,
					"bits_per_second":	4286040808.5129619,
					"packets":	375179,
					"omitted":	false,
					"sender":	true
				}],
			"sum":	{
				"start":	0,
				"end":	1.000001,
				"seconds":	1.0000009536743164,
				"bytes":	535755612,
				"bits_per_second":	4286040808.5129619,
				"packets":	375179,
				"omitted":	false,
				"sender":	true
			}
		}, {
			"streams":	[{
					"socket":	6,
					"start":	1.000001,
					"end":	2.000002,
					"seconds":	1.0000009536743164,
					"bytes":	547408092,
					"bits_per_second":	4379260559.61168,
					"packets":	383339,
					"omitted":	false,
					"sender":	true
				}],
			"sum":	{
				"start":	1.000001,
				"end":	2.000002,
				"seconds":	1.0000009536743164,
				"bytes":	547408092,
				"bits_per_second":	4379260559.61168,
				"packets":	383339,
				"omitted":	false,
				"sender":	true
			}
		}, {
			"streams":	[{
					"socket":	6,
					"start":	2.000002,
					"end":	3.000002,
					"seconds":	1,
					"bytes":	534994488,
					"bits_per_second":	4279955904,
					"packets":	374646,
					"omitted":	false,
					"sender":	true
				}],
			"sum":	{
				"start":	2.000002,
				"end":	3.000002,
				"seconds":	1,
				"bytes":	534994488,
				"bits_per_second":	4279955904,
				"packets":	374646,
				"omitted":	false,
				"sender":	true
			}
		}, {
			"streams":	[{
					"socket":	6,
					"start":	3.000002,
					"end":	4.000012,
					"seconds":	1.0000100135803223,
					"bytes":	590170980,
					"bits_per_second":	4721320562.67732,
					"packets":	413285,
					"omitted":	false,
					"sender":	true
				}],
			"sum":	{
				"start":	3.000002,
				"end":	4.000012,
				"seconds":	1.0000100135803223,
				"bytes":	590170980,
				"bits_per_second":	4721320562.67732,
				"packets":	413285,
				"omitted":	false,
				"sender":	true
			}
		}, {
			"streams":	[{
					"socket":	6,
					"start":	4.000012,
					"end":	5.000001,
					"seconds":	0.99998897314071655,
					"bytes":	574814268,
					"bits_per_second":	4598564851.7275257,
					"packets":	402531,
					"omitted":	false,
					"sender":	true
				}],
			"sum":	{
				"start":	4.000012,
				"end":	5.000001,
				"seconds":	0.99998897314071655,
				"bytes":	574814268,
				"bits_per_second":	4598564851.7275257,
				"packets":	402531,
				"omitted":	false,
				"sender":	true
			}
		}, {
			"streams":	[{
					"socket":	6,
					"start":	5.000001,
					"end":	6.000002,
					"seconds":	1.0000009536743164,
					"bytes":	588768684,
					"bits_per_second":	4710144980.055706,
					"packets":	412303,
					"omitted":	false,
					"sender":	true
				}],
			"sum":	{
				"start":	5.000001,
				"end":	6.000002,
				"seconds":	1.0000009536743164,
				"bytes":	588768684,
				"bits_per_second":	4710144980.055706,
				"packets":	412303,
				"omitted":	false,
				"sender":	true
			}
		}, {
			"streams":	[{
					"socket":	6,
					"start":	6.000002,
					"end":	7.000002,
					"seconds":	1,
					"bytes":	583465092,
					"bits_per_second":	4667720736,
					"packets":	408589,
					"omitted":	false,
					"sender":	true
				}],
			"sum":	{
				"start":	6.000002,
				"end":	7.000002,
				"seconds":	1,
				"bytes":	583465092,
				"bits_per_second":	4667720736,
				"packets":	408589,
				"omitted":	false,
				"sender":	true
			}
		}, {
			"streams":	[{
					"socket":	6,
					"start":	7.000002,
					"end":	8.000004,
					"seconds":	1.0000020265579224,
					"bytes":	588610176,
					"bits_per_second":	4708871865.1984158,
					"packets":	412192,
					"omitted":	false,
					"sender":	true
				}],
			"sum":	{
				"start":	7.000002,
				"end":	8.000004,
				"seconds":	1.0000020265579224,
				"bytes":	588610176,
				"bits_per_second":	4708871865.1984158,
				"packets":	412192,
				"omitted":	false,
				"sender":	true
			}
		}, {
			"streams":	[{
					"socket":	6,
					"start":	8.000004,
					"end":	9.000002,
					"seconds":	0.99999797344207764,
					"bytes":	588298872,
					"bits_per_second":	4706400513.7932472,
					"packets":	411974,
					"omitted":	false,
					"sender":	true
				}],
			"sum":	{
				"start":	8.000004,
				"end":	9.000002,
				"seconds":	0.99999797344207764,
				"bytes":	588298872,
				"bits_per_second":	4706400513.7932472,
				"packets":	411974,
				"omitted":	false,
				"sender":	true
			}
		}, {
			"streams":	[{
					"socket":	6,
					"start":	9.000002,
					"end":	10.000006,
					"seconds":	1.0000040531158447,
					"bytes":	588284592,
					"bits_per_second":	4706257660.9925051,
					"packets":	411964,
					"omitted":	false,
					"sender":	true
				}],
			"sum":	{
				"start":	9.000002,
				"end":	10.000006,
				"seconds":	1.0000040531158447,
				"bytes":	588284592,
				"bits_per_second":	4706257660.9925051,
				"packets":	411964,
				"omitted":	false,
				"sender":	true
			}
		}],
	"end":	{
		"streams":	[{
				"udp":	{
					"socket":	6,
					"start":	0,
					"end":	10.000006,
					"seconds":	10.000006,
					"bytes":	5720570856,
					"bits_per_second":	4576453938.9276361,
					"jitter_ms":	0.0012618549829185733,
					"lost_packets":	3082411,
					"packets":	4006002,
					"lost_percent":	76.9448192986424,
					"out_of_order":	0,
					"sender":	true
				}
			}],
		"sum":	{
			"start":	0,
			"end":	10.202897,
			"seconds":	10.202897,
			"bytes":	5720570856,
			"bits_per_second":	4576453938.9276361,
			"jitter_ms":	0.0012618549829185733,
			"lost_packets":	3082411,
			"packets":	4006002,
			"lost_percent":	76.9448192986424,
			"sender":	true
		},
		"cpu_utilization_percent":	{
			"host_total":	99.992690437842768,
			"host_user":	11.221037859832196,
			"host_system":	88.771652578010574,
			"remote_total":	17.41562648915907,
			"remote_user":	2.3653653184690713,
			"remote_system":	15.050270971819204
		}
	}
}
