{
	"start":	{
		"connected":	[{
				"socket":	6,
				"local_host":	"fe80::e63d:1aff:fe72:f1",
				"local_port":	38300,
				"remote_host":	"fe80::e63d:1aff:fe72:f0",
				"remote_port":	5201
			}],
		"version":	"iperf 3.10.1",
		"system_info":	"Linux ryan 5.10.89 #1-NixOS SMP Wed Dec 29 11:26:08 UTC 2021 x86_64",
		"timestamp":	{
			"time":	"Wed, 12 Jan 2022 16:48:53 GMT",
			"timesecs":	1642006133
		},
		"connecting_to":	{
			"host":	"fe80::e63d:1aff:fe72:f0%swissknife1",
			"port":	5201
		},
		"cookie":	"ddxudkka5ympenjptltay5g3cfev2lfuu3dh",
		"sock_bufsize":	0,
		"sndbuf_actual":	212992,
		"rcvbuf_actual":	212992,
		"test_start":	{
			"protocol":	"UDP",
			"num_streams":	1,
			"blksize":	1428,
			"omit":	0,
			"duration":	10,
			"bytes":	0,
			"blocks":	0,
			"reverse":	0,
			"tos":	0
		}
	},
	"intervals":	[{
			"streams":	[{
					"socket":	6,
					"start":	0,
					"end":	1.000057,
					"seconds":	1.0000569820404053,
					"bytes":	124922868,
					"bits_per_second":	999326000.365469,
					"packets":	87481,
					"omitted":	false,
					"sender":	true
				}],
			"sum":	{
				"start":	0,
				"end":	1.000057,
				"seconds":	1.0000569820404053,
				"bytes":	124922868,
				"bits_per_second":	999326000.365469,
				"packets":	87481,
				"omitted":	false,
				"sender":	true
			}
		}, {
			"streams":	[{
					"socket":	6,
					"start":	1.000057,
					"end":	2.000055,
					"seconds":	0.99999797344207764,
					"bytes":	124982844,
					"bits_per_second":	999864778.28388774,
					"packets":	87523,
					"omitted":	false,
					"sender":	true
				}],
			"sum":	{
				"start":	1.000057,
				"end":	2.000055,
				"seconds":	0.99999797344207764,
				"bytes":	124982844,
				"bits_per_second":	999864778.28388774,
				"packets":	87523,
				"omitted":	false,
				"sender":	true
			}
		}, {
			"streams":	[{
					"socket":	6,
					"start":	2.000055,
					"end":	3.000055,
					"seconds":	1,
					"bytes":	125007120,
					"bits_per_second":	1000056960,
					"packets":	87540,
					"omitted":	false,
					"sender":	true
				}],
			"sum":	{
				"start":	2.000055,
				"end":	3.000055,
				"seconds":	1,
				"bytes":	125007120,
				"bits_per_second":	1000056960,
				"packets":	87540,
				"omitted":	false,
				"sender":	true
			}
		}, {
			"streams":	[{
					"socket":	6,
					"start":	3.000055,
					"end":	4.000055,
					"seconds":	1,
					"bytes":	125001408,
					"bits_per_second":	1000011264,
					"packets":	87536,
					"omitted":	false,
					"sender":	true
				}],
			"sum":	{
				"start":	3.000055,
				"end":	4.000055,
				"seconds":	1,
				"bytes":	125001408,
				"bits_per_second":	1000011264,
				"packets":	87536,
				"omitted":	false,
				"sender":	true
			}
		}, {
			"streams":	[{
					"socket":	6,
					"start":	4.000055,
					"end":	5.000055,
					"seconds":	1,
					"bytes":	125002836,
					"bits_per_second":	1000022688,
					"packets":	87537,
					"omitted":	false,
					"sender":	true
				}],
			"sum":	{
				"start":	4.000055,
				"end":	5.000055,
				"seconds":	1,
				"bytes":	125002836,
				"bits_per_second":	1000022688,
				"packets":	87537,
				"omitted":	false,
				"sender":	true
			}
		}, {
			"streams":	[{
					"socket":	6,
					"start":	5.000055,
					"end":	6.000055,
					"seconds":	1,
					"bytes":	124987128,
					"bits_per_second":	999897024,
					"packets":	87526,
					"omitted":	false,
					"sender":	true
				}],
			"sum":	{
				"start":	5.000055,
				"end":	6.000055,
				"seconds":	1,
				"bytes":	124987128,
				"bits_per_second":	999897024,
				"packets":	87526,
				"omitted":	false,
				"sender":	true
			}
		}, {
			"streams":	[{
					"socket":	6,
					"start":	6.000055,
					"end":	7.000056,
					"seconds":	1.0000009536743164,
					"bytes":	125002836,
					"bits_per_second":	1000021734.3049562,
					"packets":	87537,
					"omitted":	false,
					"sender":	true
				}],
			"sum":	{
				"start":	6.000055,
				"end":	7.000056,
				"seconds":	1.0000009536743164,
				"bytes":	125002836,
				"bits_per_second":	1000021734.3049562,
				"packets":	87537,
				"omitted":	false,
				"sender":	true
			}
		}, {
			"streams":	[{
					"socket":	6,
					"start":	7.000056,
					"end":	8.000056,
					"seconds":	1,
					"bytes":	124999980,
					"bits_per_second":	999999840,
					"packets":	87535,
					"omitted":	false,
					"sender":	true
				}],
			"sum":	{
				"start":	7.000056,
				"end":	8.000056,
				"seconds":	1,
				"bytes":	124999980,
				"bits_per_second":	999999840,
				"packets":	87535,
				"omitted":	false,
				"sender":	true
			}
		}, {
			"streams":	[{
					"socket":	6,
					"start":	8.000056,
					"end":	9.000057,
					"seconds":	1.0000009536743164,
					"bytes":	125001408,
					"bits_per_second":	1000010310.3158509,
					"packets":	87536,
					"omitted":	false,
					"sender":	true
				}],
			"sum":	{
				"start":	8.000056,
				"end":	9.000057,
				"seconds":	1.0000009536743164,
				"bytes":	125001408,
				"bits_per_second":	1000010310.3158509,
				"packets":	87536,
				"omitted":	false,
				"sender":	true
			}
		}, {
			"streams":	[{
					"socket":	6,
					"start":	9.000057,
					"end":	10.00006,
					"seconds":	1.0000029802322388,
					"bytes":	125001408,
					"bits_per_second":	1000008283.7430737,
					"packets":	87536,
					"omitted":	false,
					"sender":	true
				}],
			"sum":	{
				"start":	9.000057,
				"end":	10.00006,
				"seconds":	1.0000029802322388,
				"bytes":	125001408,
				"bits_per_second":	1000008283.7430737,
				"packets":	87536,
				"omitted":	false,
				"sender":	true
			}
		}],
	"end":	{
		"streams":	[{
				"udp":	{
					"socket":	6,
					"start":	0,
					"end":	10.00006,
					"seconds":	10.00006,
					"bytes":	1249909836,
					"bits_per_second":	999921869.2687844,
					"jitter_ms":	0.0012501532975576211,
					"lost_packets":	94884,
					"packets":	875287,
					"lost_percent":	10.8403300860175,
					"out_of_order":	0,
					"sender":	true
				}
			}],
		"sum":	{
			"start":	0,
			"end":	10.000138,
			"seconds":	10.000138,
			"bytes":	1249909836,
			"bits_per_second":	999921869.2687844,
			"jitter_ms":	0.0012501532975576211,
			"lost_packets":	94884,
			"packets":	875287,
			"lost_percent":	10.8403300860175,
			"sender":	true
		},
		"cpu_utilization_percent":	{
			"host_total":	25.044160119769543,
			"host_user":	1.6267923158941731,
			"host_system":	23.4173778033364,
			"remote_total":	20.012941813637884,
			"remote_user":	1.0752645161909669,
			"remote_system":	18.937657297734916
		}
	}
}
