{
	"start":	{
		"connected":	[{
				"socket":	6,
				"local_host":	"fe80::e63d:1aff:fe72:f1",
				"local_port":	32842,
				"remote_host":	"fe80::e63d:1aff:fe72:f0",
				"remote_port":	5201
			}],
		"version":	"iperf 3.10.1",
		"system_info":	"Linux ryan 5.10.89 #1-NixOS SMP Wed Dec 29 11:26:08 UTC 2021 x86_64",
		"timestamp":	{
			"time":	"Thu, 13 Jan 2022 15:36:24 GMT",
			"timesecs":	1642088184
		},
		"connecting_to":	{
			"host":	"fe80::e63d:1aff:fe72:f0%swissknife1",
			"port":	5201
		},
		"cookie":	"h3s7ylv2zhqvkom6gpb6vteucm2ns72lmrgn",
		"tcp_mss_default":	1428,
		"sock_bufsize":	16384,
		"sndbuf_actual":	32768,
		"rcvbuf_actual":	32768,
		"test_start":	{
			"protocol":	"TCP",
			"num_streams":	1,
			"blksize":	131072,
			"omit":	0,
			"duration":	10,
			"bytes":	0,
			"blocks":	0,
			"reverse":	0,
			"tos":	0
		}
	},
	"intervals":	[{
			"streams":	[{
					"socket":	6,
					"start":	0,
					"end":	1.000024,
					"seconds":	1.0000239610672,
					"bytes":	196307160,
					"bits_per_second":	1570419651.0692091,
					"retransmits":	0,
					"snd_cwnd":	28560,
					"snd_wnd":	14280,
					"rtt":	67,
					"rttvar":	2,
					"pmtu":	1500,
					"omitted":	false,
					"sender":	true
				}],
			"sum":	{
				"start":	0,
				"end":	1.000024,
				"seconds":	1.0000239610672,
				"bytes":	196307160,
				"bits_per_second":	1570419651.0692091,
				"retransmits":	0,
				"omitted":	false,
				"sender":	true
			}
		}, {
			"streams":	[{
					"socket":	6,
					"start":	1.000024,
					"end":	2.000055,
					"seconds":	1.0000309944152832,
					"bytes":	193729620,
					"bits_per_second":	1549788925.198451,
					"retransmits":	0,
					"snd_cwnd":	28560,
					"snd_wnd":	14280,
					"rtt":	76,
					"rttvar":	2,
					"pmtu":	1500,
					"omitted":	false,
					"sender":	true
				}],
			"sum":	{
				"start":	1.000024,
				"end":	2.000055,
				"seconds":	1.0000309944152832,
				"bytes":	193729620,
				"bits_per_second":	1549788925.198451,
				"retransmits":	0,
				"omitted":	false,
				"sender":	true
			}
		}, {
			"streams":	[{
					"socket":	6,
					"start":	2.000055,
					"end":	3.000055,
					"seconds":	1,
					"bytes":	196921200,
					"bits_per_second":	1575369600,
					"retransmits":	0,
					"snd_cwnd":	31416,
					"snd_wnd":	14280,
					"rtt":	70,
					"rttvar":	1,
					"pmtu":	1500,
					"omitted":	false,
					"sender":	true
				}],
			"sum":	{
				"start":	2.000055,
				"end":	3.000055,
				"seconds":	1,
				"bytes":	196921200,
				"bits_per_second":	1575369600,
				"retransmits":	0,
				"omitted":	false,
				"sender":	true
			}
		}, {
			"streams":	[{
					"socket":	6,
					"start":	3.000055,
					"end":	4.000031,
					"seconds":	0.99997597932815552,
					"bytes":	196564200,
					"bits_per_second":	1572551373.7405071,
					"retransmits":	0,
					"snd_cwnd":	31416,
					"snd_wnd":	14280,
					"rtt":	69,
					"rttvar":	2,
					"pmtu":	1500,
					"omitted":	false,
					"sender":	true
				}],
			"sum":	{
				"start":	3.000055,
				"end":	4.000031,
				"seconds":	0.99997597932815552,
				"bytes":	196564200,
				"bits_per_second":	1572551373.7405071,
				"retransmits":	0,
				"omitted":	false,
				"sender":	true
			}
		}, {
			"streams":	[{
					"socket":	6,
					"start":	4.000031,
					"end":	5.00004,
					"seconds":	1.0000089406967163,
					"bytes":	202012020,
					"bits_per_second":	1616081711.1035523,
					"retransmits":	0,
					"snd_cwnd":	31416,
					"snd_wnd":	14280,
					"rtt":	70,
					"rttvar":	2,
					"pmtu":	1500,
					"omitted":	false,
					"sender":	true
				}],
			"sum":	{
				"start":	4.000031,
				"end":	5.00004,
				"seconds":	1.0000089406967163,
				"bytes":	202012020,
				"bits_per_second":	1616081711.1035523,
				"retransmits":	0,
				"omitted":	false,
				"sender":	true
			}
		}, {
			"streams":	[{
					"socket":	6,
					"start":	5.00004,
					"end":	6.000019,
					"seconds":	0.999979019165039,
					"bytes":	201933480,
					"bits_per_second":	1615501734.5752723,
					"retransmits":	0,
					"snd_cwnd":	31416,
					"snd_wnd":	14280,
					"rtt":	70,
					"rttvar":	1,
					"pmtu":	1500,
					"omitted":	false,
					"sender":	true
				}],
			"sum":	{
				"start":	5.00004,
				"end":	6.000019,
				"seconds":	0.999979019165039,
				"bytes":	201933480,
				"bits_per_second":	1615501734.5752723,
				"retransmits":	0,
				"omitted":	false,
				"sender":	true
			}
		}, {
			"streams":	[{
					"socket":	6,
					"start":	6.000019,
					"end":	7.000023,
					"seconds":	1.0000040531158447,
					"bytes":	201540780,
					"bits_per_second":	1612319705.0814567,
					"retransmits":	0,
					"snd_cwnd":	31416,
					"snd_wnd":	14280,
					"rtt":	73,
					"rttvar":	2,
					"pmtu":	1500,
					"omitted":	false,
					"sender":	true
				}],
			"sum":	{
				"start":	6.000019,
				"end":	7.000023,
				"seconds":	1.0000040531158447,
				"bytes":	201540780,
				"bits_per_second":	1612319705.0814567,
				"retransmits":	0,
				"omitted":	false,
				"sender":	true
			}
		}, {
			"streams":	[{
					"socket":	6,
					"start":	7.000023,
					"end":	8.00001,
					"seconds":	0.999987006187439,
					"bytes":	206138940,
					"bits_per_second":	1649132948.5244215,
					"retransmits":	0,
					"snd_cwnd":	31416,
					"snd_wnd":	14280,
					"rtt":	67,
					"rttvar":	0,
					"pmtu":	1500,
					"omitted":	false,
					"sender":	true
				}],
			"sum":	{
				"start":	7.000023,
				"end":	8.00001,
				"seconds":	0.999987006187439,
				"bytes":	206138940,
				"bits_per_second":	1649132948.5244215,
				"retransmits":	0,
				"omitted":	false,
				"sender":	true
			}
		}, {
			"streams":	[{
					"socket":	6,
					"start":	8.00001,
					"end":	9.000049,
					"seconds":	1.0000389814376831,
					"bytes":	208216680,
					"bits_per_second":	1665668509.8467827,
					"retransmits":	0,
					"snd_cwnd":	31416,
					"snd_wnd":	14280,
					"rtt":	67,
					"rttvar":	0,
					"pmtu":	1500,
					"omitted":	false,
					"sender":	true
				}],
			"sum":	{
				"start":	8.00001,
				"end":	9.000049,
				"seconds":	1.0000389814376831,
				"bytes":	208216680,
				"bits_per_second":	1665668509.8467827,
				"retransmits":	0,
				"omitted":	false,
				"sender":	true
			}
		}, {
			"streams":	[{
					"socket":	6,
					"start":	9.000049,
					"end":	10.000028,
					"seconds":	0.999979019165039,
					"bytes":	209344800,
					"bits_per_second":	1674793538.5668263,
					"retransmits":	0,
					"snd_cwnd":	31416,
					"snd_wnd":	14280,
					"rtt":	68,
					"rttvar":	1,
					"pmtu":	1500,
					"omitted":	false,
					"sender":	true
				}],
			"sum":	{
				"start":	9.000049,
				"end":	10.000028,
				"seconds":	0.999979019165039,
				"bytes":	209344800,
				"bits_per_second":	1674793538.5668263,
				"retransmits":	0,
				"omitted":	false,
				"sender":	true
			}
		}],
	"end":	{
		"streams":	[{
				"sender":	{
					"socket":	6,
					"start":	0,
					"end":	10.000028,
					"seconds":	10.000028,
					"bytes":	2012708880,
					"bits_per_second":	1610162595.5447323,
					"retransmits":	0,
					"max_snd_cwnd":	31416,
					"max_snd_wnd":	14280,
					"max_rtt":	76,
					"min_rtt":	67,
					"mean_rtt":	69,
					"sender":	true
				},
				"receiver":	{
					"socket":	6,
					"start":	0,
					"end":	10.000114,
					"seconds":	10.000028,
					"bytes":	2012694600,
					"bits_per_second":	1610137324.4345014,
					"sender":	true
				}
			}],
		"sum_sent":	{
			"start":	0,
			"end":	10.000028,
			"seconds":	10.000028,
			"bytes":	2012708880,
			"bits_per_second":	1610162595.5447323,
			"retransmits":	0,
			"sender":	true
		},
		"sum_received":	{
			"start":	0,
			"end":	10.000114,
			"seconds":	10.000114,
			"bytes":	2012694600,
			"bits_per_second":	1610137324.4345014,
			"sender":	true
		},
		"cpu_utilization_percent":	{
			"host_total":	11.245774940137592,
			"host_user":	1.44473578210933,
			"host_system":	9.8010491555078953,
			"remote_total":	12.738030774615316,
			"remote_user":	0.781940225747178,
			"remote_system":	11.95609054886814
		},
		"sender_tcp_congestion":	"cubic",
		"receiver_tcp_congestion":	"cubic"
	}
}
