{
	"start":	{
		"connected":	[{
				"socket":	6,
				"local_host":	"fe80::e63d:1aff:fe72:f1",
				"local_port":	44842,
				"remote_host":	"fe80::e63d:1aff:fe72:f0",
				"remote_port":	5201
			}],
		"version":	"iperf 3.10.1",
		"system_info":	"Linux ryan 5.10.89 #1-NixOS SMP Wed Dec 29 11:26:08 UTC 2021 x86_64",
		"timestamp":	{
			"time":	"Thu, 13 Jan 2022 01:41:06 GMT",
			"timesecs":	1642038066
		},
		"connecting_to":	{
			"host":	"fe80::e63d:1aff:fe72:f0%swissknife1",
			"port":	5201
		},
		"cookie":	"pxr3hbwj654lcawc3a3v6wlq2spn3wvjtlm4",
		"tcp_mss_default":	1428,
		"sock_bufsize":	4096,
		"sndbuf_actual":	8192,
		"rcvbuf_actual":	8192,
		"test_start":	{
			"protocol":	"TCP",
			"num_streams":	1,
			"blksize":	131072,
			"omit":	0,
			"duration":	10,
			"bytes":	0,
			"blocks":	0,
			"reverse":	0,
			"tos":	0
		}
	},
	"intervals":	[{
			"streams":	[{
					"socket":	6,
					"start":	0,
					"end":	1.000008,
					"seconds":	1.0000079870224,
					"bytes":	52259088,
					"bits_per_second":	418069364.870618,
					"retransmits":	0,
					"snd_cwnd":	14280,
					"snd_wnd":	2856,
					"rtt":	55,
					"rttvar":	1,
					"pmtu":	1500,
					"omitted":	false,
					"sender":	true
				}],
			"sum":	{
				"start":	0,
				"end":	1.000008,
				"seconds":	1.0000079870224,
				"bytes":	52259088,
				"bits_per_second":	418069364.870618,
				"retransmits":	0,
				"omitted":	false,
				"sender":	true
			}
		}, {
			"streams":	[{
					"socket":	6,
					"start":	1.000008,
					"end":	2.000017,
					"seconds":	1.0000089406967163,
					"bytes":	53135880,
					"bits_per_second":	425083239.4596768,
					"retransmits":	1,
					"snd_cwnd":	14280,
					"snd_wnd":	2856,
					"rtt":	52,
					"rttvar":	1,
					"pmtu":	1500,
					"omitted":	false,
					"sender":	true
				}],
			"sum":	{
				"start":	1.000008,
				"end":	2.000017,
				"seconds":	1.0000089406967163,
				"bytes":	53135880,
				"bits_per_second":	425083239.4596768,
				"retransmits":	1,
				"omitted":	false,
				"sender":	true
			}
		}, {
			"streams":	[{
					"socket":	6,
					"start":	2.000017,
					"end":	3.000037,
					"seconds":	1.0000200271606445,
					"bytes":	55295016,
					"bits_per_second":	442351268.9600752,
					"retransmits":	0,
					"snd_cwnd":	14280,
					"snd_wnd":	2856,
					"rtt":	51,
					"rttvar":	2,
					"pmtu":	1500,
					"omitted":	false,
					"sender":	true
				}],
			"sum":	{
				"start":	2.000017,
				"end":	3.000037,
				"seconds":	1.0000200271606445,
				"bytes":	55295016,
				"bits_per_second":	442351268.9600752,
				"retransmits":	0,
				"omitted":	false,
				"sender":	true
			}
		}, {
			"streams":	[{
					"socket":	6,
					"start":	3.000037,
					"end":	4.000025,
					"seconds":	0.9999880194664,
					"bytes":	52636080,
					"bits_per_second":	421093684.927041,
					"retransmits":	0,
					"snd_cwnd":	14280,
					"snd_wnd":	2856,
					"rtt":	54,
					"rttvar":	1,
					"pmtu":	1500,
					"omitted":	false,
					"sender":	true
				}],
			"sum":	{
				"start":	3.000037,
				"end":	4.000025,
				"seconds":	0.9999880194664,
				"bytes":	52636080,
				"bits_per_second":	421093684.927041,
				"retransmits":	0,
				"omitted":	false,
				"sender":	true
			}
		}, {
			"streams":	[{
					"socket":	6,
					"start":	4.000025,
					"end":	5.000023,
					"seconds":	0.99999797344207764,
					"bytes":	53155872,
					"bits_per_second":	425247837.78937465,
					"retransmits":	0,
					"snd_cwnd":	14280,
					"snd_wnd":	2856,
					"rtt":	50,
					"rttvar":	1,
					"pmtu":	1500,
					"omitted":	false,
					"sender":	true
				}],
			"sum":	{
				"start":	4.000025,
				"end":	5.000023,
				"seconds":	0.99999797344207764,
				"bytes":	53155872,
				"bits_per_second":	425247837.78937465,
				"retransmits":	0,
				"omitted":	false,
				"sender":	true
			}
		}, {
			"streams":	[{
					"socket":	6,
					"start":	5.000023,
					"end":	6.000025,
					"seconds":	1.0000020265579224,
					"bytes":	55354992,
					"bits_per_second":	442839038.561038,
					"retransmits":	0,
					"snd_cwnd":	14280,
					"snd_wnd":	2856,
					"rtt":	51,
					"rttvar":	1,
					"pmtu":	1500,
					"omitted":	false,
					"sender":	true
				}],
			"sum":	{
				"start":	5.000023,
				"end":	6.000025,
				"seconds":	1.0000020265579224,
				"bytes":	55354992,
				"bits_per_second":	442839038.561038,
				"retransmits":	0,
				"omitted":	false,
				"sender":	true
			}
		}, {
			"streams":	[{
					"socket":	6,
					"start":	6.000025,
					"end":	7.000044,
					"seconds":	1.0000189542770386,
					"bytes":	55237896,
					"bits_per_second":	441894792.20368665,
					"retransmits":	0,
					"snd_cwnd":	14280,
					"snd_wnd":	2856,
					"rtt":	50,
					"rttvar":	1,
					"pmtu":	1500,
					"omitted":	false,
					"sender":	true
				}],
			"sum":	{
				"start":	6.000025,
				"end":	7.000044,
				"seconds":	1.0000189542770386,
				"bytes":	55237896,
				"bits_per_second":	441894792.20368665,
				"retransmits":	0,
				"omitted":	false,
				"sender":	true
			}
		}, {
			"streams":	[{
					"socket":	6,
					"start":	7.000044,
					"end":	8.000042,
					"seconds":	0.99999797344207764,
					"bytes":	54935160,
					"bits_per_second":	439482170.63607466,
					"retransmits":	0,
					"snd_cwnd":	14280,
					"snd_wnd":	2856,
					"rtt":	49,
					"rttvar":	1,
					"pmtu":	1500,
					"omitted":	false,
					"sender":	true
				}],
			"sum":	{
				"start":	7.000044,
				"end":	8.000042,
				"seconds":	0.99999797344207764,
				"bytes":	54935160,
				"bits_per_second":	439482170.63607466,
				"retransmits":	0,
				"omitted":	false,
				"sender":	true
			}
		}, {
			"streams":	[{
					"socket":	6,
					"start":	8.000042,
					"end":	9.000012,
					"seconds":	0.999970018863678,
					"bytes":	55083672,
					"bits_per_second":	440682588.16475052,
					"retransmits":	0,
					"snd_cwnd":	14280,
					"snd_wnd":	2856,
					"rtt":	51,
					"rttvar":	0,
					"pmtu":	1500,
					"omitted":	false,
					"sender":	true
				}],
			"sum":	{
				"start":	8.000042,
				"end":	9.000012,
				"seconds":	0.999970018863678,
				"bytes":	55083672,
				"bits_per_second":	440682588.16475052,
				"retransmits":	0,
				"omitted":	false,
				"sender":	true
			}
		}, {
			"streams":	[{
					"socket":	6,
					"start":	9.000012,
					"end":	10.000027,
					"seconds":	1.0000150203704834,
					"bytes":	55200768,
					"bits_per_second":	441599511.01173931,
					"retransmits":	0,
					"snd_cwnd":	14280,
					"snd_wnd":	2856,
					"rtt":	52,
					"rttvar":	1,
					"pmtu":	1500,
					"omitted":	false,
					"sender":	true
				}],
			"sum":	{
				"start":	9.000012,
				"end":	10.000027,
				"seconds":	1.0000150203704834,
				"bytes":	55200768,
				"bits_per_second":	441599511.01173931,
				"retransmits":	0,
				"omitted":	false,
				"sender":	true
			}
		}],
	"end":	{
		"streams":	[{
				"sender":	{
					"socket":	6,
					"start":	0,
					"end":	10.000027,
					"seconds":	10.000027,
					"bytes":	542294424,
					"bits_per_second":	433834367.84720683,
					"retransmits":	1,
					"max_snd_cwnd":	14280,
					"max_snd_wnd":	2856,
					"max_rtt":	55,
					"min_rtt":	49,
					"mean_rtt":	51,
					"sender":	true
				},
				"receiver":	{
					"socket":	6,
					"start":	0,
					"end":	10.000103,
					"seconds":	10.000027,
					"bytes":	542291568,
					"bits_per_second":	433828785.96350461,
					"sender":	true
				}
			}],
		"sum_sent":	{
			"start":	0,
			"end":	10.000027,
			"seconds":	10.000027,
			"bytes":	542294424,
			"bits_per_second":	433834367.84720683,
			"retransmits":	1,
			"sender":	true
		},
		"sum_received":	{
			"start":	0,
			"end":	10.000103,
			"seconds":	10.000103,
			"bytes":	542291568,
			"bits_per_second":	433828785.96350461,
			"sender":	true
		},
		"cpu_utilization_percent":	{
			"host_total":	11.482490191459982,
			"host_user":	1.3901713450266673,
			"host_system":	10.092308848940686,
			"remote_total":	9.43456621977158,
			"remote_user":	0.43979516225321524,
			"remote_system":	8.99478105740837
		},
		"sender_tcp_congestion":	"cubic",
		"receiver_tcp_congestion":	"cubic"
	}
}
