{
	"start":	{
		"connected":	[{
				"socket":	6,
				"local_host":	"fe80::e63d:1aff:fe72:f1",
				"local_port":	33724,
				"remote_host":	"fe80::e63d:1aff:fe72:f0",
				"remote_port":	5201
			}],
		"version":	"iperf 3.10.1",
		"system_info":	"Linux ryan 5.10.89 #1-NixOS SMP Wed Dec 29 11:26:08 UTC 2021 x86_64",
		"timestamp":	{
			"time":	"Wed, 12 Jan 2022 16:50:13 GMT",
			"timesecs":	1642006213
		},
		"connecting_to":	{
			"host":	"fe80::e63d:1aff:fe72:f0%swissknife1",
			"port":	5201
		},
		"cookie":	"notrpy6eo7letuo3wzdwlvcuy5dp4go6mwkm",
		"tcp_mss_default":	1428,
		"sock_bufsize":	32768,
		"sndbuf_actual":	65536,
		"rcvbuf_actual":	65536,
		"test_start":	{
			"protocol":	"TCP",
			"num_streams":	1,
			"blksize":	131072,
			"omit":	0,
			"duration":	10,
			"bytes":	0,
			"blocks":	0,
			"reverse":	1,
			"tos":	0
		}
	},
	"intervals":	[{
			"streams":	[{
					"socket":	6,
					"start":	0,
					"end":	1.000021,
					"seconds":	1.0000209808349609,
					"bytes":	485086076,
					"bits_per_second":	3880607189.6210065,
					"omitted":	false,
					"sender":	false
				}],
			"sum":	{
				"start":	0,
				"end":	1.000021,
				"seconds":	1.0000209808349609,
				"bytes":	485086076,
				"bits_per_second":	3880607189.6210065,
				"omitted":	false,
				"sender":	false
			}
		}, {
			"streams":	[{
					"socket":	6,
					"start":	1.000021,
					"end":	2.000026,
					"seconds":	1.0000050067901611,
					"bytes":	495400332,
					"bits_per_second":	3963182813.1752844,
					"omitted":	false,
					"sender":	false
				}],
			"sum":	{
				"start":	1.000021,
				"end":	2.000026,
				"seconds":	1.0000050067901611,
				"bytes":	495400332,
				"bits_per_second":	3963182813.1752844,
				"omitted":	false,
				"sender":	false
			}
		}, {
			"streams":	[{
					"socket":	6,
					"start":	2.000026,
					"end":	3.000008,
					"seconds":	0.99998199939727783,
					"bytes":	491281980,
					"bits_per_second":	3930326588.2474833,
					"omitted":	false,
					"sender":	false
				}],
			"sum":	{
				"start":	2.000026,
				"end":	3.000008,
				"seconds":	0.99998199939727783,
				"bytes":	491281980,
				"bits_per_second":	3930326588.2474833,
				"omitted":	false,
				"sender":	false
			}
		}, {
			"streams":	[{
					"socket":	6,
					"start":	3.000008,
					"end":	4.000007,
					"seconds":	0.99999898672103882,
					"bytes":	500392620,
					"bits_per_second":	4003145016.3026237,
					"omitted":	false,
					"sender":	false
				}],
			"sum":	{
				"start":	3.000008,
				"end":	4.000007,
				"seconds":	0.99999898672103882,
				"bytes":	500392620,
				"bits_per_second":	4003145016.3026237,
				"omitted":	false,
				"sender":	false
			}
		}, {
			"streams":	[{
					"socket":	6,
					"start":	4.000007,
					"end":	5.000021,
					"seconds":	1.0000139474868774,
					"bytes":	471910288,
					"bits_per_second":	3775229649.0340109,
					"omitted":	false,
					"sender":	false
				}],
			"sum":	{
				"start":	4.000007,
				"end":	5.000021,
				"seconds":	1.0000139474868774,
				"bytes":	471910288,
				"bits_per_second":	3775229649.0340109,
				"omitted":	false,
				"sender":	false
			}
		}, {
			"streams":	[{
					"socket":	6,
					"start":	5.000021,
					"end":	6.000004,
					"seconds":	0.999983012676239,
					"bytes":	489267072,
					"bits_per_second":	3914203067.83478,
					"omitted":	false,
					"sender":	false
				}],
			"sum":	{
				"start":	5.000021,
				"end":	6.000004,
				"seconds":	0.999983012676239,
				"bytes":	489267072,
				"bits_per_second":	3914203067.83478,
				"omitted":	false,
				"sender":	false
			}
		}, {
			"streams":	[{
					"socket":	6,
					"start":	6.000004,
					"end":	7.000027,
					"seconds":	1.0000230073928833,
					"bytes":	476347956,
					"bits_per_second":	3810695973.8205714,
					"omitted":	false,
					"sender":	false
				}],
			"sum":	{
				"start":	6.000004,
				"end":	7.000027,
				"seconds":	1.0000230073928833,
				"bytes":	476347956,
				"bits_per_second":	3810695973.8205714,
				"omitted":	false,
				"sender":	false
			}
		}, {
			"streams":	[{
					"socket":	6,
					"start":	7.000027,
					"end":	8.000017,
					"seconds":	0.99998998641967773,
					"bytes":	496649668,
					"bits_per_second":	3973237130.329144,
					"omitted":	false,
					"sender":	false
				}],
			"sum":	{
				"start":	7.000027,
				"end":	8.000017,
				"seconds":	0.99998998641967773,
				"bytes":	496649668,
				"bits_per_second":	3973237130.329144,
				"omitted":	false,
				"sender":	false
			}
		}, {
			"streams":	[{
					"socket":	6,
					"start":	8.000017,
					"end":	9.000021,
					"seconds":	1.0000040531158447,
					"bytes":	482466936,
					"bits_per_second":	3859719844.1083436,
					"omitted":	false,
					"sender":	false
				}],
			"sum":	{
				"start":	8.000017,
				"end":	9.000021,
				"seconds":	1.0000040531158447,
				"bytes":	482466936,
				"bits_per_second":	3859719844.1083436,
				"omitted":	false,
				"sender":	false
			}
		}, {
			"streams":	[{
					"socket":	6,
					"start":	9.000021,
					"end":	10.000022,
					"seconds":	1.0000009536743164,
					"bytes":	488381212,
					"bits_per_second":	3907045969.9506054,
					"omitted":	false,
					"sender":	false
				}],
			"sum":	{
				"start":	9.000021,
				"end":	10.000022,
				"seconds":	1.0000009536743164,
				"bytes":	488381212,
				"bits_per_second":	3907045969.9506054,
				"omitted":	false,
				"sender":	false
			}
		}],
	"end":	{
		"streams":	[{
				"sender":	{
					"socket":	6,
					"start":	0,
					"end":	10.000118,
					"seconds":	10.000118,
					"bytes":	4877245544,
					"bits_per_second":	3901750394.5453444,
					"retransmits":	3,
					"max_snd_cwnd":	0,
					"max_snd_wnd":	0,
					"max_rtt":	0,
					"min_rtt":	0,
					"mean_rtt":	0,
					"sender":	false
				},
				"receiver":	{
					"socket":	6,
					"start":	0,
					"end":	10.000022,
					"seconds":	10.000022,
					"bytes":	4877184140,
					"bits_per_second":	3901738728.174798,
					"sender":	false
				}
			}],
		"sum_sent":	{
			"start":	0,
			"end":	10.000118,
			"seconds":	10.000118,
			"bytes":	4877245544,
			"bits_per_second":	3901750394.5453444,
			"retransmits":	3,
			"sender":	false
		},
		"sum_received":	{
			"start":	0,
			"end":	10.000022,
			"seconds":	10.000022,
			"bytes":	4877184140,
			"bits_per_second":	3901738728.174798,
			"sender":	false
		},
		"cpu_utilization_percent":	{
			"host_total":	24.618277622400765,
			"host_user":	1.5018141167467536,
			"host_system":	23.116463505654011,
			"remote_total":	13.025437182035224,
			"remote_user":	1.8515668554143074,
			"remote_system":	11.173870326620918
		},
		"sender_tcp_congestion":	"cubic",
		"receiver_tcp_congestion":	"cubic"
	}
}
