{
	"start":	{
		"connected":	[{
				"socket":	6,
				"local_host":	"fe80::e63d:1aff:fe72:f1",
				"local_port":	44854,
				"remote_host":	"fe80::e63d:1aff:fe72:f0",
				"remote_port":	5201
			}],
		"version":	"iperf 3.10.1",
		"system_info":	"Linux ryan 5.10.89 #1-NixOS SMP Wed Dec 29 11:26:08 UTC 2021 x86_64",
		"timestamp":	{
			"time":	"Thu, 13 Jan 2022 01:41:36 GMT",
			"timesecs":	1642038096
		},
		"connecting_to":	{
			"host":	"fe80::e63d:1aff:fe72:f0%swissknife1",
			"port":	5201
		},
		"cookie":	"lvpt6ujqta6hi5zjqnz4mzeuiypvw33onyur",
		"tcp_mss_default":	1428,
		"sock_bufsize":	32768,
		"sndbuf_actual":	65536,
		"rcvbuf_actual":	65536,
		"test_start":	{
			"protocol":	"TCP",
			"num_streams":	1,
			"blksize":	131072,
			"omit":	0,
			"duration":	10,
			"bytes":	0,
			"blocks":	0,
			"reverse":	0,
			"tos":	0
		}
	},
	"intervals":	[{
			"streams":	[{
					"socket":	6,
					"start":	0,
					"end":	1.000001,
					"seconds":	1.0000009536743164,
					"bytes":	460108740,
					"bits_per_second":	3680866409.6522431,
					"retransmits":	0,
					"snd_cwnd":	59976,
					"snd_wnd":	29988,
					"rtt":	64,
					"rttvar":	2,
					"pmtu":	1500,
					"omitted":	false,
					"sender":	true
				}],
			"sum":	{
				"start":	0,
				"end":	1.000001,
				"seconds":	1.0000009536743164,
				"bytes":	460108740,
				"bits_per_second":	3680866409.6522431,
				"retransmits":	0,
				"omitted":	false,
				"sender":	true
			}
		}, {
			"streams":	[{
					"socket":	6,
					"start":	1.000001,
					"end":	2.000035,
					"seconds":	1.000033974647522,
					"bytes":	465055332,
					"bits_per_second":	3720316259.566411,
					"retransmits":	0,
					"snd_cwnd":	59976,
					"snd_wnd":	29988,
					"rtt":	61,
					"rttvar":	3,
					"pmtu":	1500,
					"omitted":	false,
					"sender":	true
				}],
			"sum":	{
				"start":	1.000001,
				"end":	2.000035,
				"seconds":	1.000033974647522,
				"bytes":	465055332,
				"bits_per_second":	3720316259.566411,
				"retransmits":	0,
				"omitted":	false,
				"sender":	true
			}
		}, {
			"streams":	[{
					"socket":	6,
					"start":	2.000035,
					"end":	3.000036,
					"seconds":	1.0000009536743164,
					"bytes":	475106100,
					"bits_per_second":	3800845175.231576,
					"retransmits":	0,
					"snd_cwnd":	59976,
					"snd_wnd":	29988,
					"rtt":	61,
					"rttvar":	3,
					"pmtu":	1500,
					"omitted":	false,
					"sender":	true
				}],
			"sum":	{
				"start":	2.000035,
				"end":	3.000036,
				"seconds":	1.0000009536743164,
				"bytes":	475106100,
				"bits_per_second":	3800845175.231576,
				"retransmits":	0,
				"omitted":	false,
				"sender":	true
			}
		}, {
			"streams":	[{
					"socket":	6,
					"start":	3.000036,
					"end":	4.000021,
					"seconds":	0.9999849796295166,
					"bytes":	473943204,
					"bits_per_second":	3791602583.2755265,
					"retransmits":	0,
					"snd_cwnd":	59976,
					"snd_wnd":	29988,
					"rtt":	63,
					"rttvar":	2,
					"pmtu":	1500,
					"omitted":	false,
					"sender":	true
				}],
			"sum":	{
				"start":	3.000036,
				"end":	4.000021,
				"seconds":	0.9999849796295166,
				"bytes":	473943204,
				"bits_per_second":	3791602583.2755265,
				"retransmits":	0,
				"omitted":	false,
				"sender":	true
			}
		}, {
			"streams":	[{
					"socket":	6,
					"start":	4.000021,
					"end":	5.000011,
					"seconds":	0.99998998641967773,
					"bytes":	473930352,
					"bits_per_second":	3791480782.2973537,
					"retransmits":	0,
					"snd_cwnd":	59976,
					"snd_wnd":	29988,
					"rtt":	64,
					"rttvar":	3,
					"pmtu":	1500,
					"omitted":	false,
					"sender":	true
				}],
			"sum":	{
				"start":	4.000021,
				"end":	5.000011,
				"seconds":	0.99998998641967773,
				"bytes":	473930352,
				"bits_per_second":	3791480782.2973537,
				"retransmits":	0,
				"omitted":	false,
				"sender":	true
			}
		}, {
			"streams":	[{
					"socket":	6,
					"start":	5.000011,
					"end":	6.000043,
					"seconds":	1.0000319480895996,
					"bytes":	474621504,
					"bits_per_second":	3796850729.8726859,
					"retransmits":	0,
					"snd_cwnd":	59976,
					"snd_wnd":	29988,
					"rtt":	62,
					"rttvar":	3,
					"pmtu":	1500,
					"omitted":	false,
					"sender":	true
				}],
			"sum":	{
				"start":	5.000011,
				"end":	6.000043,
				"seconds":	1.0000319480895996,
				"bytes":	474621504,
				"bits_per_second":	3796850729.8726859,
				"retransmits":	0,
				"omitted":	false,
				"sender":	true
			}
		}, {
			"streams":	[{
					"socket":	6,
					"start":	6.000043,
					"end":	7.000019,
					"seconds":	0.99997597932815552,
					"bytes":	474861408,
					"bits_per_second":	3798982518.11241,
					"retransmits":	0,
					"snd_cwnd":	59976,
					"snd_wnd":	29988,
					"rtt":	64,
					"rttvar":	3,
					"pmtu":	1500,
					"omitted":	false,
					"sender":	true
				}],
			"sum":	{
				"start":	6.000043,
				"end":	7.000019,
				"seconds":	0.99997597932815552,
				"bytes":	474861408,
				"bits_per_second":	3798982518.11241,
				"retransmits":	0,
				"omitted":	false,
				"sender":	true
			}
		}, {
			"streams":	[{
					"socket":	6,
					"start":	7.000019,
					"end":	8.000019,
					"seconds":	1,
					"bytes":	476422212,
					"bits_per_second":	3811377696,
					"retransmits":	0,
					"snd_cwnd":	59976,
					"snd_wnd":	29988,
					"rtt":	64,
					"rttvar":	2,
					"pmtu":	1500,
					"omitted":	false,
					"sender":	true
				}],
			"sum":	{
				"start":	7.000019,
				"end":	8.000019,
				"seconds":	1,
				"bytes":	476422212,
				"bits_per_second":	3811377696,
				"retransmits":	0,
				"omitted":	false,
				"sender":	true
			}
		}, {
			"streams":	[{
					"socket":	6,
					"start":	8.000019,
					"end":	9.000003,
					"seconds":	0.9999840259552002,
					"bytes":	479331048,
					"bits_per_second":	3834709639.8235807,
					"retransmits":	0,
					"snd_cwnd":	59976,
					"snd_wnd":	29988,
					"rtt":	64,
					"rttvar":	3,
					"pmtu":	1500,
					"omitted":	false,
					"sender":	true
				}],
			"sum":	{
				"start":	8.000019,
				"end":	9.000003,
				"seconds":	0.9999840259552002,
				"bytes":	479331048,
				"bits_per_second":	3834709639.8235807,
				"retransmits":	0,
				"omitted":	false,
				"sender":	true
			}
		}, {
			"streams":	[{
					"socket":	6,
					"start":	9.000003,
					"end":	10.00002,
					"seconds":	1.0000170469284058,
					"bytes":	475415472,
					"bits_per_second":	3803258942.117105,
					"retransmits":	0,
					"snd_cwnd":	59976,
					"snd_wnd":	29988,
					"rtt":	63,
					"rttvar":	2,
					"pmtu":	1500,
					"omitted":	false,
					"sender":	true
				}],
			"sum":	{
				"start":	9.000003,
				"end":	10.00002,
				"seconds":	1.0000170469284058,
				"bytes":	475415472,
				"bits_per_second":	3803258942.117105,
				"retransmits":	0,
				"omitted":	false,
				"sender":	true
			}
		}],
	"end":	{
		"streams":	[{
				"sender":	{
					"socket":	6,
					"start":	0,
					"end":	10.00002,
					"seconds":	10.00002,
					"bytes":	4728795372,
					"bits_per_second":	3783028731.5425372,
					"retransmits":	0,
					"max_snd_cwnd":	59976,
					"max_snd_wnd":	29988,
					"max_rtt":	64,
					"min_rtt":	61,
					"mean_rtt":	63,
					"sender":	true
				},
				"receiver":	{
					"socket":	6,
					"start":	0,
					"end":	10.000113,
					"seconds":	10.00002,
					"bytes":	4728763956,
					"bits_per_second":	3782968417.2568846,
					"sender":	true
				}
			}],
		"sum_sent":	{
			"start":	0,
			"end":	10.00002,
			"seconds":	10.00002,
			"bytes":	4728795372,
			"bits_per_second":	3783028731.5425372,
			"retransmits":	0,
			"sender":	true
		},
		"sum_received":	{
			"start":	0,
			"end":	10.000113,
			"seconds":	10.000113,
			"bytes":	4728763956,
			"bits_per_second":	3782968417.2568846,
			"sender":	true
		},
		"cpu_utilization_percent":	{
			"host_total":	10.535788587809453,
			"host_user":	1.0850776627921415,
			"host_system":	9.4507009276186338,
			"remote_total":	20.592940825416012,
			"remote_user":	1.4211628039300725,
			"remote_system":	19.171778021485942
		},
		"sender_tcp_congestion":	"cubic",
		"receiver_tcp_congestion":	"cubic"
	}
}
