{
	"start":	{
		"connected":	[{
				"socket":	6,
				"local_host":	"fe80::e63d:1aff:fe72:f1",
				"local_port":	44870,
				"remote_host":	"fe80::e63d:1aff:fe72:f0",
				"remote_port":	5201
			}],
		"version":	"iperf 3.10.1",
		"system_info":	"Linux ryan 5.10.89 #1-NixOS SMP Wed Dec 29 11:26:08 UTC 2021 x86_64",
		"timestamp":	{
			"time":	"Thu, 13 Jan 2022 01:42:16 GMT",
			"timesecs":	1642038136
		},
		"connecting_to":	{
			"host":	"fe80::e63d:1aff:fe72:f0%swissknife1",
			"port":	5201
		},
		"cookie":	"vasqu3fat4wjk5ituxlj3z7dlvzfms2l7eiz",
		"tcp_mss_default":	1428,
		"sock_bufsize":	524288,
		"sndbuf_actual":	1048576,
		"rcvbuf_actual":	1048576,
		"test_start":	{
			"protocol":	"TCP",
			"num_streams":	1,
			"blksize":	131072,
			"omit":	0,
			"duration":	10,
			"bytes":	0,
			"blocks":	0,
			"reverse":	0,
			"tos":	0
		}
	},
	"intervals":	[{
			"streams":	[{
					"socket":	6,
					"start":	0,
					"end":	1.000054,
					"seconds":	1.0000540018081665,
					"bytes":	1161286728,
					"bits_per_second":	9289792158.4259548,
					"retransmits":	0,
					"snd_cwnd":	536928,
					"snd_wnd":	511616,
					"rtt":	394,
					"rttvar":	8,
					"pmtu":	1500,
					"omitted":	false,
					"sender":	true
				}],
			"sum":	{
				"start":	0,
				"end":	1.000054,
				"seconds":	1.0000540018081665,
				"bytes":	1161286728,
				"bits_per_second":	9289792158.4259548,
				"retransmits":	0,
				"omitted":	false,
				"sender":	true
			}
		}, {
			"streams":	[{
					"socket":	6,
					"start":	1.000054,
					"end":	2.000056,
					"seconds":	1.0000020265579224,
					"bytes":	1160535600,
					"bits_per_second":	9284265984.8972149,
					"retransmits":	0,
					"snd_cwnd":	536928,
					"snd_wnd":	511616,
					"rtt":	394,
					"rttvar":	8,
					"pmtu":	1500,
					"omitted":	false,
					"sender":	true
				}],
			"sum":	{
				"start":	1.000054,
				"end":	2.000056,
				"seconds":	1.0000020265579224,
				"bytes":	1160535600,
				"bits_per_second":	9284265984.8972149,
				"retransmits":	0,
				"omitted":	false,
				"sender":	true
			}
		}, {
			"streams":	[{
					"socket":	6,
					"start":	2.000056,
					"end":	3.000055,
					"seconds":	0.99999898672103882,
					"bytes":	1160535600,
					"bits_per_second":	9284294207.57999,
					"retransmits":	0,
					"snd_cwnd":	536928,
					"snd_wnd":	511616,
					"rtt":	394,
					"rttvar":	8,
					"pmtu":	1500,
					"omitted":	false,
					"sender":	true
				}],
			"sum":	{
				"start":	2.000056,
				"end":	3.000055,
				"seconds":	0.99999898672103882,
				"bytes":	1160535600,
				"bits_per_second":	9284294207.57999,
				"retransmits":	0,
				"omitted":	false,
				"sender":	true
			}
		}, {
			"streams":	[{
					"socket":	6,
					"start":	3.000055,
					"end":	4.000058,
					"seconds":	1.0000029802322388,
					"bytes":	1160664120,
					"bits_per_second":	9285285287.69344,
					"retransmits":	0,
					"snd_cwnd":	536928,
					"snd_wnd":	511616,
					"rtt":	393,
					"rttvar":	7,
					"pmtu":	1500,
					"omitted":	false,
					"sender":	true
				}],
			"sum":	{
				"start":	3.000055,
				"end":	4.000058,
				"seconds":	1.0000029802322388,
				"bytes":	1160664120,
				"bits_per_second":	9285285287.69344,
				"retransmits":	0,
				"omitted":	false,
				"sender":	true
			}
		}, {
			"streams":	[{
					"socket":	6,
					"start":	4.000058,
					"end":	5.000055,
					"seconds":	0.99999701976776123,
					"bytes":	1160664120,
					"bits_per_second":	9285340632.4715,
					"retransmits":	0,
					"snd_cwnd":	536928,
					"snd_wnd":	511616,
					"rtt":	390,
					"rttvar":	8,
					"pmtu":	1500,
					"omitted":	false,
					"sender":	true
				}],
			"sum":	{
				"start":	4.000058,
				"end":	5.000055,
				"seconds":	0.99999701976776123,
				"bytes":	1160664120,
				"bits_per_second":	9285340632.4715,
				"retransmits":	0,
				"omitted":	false,
				"sender":	true
			}
		}, {
			"streams":	[{
					"socket":	6,
					"start":	5.000055,
					"end":	6.000003,
					"seconds":	0.999948024749756,
					"bytes":	1160664120,
					"bits_per_second":	9285795591.54959,
					"retransmits":	0,
					"snd_cwnd":	536928,
					"snd_wnd":	511616,
					"rtt":	395,
					"rttvar":	8,
					"pmtu":	1500,
					"omitted":	false,
					"sender":	true
				}],
			"sum":	{
				"start":	5.000055,
				"end":	6.000003,
				"seconds":	0.999948024749756,
				"bytes":	1160664120,
				"bits_per_second":	9285795591.54959,
				"retransmits":	0,
				"omitted":	false,
				"sender":	true
			}
		}, {
			"streams":	[{
					"socket":	6,
					"start":	6.000003,
					"end":	7.000055,
					"seconds":	1.0000519752502441,
					"bytes":	1160535600,
					"bits_per_second":	9283802272.0536938,
					"retransmits":	0,
					"snd_cwnd":	536928,
					"snd_wnd":	511616,
					"rtt":	395,
					"rttvar":	8,
					"pmtu":	1500,
					"omitted":	false,
					"sender":	true
				}],
			"sum":	{
				"start":	6.000003,
				"end":	7.000055,
				"seconds":	1.0000519752502441,
				"bytes":	1160535600,
				"bits_per_second":	9283802272.0536938,
				"retransmits":	0,
				"omitted":	false,
				"sender":	true
			}
		}, {
			"streams":	[{
					"socket":	6,
					"start":	7.000055,
					"end":	8.000054,
					"seconds":	0.99999898672103882,
					"bytes":	1160664120,
					"bits_per_second":	9285322368.6218033,
					"retransmits":	0,
					"snd_cwnd":	536928,
					"snd_wnd":	511616,
					"rtt":	395,
					"rttvar":	8,
					"pmtu":	1500,
					"omitted":	false,
					"sender":	true
				}],
			"sum":	{
				"start":	7.000055,
				"end":	8.000054,
				"seconds":	0.99999898672103882,
				"bytes":	1160664120,
				"bits_per_second":	9285322368.6218033,
				"retransmits":	0,
				"omitted":	false,
				"sender":	true
			}
		}, {
			"streams":	[{
					"socket":	6,
					"start":	8.000054,
					"end":	9.000054,
					"seconds":	1,
					"bytes":	1159957260,
					"bits_per_second":	9279658080,
					"retransmits":	0,
					"snd_cwnd":	536928,
					"snd_wnd":	511616,
					"rtt":	394,
					"rttvar":	8,
					"pmtu":	1500,
					"omitted":	false,
					"sender":	true
				}],
			"sum":	{
				"start":	8.000054,
				"end":	9.000054,
				"seconds":	1,
				"bytes":	1159957260,
				"bits_per_second":	9279658080,
				"retransmits":	0,
				"omitted":	false,
				"sender":	true
			}
		}, {
			"streams":	[{
					"socket":	6,
					"start":	9.000054,
					"end":	10.000064,
					"seconds":	1.0000100135803223,
					"bytes":	1160535600,
					"bits_per_second":	9284191831.9993629,
					"retransmits":	0,
					"snd_cwnd":	536928,
					"snd_wnd":	511616,
					"rtt":	395,
					"rttvar":	7,
					"pmtu":	1500,
					"omitted":	false,
					"sender":	true
				}],
			"sum":	{
				"start":	9.000054,
				"end":	10.000064,
				"seconds":	1.0000100135803223,
				"bytes":	1160535600,
				"bits_per_second":	9284191831.9993629,
				"retransmits":	0,
				"omitted":	false,
				"sender":	true
			}
		}],
	"end":	{
		"streams":	[{
				"sender":	{
					"socket":	6,
					"start":	0,
					"end":	10.000064,
					"seconds":	10.000064,
					"bytes":	11606042868,
					"bits_per_second":	9284774871.84082,
					"retransmits":	0,
					"max_snd_cwnd":	536928,
					"max_snd_wnd":	511616,
					"max_rtt":	395,
					"min_rtt":	390,
					"mean_rtt":	393,
					"sender":	true
				},
				"receiver":	{
					"socket":	6,
					"start":	0,
					"end":	10.00019,
					"seconds":	10.000064,
					"bytes":	11605447392,
					"bits_per_second":	9284181514.15123,
					"sender":	true
				}
			}],
		"sum_sent":	{
			"start":	0,
			"end":	10.000064,
			"seconds":	10.000064,
			"bytes":	11606042868,
			"bits_per_second":	9284774871.84082,
			"retransmits":	0,
			"sender":	true
		},
		"sum_received":	{
			"start":	0,
			"end":	10.00019,
			"seconds":	10.00019,
			"bytes":	11605447392,
			"bits_per_second":	9284181514.15123,
			"sender":	true
		},
		"cpu_utilization_percent":	{
			"host_total":	6.6383434518378222,
			"host_user":	0.31736650087362012,
			"host_system":	6.3209769509642,
			"remote_total":	33.648353951604129,
			"remote_user":	1.2095567765098909,
			"remote_system":	32.438797175094237
		},
		"sender_tcp_congestion":	"cubic",