{
	"start":	{
		"connected":	[{
				"socket":	6,
				"local_host":	"fe80::e63d:1aff:fe72:f1",
				"local_port":	50485,
				"remote_host":	"fe80::e63d:1aff:fe72:f0",
				"remote_port":	5201
			}],
		"version":	"iperf 3.10.1",
		"system_info":	"Linux ryan 5.10.89 #1-NixOS SMP Wed Dec 29 11:26:08 UTC 2021 x86_64",
		"timestamp":	{
			"time":	"Wed, 12 Jan 2022 16:49:13 GMT",
			"timesecs":	1642006153
		},
		"connecting_to":	{
			"host":	"fe80::e63d:1aff:fe72:f0%swissknife1",
			"port":	5201
		},
		"cookie":	"erswzcipbvnzlhbhtq6c7rucp6zn6wheouxv",
		"sock_bufsize":	0,
		"sndbuf_actual":	212992,
		"rcvbuf_actual":	212992,
		"test_start":	{
			"protocol":	"UDP",
			"num_streams":	1,
			"blksize":	1428,
			"omit":	0,
			"duration":	10,
			"bytes":	0,
			"blocks":	0,
			"reverse":	0,
			"tos":	0
		}
	},
	"intervals":	[{
			"streams":	[{
					"socket":	6,
					"start":	0,
					"end":	1.000003,
					"seconds":	1.0000029802322388,
					"bytes":	545545980,
					"bits_per_second":	4364354833.2090244,
					"packets":	382035,
					"omitted":	false,
					"sender":	true
				}],
			"sum":	{
				"start":	0,
				"end":	1.000003,
				"seconds":	1.0000029802322388,
				"bytes":	545545980,
				"bits_per_second":	4364354833.2090244,
				"packets":	382035,
				"omitted":	false,
				"sender":	true
			}
		}, {
			"streams":	[{
					"socket":	6,
					"start":	1.000003,
					"end":	2.000003,
					"seconds":	1,
					"bytes":	532559748,
					"bits_per_second":	4260477984,
					"packets":	372941,
					"omitted":	false,
					"sender":	true
				}],
			"sum":	{
				"start":	1.000003,
				"end":	2.000003,
				"seconds":	1,
				"bytes":	532559748,
				"bits_per_second":	4260477984,
				"packets":	372941,
				"omitted":	false,
				"sender":	true
			}
		}, {
			"streams":	[{
					"socket":	6,
					"start":	2.000003,
					"end":	3.000001,
					"seconds":	0.99999797344207764,
					"bytes":	606425904,
					"bits_per_second":	4851417063.6776848,
					"packets":	424668,
					"omitted":	false,
					"sender":	true
				}],
			"sum":	{
				"start":	2.000003,
				"end":	3.000001,
				"seconds":	0.99999797344207764,
				"bytes":	606425904,
				"bits_per_second":	4851417063.6776848,
				"packets":	424668,
				"omitted":	false,
				"sender":	true
			}
		}, {
			"streams":	[{
					"socket":	6,
					"start":	3.000001,
					"end":	4.000009,
					"seconds":	1.0000079870224,
					"bytes":	536549580,
					"bits_per_second":	4292362356.8057079,
					"packets":	375735,
					"omitted":	false,
					"sender":	true
				}],
			"sum":	{
				"start":	3.000001,
				"end":	4.000009,
				"seconds":	1.0000079870224,
				"bytes":	536549580,
				"bits_per_second":	4292362356.8057079,
				"packets":	375735,
				"omitted":	false,
				"sender":	true
			}
		}, {
			"streams":	[{
					"socket":	6,
					"start":	4.000009,
					"end":	5.000001,
					"seconds":	0.9999920129776,
					"bytes":	598697568,
					"bits_per_second":	4789618798.7926331,
					"packets":	419256,
					"omitted":	false,
					"sender":	true
				}],
			"sum":	{
				"start":	4.000009,
				"end":	5.000001,
				"seconds":	0.9999920129776,
				"bytes":	598697568,
				"bits_per_second":	4789618798.7926331,
				"packets":	419256,
				"omitted":	false,
				"sender":	true
			}
		}, {
			"streams":	[{
					"socket":	6,
					"start":	5.000001,
					"end":	6.000002,
					"seconds":	1.0000009536743164,
					"bytes":	616674660,
					"bits_per_second":	4933392575.1502085,
					"packets":	431845,
					"omitted":	false,
					"sender":	true
				}],
			"sum":	{
				"start":	5.000001,
				"end":	6.000002,
				"seconds":	1.0000009536743164,
				"bytes":	616674660,
				"bits_per_second":	4933392575.1502085,
				"packets":	431845,
				"omitted":	false,
				"sender":	true
			}
		}, {
			"streams":	[{
					"socket":	6,
					"start":	6.000002,
					"end":	7.000004,
					"seconds":	1.0000020265579224,
					"bytes":	535075884,
					"bits_per_second":	4280598397.1194057,
					"packets":	374703,
					"omitted":	false,
					"sender":	true
				}],
			"sum":	{
				"start":	6.000002,
				"end":	7.000004,
				"seconds":	1.0000020265579224,
				"bytes":	535075884,
				"bits_per_second":	4280598397.1194057,
				"packets":	374703,
				"omitted":	false,
				"sender":	true
			}
		}, {
			"streams":	[{
					"socket":	6,
					"start":	7.000004,
					"end":	8.000002,
					"seconds":	0.99999797344207764,
					"bytes":	533774976,
					"bits_per_second":	4270208461.8247886,
					"packets":	373792,
					"omitted":	false,
					"sender":	true
				}],
			"sum":	{
				"start":	7.000004,
				"end":	8.000002,
				"seconds":	0.99999797344207764,
				"bytes":	533774976,
				"bits_per_second":	4270208461.8247886,
				"packets":	373792,
				"omitted":	false,
				"sender":	true
			}
		}, {
			"streams":	[{
					"socket":	6,
					"start":	8.000002,
					"end":	9.000003,
					"seconds":	1.0000009536743164,
					"bytes":	557009964,
					"bits_per_second":	4456075462.35528,
					"packets":	390063,
					"omitted":	false,
					"sender":	true
				}],
			"sum":	{
				"start":	8.000002,
				"end":	9.000003,
				"seconds":	1.0000009536743164,
				"bytes":	557009964,
				"bits_per_second":	4456075462.35528,
				"packets":	390063,
				"omitted":	false,
				"sender":	true
			}
		}, {
			"streams":	[{
					"socket":	6,
					"start":	9.000003,
					"end":	10.000004,
					"seconds":	1.0000009536743164,
					"bytes":	514427004,
					"bits_per_second":	4115412107.2371721,
					"packets":	360243,
					"omitted":	false,
					"sender":	true
				}],
			"sum":	{
				"start":	9.000003,
				"end":	10.000004,
				"seconds":	1.0000009536743164,
				"bytes":	514427004,
				"bits_per_second":	4115412107.2371721,
				"packets":	360243,
				"omitted":	false,
				"sender":	true
			}
		}],
	"end":	{
		"streams":	[{
				"udp":	{
					"socket":	6,
					"start":	0,
					"end":	10.000004,
					"seconds":	10.000004,
					"bytes":	5576741268,
					"bits_per_second":	4461391229.8435078,
					"jitter_ms":	0.002208468685708283,
					"lost_packets":	3019295,
					"packets":	3905281,
					"lost_percent":	77.313130604430256,
					"out_of_order":	0,
					"sender":	true
				}
			}],
		"sum":	{
			"start":	0,
			"end":	10.206764,
			"seconds":	10.206764,
			"bytes":	5576741268,
			"bits_per_second":	4461391229.8435078,
			"jitter_ms":	0.002208468685708283,
			"lost_packets":	3019295,
			"packets":	3905281,
			"lost_percent":	77.313130604430256,
			"sender":	true
		},
		"cpu_utilization_percent":	{
			"host_total":	99.8005012118319,
			"host_user":	10.583165226114293,
			"host_system":	89.2173359857176,
			"remote_total":	19.015839486928773,
			"remote_user":	2.7700633990968742,
			"remote_system":	16.2457760878319
		}
	}
}
