{
	"start":	{
		"connected":	[{
				"socket":	6,
				"local_host":	"fe80::e63d:1aff:fe72:f1",
				"local_port":	32914,
				"remote_host":	"fe80::e63d:1aff:fe72:f0",
				"remote_port":	5201
			}],
		"version":	"iperf 3.10.1",
		"system_info":	"Linux ryan 5.10.89 #1-NixOS SMP Wed Dec 29 11:26:08 UTC 2021 x86_64",
		"timestamp":	{
			"time":	"Thu, 13 Jan 2022 15:39:55 GMT",
			"timesecs":	1642088395
		},
		"connecting_to":	{
			"host":	"fe80::e63d:1aff:fe72:f0%swissknife1",
			"port":	5201
		},
		"cookie":	"iis7vw45icyg5mxojfeoiowp4deoc2q2pgij",
		"tcp_mss_default":	1428,
		"sock_bufsize":	131072,
		"sndbuf_actual":	262144,
		"rcvbuf_actual":	262144,
		"test_start":	{
			"protocol":	"TCP",
			"num_streams":	1,
			"blksize":	131072,
			"omit":	0,
			"duration":	10,
			"bytes":	0,
			"blocks":	0,
			"reverse":	0,
			"tos":	0
		}
	},
	"intervals":	[{
			"streams":	[{
					"socket":	6,
					"start":	0,
					"end":	1.000067,
					"seconds":	1.0000669956207275,
					"bytes":	1130280524,
					"bits_per_second":	9041638441.8201962,
					"retransmits":	0,
					"snd_cwnd":	185640,
					"snd_wnd":	128640,
					"rtt":	109,
					"rttvar":	5,
					"pmtu":	1500,
					"omitted":	false,
					"sender":	true
				}],
			"sum":	{
				"start":	0,
				"end":	1.000067,
				"seconds":	1.0000669956207275,
				"bytes":	1130280524,
				"bits_per_second":	9041638441.8201962,
				"retransmits":	0,
				"omitted":	false,
				"sender":	true
			}
		}, {
			"streams":	[{
					"socket":	6,
					"start":	1.000067,
					"end":	2.000017,
					"seconds":	0.99994999170303345,
					"bytes":	1128549364,
					"bits_per_second":	9028846429.2335,
					"retransmits":	0,
					"snd_cwnd":	185640,
					"snd_wnd":	128640,
					"rtt":	113,
					"rttvar":	5,
					"pmtu":	1500,
					"omitted":	false,
					"sender":	true
				}],
			"sum":	{
				"start":	1.000067,
				"end":	2.000017,
				"seconds":	0.99994999170303345,
				"bytes":	1128549364,
				"bits_per_second":	9028846429.2335,
				"retransmits":	0,
				"omitted":	false,
				"sender":	true
			}
		}, {
			"streams":	[{
					"socket":	6,
					"start":	2.000017,
					"end":	3.000055,
					"seconds":	1.0000380277633667,
					"bytes":	1117891912,
					"bits_per_second":	8942795221.49948,
					"retransmits":	0,
					"snd_cwnd":	185640,
					"snd_wnd":	128640,
					"rtt":	109,
					"rttvar":	7,
					"pmtu":	1500,
					"omitted":	false,
					"sender":	true
				}],
			"sum":	{
				"start":	2.000017,
				"end":	3.000055,
				"seconds":	1.0000380277633667,
				"bytes":	1117891912,
				"bits_per_second":	8942795221.49948,
				"retransmits":	0,
				"omitted":	false,
				"sender":	true
			}
		}, {
			"streams":	[{
					"socket":	6,
					"start":	3.000055,
					"end":	4.000055,
					"seconds":	1,
					"bytes":	1123486860,
					"bits_per_second":	8987894880,
					"retransmits":	0,
					"snd_cwnd":	185640,
					"snd_wnd":	128640,
					"rtt":	108,
					"rttvar":	5,
					"pmtu":	1500,
					"omitted":	false,
					"sender":	true
				}],
			"sum":	{
				"start":	3.000055,
				"end":	4.000055,
				"seconds":	1,
				"bytes":	1123486860,
				"bits_per_second":	8987894880,
				"retransmits":	0,
				"omitted":	false,
				"sender":	true
			}
		}, {
			"streams":	[{
					"socket":	6,
					"start":	4.000055,
					"end":	5.000032,
					"seconds":	0.9999769926071167,
					"bytes":	1124981584,
					"bits_per_second":	9000059739.91041,
					"retransmits":	0,
					"snd_cwnd":	185640,
					"snd_wnd":	128640,
					"rtt":	107,
					"rttvar":	4,
					"pmtu":	1500,
					"omitted":	false,
					"sender":	true
				}],
			"sum":	{
				"start":	4.000055,
				"end":	5.000032,
				"seconds":	0.9999769926071167,
				"bytes":	1124981584,
				"bits_per_second":	9000059739.91041,
				"retransmits":	0,
				"omitted":	false,
				"sender":	true
			}
		}, {
			"streams":	[{
					"socket":	6,
					"start":	5.000032,
					"end":	6.000055,
					"seconds":	1.0000230073928833,
					"bytes":	1125760488,
					"bits_per_second":	9005876702.25645,
					"retransmits":	0,
					"snd_cwnd":	185640,
					"snd_wnd":	128640,
					"rtt":	113,
					"rttvar":	11,
					"pmtu":	1500,
					"omitted":	false,
					"sender":	true
				}],
			"sum":	{
				"start":	5.000032,
				"end":	6.000055,
				"seconds":	1.0000230073928833,
				"bytes":	1125760488,
				"bits_per_second":	9005876702.25645,
				"retransmits":	0,
				"omitted":	false,
				"sender":	true
			}
		}, {
			"streams":	[{
					"socket":	6,
					"start":	6.000055,
					"end":	7.000055,
					"seconds":	1,
					"bytes":	1124318840,
					"bits_per_second":	8994550720,
					"retransmits":	0,
					"snd_cwnd":	185640,
					"snd_wnd":	128640,
					"rtt":	110,
					"rttvar":	9,
					"pmtu":	1500,
					"omitted":	false,
					"sender":	true
				}],
			"sum":	{
				"start":	6.000055,
				"end":	7.000055,
				"seconds":	1,
				"bytes":	1124318840,
				"bits_per_second":	8994550720,
				"retransmits":	0,
				"omitted":	false,
				"sender":	true
			}
		}, {
			"streams":	[{
					"socket":	6,
					"start":	7.000055,
					"end":	8.000035,
					"seconds":	0.99997997283935547,
					"bytes":	1123809312,
					"bits_per_second":	8990654553.28304,
					"retransmits":	0,
					"snd_cwnd":	185640,
					"snd_wnd":	128640,
					"rtt":	110,
					"rttvar":	7,
					"pmtu":	1500,
					"omitted":	false,
					"sender":	true
				}],
			"sum":	{
				"start":	7.000055,
				"end":	8.000035,
				"seconds":	0.99997997283935547,
				"bytes":	1123809312,
				"bits_per_second":	8990654553.28304,
				"retransmits":	0,
				"omitted":	false,
				"sender":	true
			}
		}, {
			"streams":	[{
					"socket":	6,
					"start":	8.000035,
					"end":	9.00005,
					"seconds":	1.0000150203704834,
					"bytes":	1120137864,
					"bits_per_second":	8960968314.93602,
					"retransmits":	0,
					"snd_cwnd":	185640,
					"snd_wnd":	128640,
					"rtt":	116,
					"rttvar":	9,
					"pmtu":	1500,
					"omitted":	false,
					"sender":	true
				}],
			"sum":	{
				"start":	8.000035,
				"end":	9.00005,
				"seconds":	1.0000150203704834,
				"bytes":	1120137864,
				"bits_per_second":	8960968314.93602,
				"retransmits":	0,
				"omitted":	false,
				"sender":	true
			}
		}, {
			"streams":	[{
					"socket":	6,
					"start":	9.00005,
					"end":	10.000014,
					"seconds":	0.99996399879455566,
					"bytes":	1060261280,
					"bits_per_second":	8482395616.46725,
					"retransmits":	0,
					"snd_cwnd":	185640,
					"snd_wnd":	128640,
					"rtt":	107,
					"rttvar":	4,
					"pmtu":	1500,
					"omitted":	false,
					"sender":	true
				}],
			"sum":	{
				"start":	9.00005,
				"end":	10.000014,
				"seconds":	0.99996399879455566,
				"bytes":	1060261280,
				"bits_per_second":	8482395616.46725,
				"retransmits":	0,
				"omitted":	false,
				"sender":	true
			}
		}],
	"end":	{
		"streams":	[{
				"sender":	{
					"socket":	6,
					"start":	0,
					"end":	10.000014,
					"seconds":	10.000014,
					"bytes":	11179478028,
					"bits_per_second":	8943569901.40214,
					"retransmits":	0,
					"max_snd_cwnd":	185640,
					"max_snd_wnd":	128640,
					"max_rtt":	116,
					"min_rtt":	107,
					"mean_rtt":	110,
					"sender":	true
				},
				"receiver":	{
					"socket":	6,
					"start":	0,
					"end":	10.000487,
					"seconds":	10.000014,
					"bytes":	11179478028,
					"bits_per_second":	8943146891.1464,
					"sender":	true
				}
			}],
		"sum_sent":	{
			"start":	0,
			"end":	10.000014,
			"seconds":	10.000014,
			"bytes":	11179478028,
			"bits_per_second":	8943569901.40214,
			"retransmits":	0,
			"sender":	true
		},
		"sum_received":	{
			"start":	0,
			"end":	10.000487,
			"seconds":	10.000487,
			"bytes":	11179478028,
			"bits_per_second":	8943146891.1464,
			"sender":	true
		},
		"cpu_utilization_percent":	{
			"host_total":	12.934655628961616,
			"host_user":	1.0005203169574137,
			"host_system":	11.934145310408459,
			"remote_total":	36.5114563340571,
			"remote_user":	1.6823068940394346,
			"remote_system":	34.829139440511639
		},
		"sender_tcp_congestion":	"cubic",
		"receiver_tcp_congestion":	"cubic"
	}
}
