{
	"start":	{
		"connected":	[{
				"socket":	6,
				"local_host":	"fe80::e63d:1aff:fe72:f1",
				"local_port":	55181,
				"remote_host":	"fe80::e63d:1aff:fe72:f0",
				"remote_port":	5201
			}],
		"version":	"iperf 3.10.1",
		"system_info":	"Linux ryan 5.10.89 #1-NixOS SMP Wed Dec 29 11:26:08 UTC 2021 x86_64",
		"timestamp":	{
			"time":	"Thu, 13 Jan 2022 01:42:46 GMT",
			"timesecs":	1642038166
		},
		"connecting_to":	{
			"host":	"fe80::e63d:1aff:fe72:f0%swissknife1",
			"port":	5201
		},
		"cookie":	"agf5t2oil7ljgovernega77q6jv5wrxzv62a",
		"sock_bufsize":	0,
		"sndbuf_actual":	212992,
		"rcvbuf_actual":	212992,
		"test_start":	{
			"protocol":	"UDP",
			"num_streams":	1,
			"blksize":	1428,
			"omit":	0,
			"duration":	10,
			"bytes":	0,
			"blocks":	0,
			"reverse":	0,
			"tos":	0
		}
	},
	"intervals":	[{
			"streams":	[{
					"socket":	6,
					"start":	0,
					"end":	1.000054,
					"seconds":	1.0000540018081665,
					"bytes":	124910016,
					"bits_per_second":	999226167.98016179,
					"packets":	87472,
					"omitted":	false,
					"sender":	true
				}],
			"sum":	{
				"start":	0,
				"end":	1.000054,
				"seconds":	1.0000540018081665,
				"bytes":	124910016,
				"bits_per_second":	999226167.98016179,
				"packets":	87472,
				"omitted":	false,
				"sender":	true
			}
		}, {
			"streams":	[{
					"socket":	6,
					"start":	1.000054,
					"end":	2.000054,
					"seconds":	1,
					"bytes":	124999980,
					"bits_per_second":	999999840,
					"packets":	87535,
					"omitted":	false,
					"sender":	true
				}],
			"sum":	{
				"start":	1.000054,
				"end":	2.000054,
				"seconds":	1,
				"bytes":	124999980,
				"bits_per_second":	999999840,
				"packets":	87535,
				"omitted":	false,
				"sender":	true
			}
		}, {
			"streams":	[{
					"socket":	6,
					"start":	2.000054,
					"end":	3.000055,
					"seconds":	1.0000009536743164,
					"bytes":	125001408,
					"bits_per_second":	1000010310.3158509,
					"packets":	87536,
					"omitted":	false,
					"sender":	true
				}],
			"sum":	{
				"start":	2.000054,
				"end":	3.000055,
				"seconds":	1.0000009536743164,
				"bytes":	125001408,
				"bits_per_second":	1000010310.3158509,
				"packets":	87536,
				"omitted":	false,
				"sender":	true
			}
		}, {
			"streams":	[{
					"socket":	6,
					"start":	3.000055,
					"end":	4.000054,
					"seconds":	0.99999898672103882,
					"bytes":	124998552,
					"bits_per_second":	999989429.26825,
					"packets":	87534,
					"omitted":	false,
					"sender":	true
				}],
			"sum":	{
				"start":	3.000055,
				"end":	4.000054,
				"seconds":	0.99999898672103882,
				"bytes":	124998552,
				"bits_per_second":	999989429.26825,
				"packets":	87534,
				"omitted":	false,
				"sender":	true
			}
		}, {
			"streams":	[{
					"socket":	6,
					"start":	4.000054,
					"end":	5.000055,
					"seconds":	1.0000009536743164,
					"bytes":	125001408,
					"bits_per_second":	1000010310.3158509,
					"packets":	87536,
					"omitted":	false,
					"sender":	true
				}],
			"sum":	{
				"start":	4.000054,
				"end":	5.000055,
				"seconds":	1.0000009536743164,
				"bytes":	125001408,
				"bits_per_second":	1000010310.3158509,
				"packets":	87536,
				"omitted":	false,
				"sender":	true
			}
		}, {
			"streams":	[{
					"socket":	6,
					"start":	5.000055,
					"end":	6.000055,
					"seconds":	1,
					"bytes":	124999980,
					"bits_per_second":	999999840,
					"packets":	87535,
					"omitted":	false,
					"sender":	true
				}],
			"sum":	{
				"start":	5.000055,
				"end":	6.000055,
				"seconds":	1,
				"bytes":	124999980,
				"bits_per_second":	999999840,
				"packets":	87535,
				"omitted":	false,
				"sender":	true
			}
		}, {
			"streams":	[{
					"socket":	6,
					"start":	6.000055,
					"end":	7.000055,
					"seconds":	1,
					"bytes":	124999980,
					"bits_per_second":	999999840,
					"packets":	87535,
					"omitted":	false,
					"sender":	true
				}],
			"sum":	{
				"start":	6.000055,
				"end":	7.000055,
				"seconds":	1,
				"bytes":	124999980,
				"bits_per_second":	999999840,
				"packets":	87535,
				"omitted":	false,
				"sender":	true
			}
		}, {
			"streams":	[{
					"socket":	6,
					"start":	7.000055,
					"end":	8.000055,
					"seconds":	1,
					"bytes":	124998552,
					"bits_per_second":	999988416,
					"packets":	87534,
					"omitted":	false,
					"sender":	true
				}],
			"sum":	{
				"start":	7.000055,
				"end":	8.000055,
				"seconds":	1,
				"bytes":	124998552,
				"bits_per_second":	999988416,
				"packets":	87534,
				"omitted":	false,
				"sender":	true
			}
		}, {
			"streams":	[{
					"socket":	6,
					"start":	8.000055,
					"end":	9.000055,
					"seconds":	1,
					"bytes":	125002836,
					"bits_per_second":	1000022688,
					"packets":	87537,
					"omitted":	false,
					"sender":	true
				}],
			"sum":	{
				"start":	8.000055,
				"end":	9.000055,
				"seconds":	1,
				"bytes":	125002836,
				"bits_per_second":	1000022688,
				"packets":	87537,
				"omitted":	false,
				"sender":	true
			}
		}, {
			"streams":	[{
					"socket":	6,
					"start":	9.000055,
					"end":	10.000058,
					"seconds":	1.0000029802322388,
					"bytes":	124997124,
					"bits_per_second":	999974011.845212,
					"packets":	87533,
					"omitted":	false,
					"sender":	true
				}],
			"sum":	{
				"start":	9.000055,
				"end":	10.000058,
				"seconds":	1.0000029802322388,
				"bytes":	124997124,
				"bits_per_second":	999974011.845212,
				"packets":	87533,
				"omitted":	false,
				"sender":	true
			}
		}],
	"end":	{
		"streams":	[{
				"udp":	{
					"socket":	6,
					"start":	0,
					"end":	10.000058,
					"seconds":	10.000058,
					"bytes":	1249909836,
					"bits_per_second":	999922069.25199842,
					"jitter_ms":	0.0020728742227726867,
					"lost_packets":	162,
					"packets":	875287,
					"lost_percent":	0.018508215019759234,
					"out_of_order":	0,
					"sender":	true
				}
			}],
		"sum":	{
			"start":	0,
			"end":	10.000349,
			"seconds":	10.000349,
			"bytes":	1249909836,
			"bits_per_second":	999922069.25199842,
			"jitter_ms":	0.0020728742227726867,
			"lost_packets":	162,
			"packets":	875287,
			"lost_percent":	0.018508215019759234,
			"sender":	true
		},
		"cpu_utilization_percent":	{
			"host_total":	23.210716875162678,
			"host_user":	0,
			"host_system":	23.210716875162678,
			"remote_total":	14.685064274698966,
			"remote_user":	0.77308232365281326,
			"remote_system":	13.911991950688165
		}
	}
}
