{
	"start":	{
		"connected":	[{
				"socket":	6,
				"local_host":	"fe80::e63d:1aff:fe72:f1",
				"local_port":	59390,
				"remote_host":	"fe80::e63d:1aff:fe72:f0",
				"remote_port":	5201
			}],
		"version":	"iperf 3.10.1",
		"system_info":	"Linux ryan 5.10.89 #1-NixOS SMP Wed Dec 29 11:26:08 UTC 2021 x86_64",
		"timestamp":	{
			"time":	"Thu, 13 Jan 2022 15:38:04 GMT",
			"timesecs":	1642088284
		},
		"connecting_to":	{
			"host":	"fe80::e63d:1aff:fe72:f0%swissknife1",
			"port":	5201
		},
		"cookie":	"fyn4x53fhkaagvovxinbnnf7d3p7oqkfxbfq",
		"sock_bufsize":	0,
		"sndbuf_actual":	212992,
		"rcvbuf_actual":	212992,
		"test_start":	{
			"protocol":	"UDP",
			"num_streams":	1,
			"blksize":	1428,
			"omit":	0,
			"duration":	10,
			"bytes":	0,
			"blocks":	0,
			"reverse":	0,
			"tos":	0
		}
	},
	"intervals":	[{
			"streams":	[{
					"socket":	6,
					"start":	0,
					"end":	1.000002,
					"seconds":	1.0000020265579224,
					"bytes":	461608140,
					"bits_per_second":	3692857636.2101011,
					"packets":	323255,
					"omitted":	false,
					"sender":	true
				}],
			"sum":	{
				"start":	0,
				"end":	1.000002,
				"seconds":	1.0000020265579224,
				"bytes":	461608140,
				"bits_per_second":	3692857636.2101011,
				"packets":	323255,
				"omitted":	false,
				"sender":	true
			}
		}, {
			"streams":	[{
					"socket":	6,
					"start":	1.000002,
					"end":	2.000004,
					"seconds":	1.0000020265579224,
					"bytes":	463443120,
					"bits_per_second":	3707537446.4606156,
					"packets":	324540,
					"omitted":	false,
					"sender":	true
				}],
			"sum":	{
				"start":	1.000002,
				"end":	2.000004,
				"seconds":	1.0000020265579224,
				"bytes":	463443120,
				"bits_per_second":	3707537446.4606156,
				"packets":	324540,
				"omitted":	false,
				"sender":	true
			}
		}, {
			"streams":	[{
					"socket":	6,
					"start":	2.000004,
					"end":	3.000004,
					"seconds":	1,
					"bytes":	510201552,
					"bits_per_second":	4081612416,
					"packets":	357284,
					"omitted":	false,
					"sender":	true
				}],
			"sum":	{
				"start":	2.000004,
				"end":	3.000004,
				"seconds":	1,
				"bytes":	510201552,
				"bits_per_second":	4081612416,
				"packets":	357284,
				"omitted":	false,
				"sender":	true
			}
		}, {
			"streams":	[{
					"socket":	6,
					"start":	3.000004,
					"end":	4.000004,
					"seconds":	1,
					"bytes":	483852096,
					"bits_per_second":	3870816768,
					"packets":	338832,
					"omitted":	false,
					"sender":	true
				}],
			"sum":	{
				"start":	3.000004,
				"end":	4.000004,
				"seconds":	1,
				"bytes":	483852096,
				"bits_per_second":	3870816768,
				"packets":	338832,
				"omitted":	false,
				"sender":	true
			}
		}, {
			"streams":	[{
					"socket":	6,
					"start":	4.000004,
					"end":	5.000004,
					"seconds":	1,
					"bytes":	478217208,
					"bits_per_second":	3825737664,
					"packets":	334886,
					"omitted":	false,
					"sender":	true
				}],
			"sum":	{
				"start":	4.000004,
				"end":	5.000004,
				"seconds":	1,
				"bytes":	478217208,
				"bits_per_second":	3825737664,
				"packets":	334886,
				"omitted":	false,
				"sender":	true
			}
		}, {
			"streams":	[{
					"socket":	6,
					"start":	5.000004,
					"end":	6.000003,
					"seconds":	0.99999898672103882,
					"bytes":	485430036,
					"bits_per_second":	3883444223.0123281,
					"packets":	339937,
					"omitted":	false,
					"sender":	true
				}],
			"sum":	{
				"start":	5.000004,
				"end":	6.000003,
				"seconds":	0.99999898672103882,
				"bytes":	485430036,
				"bits_per_second":	3883444223.0123281,
				"packets":	339937,
				"omitted":	false,
				"sender":	true
			}
		}, {
			"streams":	[{
					"socket":	6,
					"start":	6.000003,
					"end":	7.000004,
					"seconds":	1.0000009536743164,
					"bytes":	474971364,
					"bits_per_second":	3799767288.2595286,
					"packets":	332613,
					"omitted":	false,
					"sender":	true
				}],
			"sum":	{
				"start":	6.000003,
				"end":	7.000004,
				"seconds":	1.0000009536743164,
				"bytes":	474971364,
				"bits_per_second":	3799767288.2595286,
				"packets":	332613,
				"omitted":	false,
				"sender":	true
			}
		}, {
			"streams":	[{
					"socket":	6,
					"start":	7.000004,
					"end":	8.000007,
					"seconds":	1.0000029802322388,
					"bytes":	485931264,
					"bits_per_second":	3887438526.5303769,
					"packets":	340288,
					"omitted":	false,
					"sender":	true
				}],
			"sum":	{
				"start":	7.000004,
				"end":	8.000007,
				"seconds":	1.0000029802322388,
				"bytes":	485931264,
				"bits_per_second":	3887438526.5303769,
				"packets":	340288,
				"omitted":	false,
				"sender":	true
			}
		}, {
			"streams":	[{
					"socket":	6,
					"start":	8.000007,
					"end":	9.000005,
					"seconds":	0.99999797344207764,
					"bytes":	472812228,
					"bits_per_second":	3782505489.466466,
					"packets":	331101,
					"omitted":	false,
					"sender":	true
				}],
			"sum":	{
				"start":	8.000007,
				"end":	9.000005,
				"seconds":	0.99999797344207764,
				"bytes":	472812228,
				"bits_per_second":	3782505489.466466,
				"packets":	331101,
				"omitted":	false,
				"sender":	true
			}
		}, {
			"streams":	[{
					"socket":	6,
					"start":	9.000005,
					"end":	10.000009,
					"seconds":	1.0000040531158447,
					"bytes":	470470308,
					"bits_per_second":	3763747209.0965514,
					"packets":	329461,
					"omitted":	false,
					"sender":	true
				}],
			"sum":	{
				"start":	9.000005,
				"end":	10.000009,
				"seconds":	1.0000040531158447,
				"bytes":	470470308,
				"bits_per_second":	3763747209.0965514,
				"packets":	329461,
				"omitted":	false,
				"sender":	true
			}
		}],
	"end":	{
		"streams":	[{
				"udp":	{
					"socket":	6,
					"start":	0,
					"end":	10.000009,
					"seconds":	10.000009,
					"bytes":	4786937316,
					"bits_per_second":	3829546406.2082343,
					"jitter_ms":	0.00134717226453307,
					"lost_packets":	2489838,
					"packets":	3352197,
					"lost_percent":	74.274811414722947,
					"out_of_order":	0,
					"sender":	true
				}
			}],
		"sum":	{
			"start":	0,
			"end":	10.205821,
			"seconds":	10.205821,
			"bytes":	4786937316,
			"bits_per_second":	3829546406.2082343,
			"jitter_ms":	0.00134717226453307,
			"lost_packets":	2489838,
			"packets":	3352197,
			"lost_percent":	74.274811414722947,
			"sender":	true
		},
		"cpu_utilization_percent":	{
			"host_total":	99.948513166440264,
			"host_user":	10.77386740715446,
			"host_system":	89.1746457592858,
			"remote_total":	23.565596398998338,
			"remote_user":	2.8471578050460784,
			"remote_system":	20.718448392276294
		}
	}
}
