{
	"start":	{
		"connected":	[{
				"socket":	6,
				"local_host":	"fe80::e63d:1aff:fe72:f1",
				"local_port":	32898,
				"remote_host":	"fe80::e63d:1aff:fe72:f0",
				"remote_port":	5201
			}],
		"version":	"iperf 3.10.1",
		"system_info":	"Linux ryan 5.10.89 #1-NixOS SMP Wed Dec 29 11:26:08 UTC 2021 x86_64",
		"timestamp":	{
			"time":	"Thu, 13 Jan 2022 15:39:15 GMT",
			"timesecs":	1642088355
		},
		"connecting_to":	{
			"host":	"fe80::e63d:1aff:fe72:f0%swissknife1",
			"port":	5201
		},
		"cookie":	"zhi5row6fhipghhd2sm4t3rgeesk7hjivivn",
		"tcp_mss_default":	1428,
		"sock_bufsize":	65536,
		"sndbuf_actual":	131072,
		"rcvbuf_actual":	131072,
		"test_start":	{
			"protocol":	"TCP",
			"num_streams":	1,
			"blksize":	131072,
			"omit":	0,
			"duration":	10,
			"bytes":	0,
			"blocks":	0,
			"reverse":	1,
			"tos":	0
		}
	},
	"intervals":	[{
			"streams":	[{
					"socket":	6,
					"start":	0,
					"end":	1.000028,
					"seconds":	1.0000280141830444,
					"bytes":	701365844,
					"bits_per_second":	5610769570.8742218,
					"omitted":	false,
					"sender":	false
				}],
			"sum":	{
				"start":	0,
				"end":	1.000028,
				"seconds":	1.0000280141830444,
				"bytes":	701365844,
				"bits_per_second":	5610769570.8742218,
				"omitted":	false,
				"sender":	false
			}
		}, {
			"streams":	[{
					"socket":	6,
					"start":	1.000028,
					"end":	2.000024,
					"seconds":	0.9999960064888,
					"bytes":	707657820,
					"bits_per_second":	5661285168.4057264,
					"omitted":	false,
					"sender":	false
				}],
			"sum":	{
				"start":	1.000028,
				"end":	2.000024,
				"seconds":	0.9999960064888,
				"bytes":	707657820,
				"bits_per_second":	5661285168.4057264,
				"omitted":	false,
				"sender":	false
			}
		}, {
			"streams":	[{
					"socket":	6,
					"start":	2.000024,
					"end":	3.000002,
					"seconds":	0.999978005886078,
					"bytes":	749210044,
					"bits_per_second":	5993812180.5879278,
					"omitted":	false,
					"sender":	false
				}],
			"sum":	{
				"start":	2.000024,
				"end":	3.000002,
				"seconds":	0.999978005886078,
				"bytes":	749210044,
				"bits_per_second":	5993812180.5879278,
				"omitted":	false,
				"sender":	false
			}
		}, {
			"streams":	[{
					"socket":	6,
					"start":	3.000002,
					"end":	4.000003,
					"seconds":	1.0000009536743164,
					"bytes":	766893180,
					"bits_per_second":	6135139589.0749464,
					"omitted":	false,
					"sender":	false
				}],
			"sum":	{
				"start":	3.000002,
				"end":	4.000003,
				"seconds":	1.0000009536743164,
				"bytes":	766893180,
				"bits_per_second":	6135139589.0749464,
				"omitted":	false,
				"sender":	false
			}
		}, {
			"streams":	[{
					"socket":	6,
					"start":	4.000003,
					"end":	5.000017,
					"seconds":	1.0000139474868774,
					"bytes":	761869364,
					"bits_per_second":	6094869903.8819962,
					"omitted":	false,
					"sender":	false
				}],
			"sum":	{
				"start":	4.000003,
				"end":	5.000017,
				"seconds":	1.0000139474868774,
				"bytes":	761869364,
				"bits_per_second":	6094869903.8819962,
				"omitted":	false,
				"sender":	false
			}
		}, {
			"streams":	[{
					"socket":	6,
					"start":	5.000017,
					"end":	6.000014,
					"seconds":	0.99999701976776123,
					"bytes":	763506268,
					"bits_per_second":	6108068347.4622059,
					"omitted":	false,
					"sender":	false
				}],
			"sum":	{
				"start":	5.000017,
				"end":	6.000014,
				"seconds":	0.99999701976776123,
				"bytes":	763506268,
				"bits_per_second":	6108068347.4622059,
				"omitted":	false,
				"sender":	false
			}
		}, {
			"streams":	[{
					"socket":	6,
					"start":	6.000014,
					"end":	7.000016,
					"seconds":	1.0000020265579224,
					"bytes":	750815480,
					"bits_per_second":	6006511667.4561949,
					"omitted":	false,
					"sender":	false
				}],
			"sum":	{
				"start":	6.000014,
				"end":	7.000016,
				"seconds":	1.0000020265579224,
				"bytes":	750815480,
				"bits_per_second":	6006511667.4561949,
				"omitted":	false,
				"sender":	false
			}
		}, {
			"streams":	[{
					"socket":	6,
					"start":	7.000016,
					"end":	8.000023,
					"seconds":	1.0000070333480835,
					"bytes":	760208316,
					"bits_per_second":	6081623753.8232269,
					"omitted":	false,
					"sender":	false
				}],
			"sum":	{
				"start":	7.000016,
				"end":	8.000023,
				"seconds":	1.0000070333480835,
				"bytes":	760208316,
				"bits_per_second":	6081623753.8232269,
				"omitted":	false,
				"sender":	false
			}
		}, {
			"streams":	[{
					"socket":	6,
					"start":	8.000023,
					"end":	9.000005,
					"seconds":	0.99998199939727783,
					"bytes":	761867476,
					"bits_per_second":	6095049522.5650272,
					"omitted":	false,
					"sender":	false
				}],
			"sum":	{
				"start":	8.000023,
				"end":	9.000005,
				"seconds":	0.99998199939727783,
				"bytes":	761867476,
				"bits_per_second":	6095049522.5650272,
				"omitted":	false,
				"sender":	false
			}
		}, {
			"streams":	[{
					"socket":	6,
					"start":	9.000005,
					"end":	10.000026,
					"seconds":	1.0000209808349609,
					"bytes":	747346384,
					"bits_per_second":	5978645635.0226421,
					"omitted":	false,
					"sender":	false
				}],
			"sum":	{
				"start":	9.000005,
				"end":	10.000026,
				"seconds":	1.0000209808349609,
				"bytes":	747346384,
				"bits_per_second":	5978645635.0226421,
				"omitted":	false,
				"sender":	false
			}
		}],
	"end":	{
		"streams":	[{
				"sender":	{
					"socket":	6,
					"start":	0,
					"end":	10.000112,
					"seconds":	10.000112,
					"bytes":	7470834424,
					"bits_per_second":	5976600601.2732658,
					"retransmits":	0,
					"max_snd_cwnd":	0,
					"max_snd_wnd":	0,
					"max_rtt":	0,
					"min_rtt":	0,
					"mean_rtt":	0,
					"sender":	false
				},
				"receiver":	{
					"socket":	6,
					"start":	0,
					"end":	10.000026,
					"seconds":	10.000026,
					"bytes":	7470740176,
					"bits_per_second":	5976576601.7008352,
					"sender":	false
				}
			}],
		"sum_sent":	{
			"start":	0,
			"end":	10.000112,
			"seconds":	10.000112,
			"bytes":	7470834424,
			"bits_per_second":	5976600601.2732658,
			"retransmits":	0,
			"sender":	false
		},
		"sum_received":	{
			"start":	0,
			"end":	10.000026,
			"seconds":	10.000026,
			"bytes":	7470740176,
			"bits_per_second":	5976576601.7008352,
			"sender":	false
		},
		"cpu_utilization_percent":	{
			"host_total":	28.516857309483246,
			"host_user":	1.3983594856278276,
			"host_system":	27.118497823855414,
			"remote_total":	13.273292047824631,
			"remote_user":	1.1984657382577149,
			"remote_system":	12.074836309447917
		},
		"sender_tcp_congestion":	"cubic",
		"receiver_tcp_congestion":	"cubic"
	}
}
