{
	"start":	{
		"connected":	[{
				"socket":	6,
				"local_host":	"fe80::e63d:1aff:fe72:f1",
				"local_port":	33744,
				"remote_host":	"fe80::e63d:1aff:fe72:f0",
				"remote_port":	5201
			}],
		"version":	"iperf 3.10.1",
		"system_info":	"Linux ryan 5.10.89 #1-NixOS SMP Wed Dec 29 11:26:08 UTC 2021 x86_64",
		"timestamp":	{
			"time":	"Wed, 12 Jan 2022 16:51:03 GMT",
			"timesecs":	1642006263
		},
		"connecting_to":	{
			"host":	"fe80::e63d:1aff:fe72:f0%swissknife1",
			"port":	5201
		},
		"cookie":	"za6wirbuj3fbtkx74zfmlysoxttui3og2fhj",
		"tcp_mss_default":	1428,
		"sock_bufsize":	4096,
		"sndbuf_actual":	8192,
		"rcvbuf_actual":	8192,
		"test_start":	{
			"protocol":	"TCP",
			"num_streams":	1,
			"blksize":	131072,
			"omit":	0,
			"duration":	10,
			"bytes":	0,
			"blocks":	0,
			"reverse":	0,
			"tos":	0
		}
	},
	"intervals":	[{
			"streams":	[{
					"socket":	6,
					"start":	0,
					"end":	1.00001,
					"seconds":	1.0000100135803223,
					"bytes":	52232212,
					"bits_per_second":	417853511.79029673,
					"retransmits":	0,
					"snd_cwnd":	14280,
					"snd_wnd":	2856,
					"rtt":	50,
					"rttvar":	2,
					"pmtu":	1500,
					"omitted":	false,
					"sender":	true
				}],
			"sum":	{
				"start":	0,
				"end":	1.00001,
				"seconds":	1.0000100135803223,
				"bytes":	52232212,
				"bits_per_second":	417853511.79029673,
				"retransmits":	0,
				"omitted":	false,
				"sender":	true
			}
		}, {
			"streams":	[{
					"socket":	6,
					"start":	1.00001,
					"end":	2.000029,
					"seconds":	1.0000189542770386,
					"bytes":	53664240,
					"bits_per_second":	429305782.81925815,
					"retransmits":	0,
					"snd_cwnd":	14280,
					"snd_wnd":	2856,
					"rtt":	56,
					"rttvar":	5,
					"pmtu":	1500,
					"omitted":	false,
					"sender":	true
				}],
			"sum":	{
				"start":	1.00001,
				"end":	2.000029,
				"seconds":	1.0000189542770386,
				"bytes":	53664240,
				"bits_per_second":	429305782.81925815,
				"retransmits":	0,
				"omitted":	false,
				"sender":	true
			}
		}, {
			"streams":	[{
					"socket":	6,
					"start":	2.000029,
					"end":	3.000049,
					"seconds":	1.0000200271606445,
					"bytes":	39919300,
					"bits_per_second":	319348004.366215,
					"retransmits":	1,
					"snd_cwnd":	14280,
					"snd_wnd":	2856,
					"rtt":	62,
					"rttvar":	2,
					"pmtu":	1500,
					"omitted":	false,
					"sender":	true
				}],
			"sum":	{
				"start":	2.000029,
				"end":	3.000049,
				"seconds":	1.0000200271606445,
				"bytes":	39919300,
				"bits_per_second":	319348004.366215,
				"retransmits":	1,
				"omitted":	false,
				"sender":	true
			}
		}, {
			"streams":	[{
					"socket":	6,
					"start":	3.000049,
					"end":	4.000966,
					"seconds":	1.0009169578552246,
					"bytes":	51833544,
					"bits_per_second":	414288466.93591416,
					"retransmits":	0,
					"snd_cwnd":	14280,
					"snd_wnd":	2856,
					"rtt":	669,
					"rttvar":	551,
					"pmtu":	1500,
					"omitted":	false,
					"sender":	true
				}],
			"sum":	{
				"start":	3.000049,
				"end":	4.000966,
				"seconds":	1.0009169578552246,
				"bytes":	51833544,
				"bits_per_second":	414288466.93591416,
				"retransmits":	0,
				"omitted":	false,
				"sender":	true
			}
		}, {
			"streams":	[{
					"socket":	6,
					"start":	4.000966,
					"end":	5.000053,
					"seconds":	0.99908697605133057,
					"bytes":	51605064,
					"bits_per_second":	413217789.738047,
					"retransmits":	1,
					"snd_cwnd":	14280,
					"snd_wnd":	2856,
					"rtt":	52,
					"rttvar":	1,
					"pmtu":	1500,
					"omitted":	false,
					"sender":	true
				}],
			"sum":	{
				"start":	4.000966,
				"end":	5.000053,
				"seconds":	0.99908697605133057,
				"bytes":	51605064,
				"bits_per_second":	413217789.738047,
				"retransmits":	1,
				"omitted":	false,
				"sender":	true
			}
		}, {
			"streams":	[{
					"socket":	6,
					"start":	5.000053,
					"end":	6.000035,
					"seconds":	0.99998199939727783,
					"bytes":	57639792,
					"bits_per_second":	461126636.55738926,
					"retransmits":	0,
					"snd_cwnd":	14280,
					"snd_wnd":	2856,
					"rtt":	50,
					"rttvar":	1,
					"pmtu":	1500,
					"omitted":	false,
					"sender":	true
				}],
			"sum":	{
				"start":	5.000053,
				"end":	6.000035,
				"seconds":	0.99998199939727783,
				"bytes":	57639792,
				"bits_per_second":	461126636.55738926,
				"retransmits":	0,
				"omitted":	false,
				"sender":	true
			}
		}, {
			"streams":	[{
					"socket":	6,
					"start":	6.000035,
					"end":	7.000019,
					"seconds":	0.9999840259552002,
					"bytes":	54312552,
					"bits_per_second":	434507356.839984,
					"retransmits":	2,
					"snd_cwnd":	14280,
					"snd_wnd":	2856,
					"rtt":	50,
					"rttvar":	2,
					"pmtu":	1500,
					"omitted":	false,
					"sender":	true
				}],
			"sum":	{
				"start":	6.000035,
				"end":	7.000019,
				"seconds":	0.9999840259552002,
				"bytes":	54312552,
				"bits_per_second":	434507356.839984,
				"retransmits":	2,
				"omitted":	false,
				"sender":	true
			}
		}, {
			"streams":	[{
					"socket":	6,
					"start":	7.000019,
					"end":	8.000002,
					"seconds":	0.999983012676239,
					"bytes":	54475344,
					"bits_per_second":	435810155.24820554,
					"retransmits":	0,
					"snd_cwnd":	14280,
					"snd_wnd":	2856,
					"rtt":	49,
					"rttvar":	2,
					"pmtu":	1500,
					"omitted":	false,
					"sender":	true
				}],
			"sum":	{
				"start":	7.000019,
				"end":	8.000002,
				"seconds":	0.999983012676239,
				"bytes":	54475344,
				"bits_per_second":	435810155.24820554,
				"retransmits":	0,
				"omitted":	false,
				"sender":	true
			}
		}, {
			"streams":	[{
					"socket":	6,
					"start":	8.000002,
					"end":	9.000023,
					"seconds":	1.0000209808349609,
					"bytes":	53701368,
					"bits_per_second":	429601930.59279531,
					"retransmits":	1,
					"snd_cwnd":	14280,
					"snd_wnd":	2856,
					"rtt":	53,
					"rttvar":	1,
					"pmtu":	1500,
					"omitted":	false,
					"sender":	true
				}],
			"sum":	{
				"start":	8.000002,
				"end":	9.000023,
				"seconds":	1.0000209808349609,
				"bytes":	53701368,
				"bits_per_second":	429601930.59279531,
				"retransmits":	1,
				"omitted":	false,
				"sender":	true
			}
		}, {
			"streams":	[{
					"socket":	6,
					"start":	9.000023,
					"end":	10.000024,
					"seconds":	1.0000009536743164,
					"bytes":	54538176,
					"bits_per_second":	436304991.907135,
					"retransmits":	0,
					"snd_cwnd":	14280,
					"snd_wnd":	2856,
					"rtt":	51,
					"rttvar":	3,
					"pmtu":	1500,
					"omitted":	false,
					"sender":	true
				}],
			"sum":	{
				"start":	9.000023,
				"end":	10.000024,
				"seconds":	1.0000009536743164,
				"bytes":	54538176,
				"bits_per_second":	436304991.907135,
				"retransmits":	0,
				"omitted":	false,
				"sender":	true
			}
		}],
	"end":	{
		"streams":	[{
				"sender":	{
					"socket":	6,
					"start":	0,
					"end":	10.000024,
					"seconds":	10.000024,
					"bytes":	523921592,
					"bits_per_second":	419136267.6729576,
					"retransmits":	5,
					"max_snd_cwnd":	14280,
					"max_snd_wnd":	2856,
					"max_rtt":	669,
					"min_rtt":	49,
					"mean_rtt":	114,
					"sender":	true
				},
				"receiver":	{
					"socket":	6,
					"start":	0,
					"end":	10.000098,
					"seconds":	10.000024,
					"bytes":	523918736,
					"bits_per_second":	419130881.317363,
					"sender":	true
				}
			}],
		"sum_sent":	{
			"start":	0,
			"end":	10.000024,
			"seconds":	10.000024,
			"bytes":	523921592,
			"bits_per_second":	419136267.6729576,
			"retransmits":	5,
			"sender":	true
		},
		"sum_received":	{
			"start":	0,
			"end":	10.000098,
			"seconds":	10.000098,
			"bytes":	523918736,
			"bits_per_second":	419130881.317363,
			"sender":	true
		},
		"cpu_utilization_percent":	{
			"host_total":	12.751318111861313,
			"host_user":	1.6598316052294344,
			"host_system":	11.091476508248615,
			"remote_total":	11.259060653957068,
			"remote_user":	0.84631102910309153,
			"remote_system":	10.412739624959976
		},
		"sender_tcp_congestion":	"cubic",
		"receiver_tcp_congestion":	"cubic"
	}
}
