{
	"start":	{
		"connected":	[{
				"socket":	6,
				"local_host":	"fe80::e63d:1aff:fe72:f1",
				"local_port":	44912,
				"remote_host":	"fe80::e63d:1aff:fe72:f0",
				"remote_port":	5201
			}],
		"version":	"iperf 3.10.1",
		"system_info":	"Linux ryan 5.10.89 #1-NixOS SMP Wed Dec 29 11:26:08 UTC 2021 x86_64",
		"timestamp":	{
			"time":	"Thu, 13 Jan 2022 01:44:27 GMT",
			"timesecs":	1642038267
		},
		"connecting_to":	{
			"host":	"fe80::e63d:1aff:fe72:f0%swissknife1",
			"port":	5201
		},
		"cookie":	"o5yirusdq7wr7iptt44tdqi4yxvgg6rkz7tv",
		"tcp_mss_default":	1428,
		"sock_bufsize":	131072,
		"sndbuf_actual":	262144,
		"rcvbuf_actual":	262144,
		"test_start":	{
			"protocol":	"TCP",
			"num_streams":	1,
			"blksize":	131072,
			"omit":	0,
			"duration":	10,
			"bytes":	0,
			"blocks":	0,
			"reverse":	1,
			"tos":	0
		}
	},
	"intervals":	[{
			"streams":	[{
					"socket":	6,
					"start":	0,
					"end":	1.000029,
					"seconds":	1.0000289678573608,
					"bytes":	1128119944,
					"bits_per_second":	9024698125.8319664,
					"omitted":	false,
					"sender":	false
				}],
			"sum":	{
				"start":	0,
				"end":	1.000029,
				"seconds":	1.0000289678573608,
				"bytes":	1128119944,
				"bits_per_second":	9024698125.8319664,
				"omitted":	false,
				"sender":	false
			}
		}, {
			"streams":	[{
					"socket":	6,
					"start":	1.000029,
					"end":	2.000014,
					"seconds":	0.9999849796295166,
					"bytes":	1147751688,
					"bits_per_second":	9182151423.3162136,
					"omitted":	false,
					"sender":	false
				}],
			"sum":	{
				"start":	1.000029,
				"end":	2.000014,
				"seconds":	0.9999849796295166,
				"bytes":	1147751688,
				"bits_per_second":	9182151423.3162136,
				"omitted":	false,
				"sender":	false
			}
		}, {
			"streams":	[{
					"socket":	6,
					"start":	2.000014,
					"end":	3.000012,
					"seconds":	0.99999797344207764,
					"bytes":	1150911336,
					"bits_per_second":	9207309347.1457,
					"omitted":	false,
					"sender":	false
				}],
			"sum":	{
				"start":	2.000014,
				"end":	3.000012,
				"seconds":	0.99999797344207764,
				"bytes":	1150911336,
				"bits_per_second":	9207309347.1457,
				"omitted":	false,
				"sender":	false
			}
		}, {
			"streams":	[{
					"socket":	6,
					"start":	3.000012,
					"end":	4.00002,
					"seconds":	1.0000079870224,
					"bytes":	1151706916,
					"bits_per_second":	9213581738.91627,
					"omitted":	false,
					"sender":	false
				}],
			"sum":	{
				"start":	3.000012,
				"end":	4.00002,
				"seconds":	1.0000079870224,
				"bytes":	1151706916,
				"bits_per_second":	9213581738.91627,
				"omitted":	false,
				"sender":	false
			}
		}, {
			"streams":	[{
					"socket":	6,
					"start":	4.00002,
					"end":	5.00004,
					"seconds":	1.0000200271606445,
					"bytes":	1152329636,
					"bits_per_second":	9218452468.57152,
					"omitted":	false,
					"sender":	false
				}],
			"sum":	{
				"start":	4.00002,
				"end":	5.00004,
				"seconds":	1.0000200271606445,
				"bytes":	1152329636,
				"bits_per_second":	9218452468.57152,
				"omitted":	false,
				"sender":	false
			}
		}, {
			"streams":	[{
					"socket":	6,
					"start":	5.00004,
					"end":	6.000022,
					"seconds":	0.99998199939727783,
					"bytes":	1152045068,
					"bits_per_second":	9216526447.03105,
					"omitted":	false,
					"sender":	false
				}],
			"sum":	{
				"start":	5.00004,
				"end":	6.000022,
				"seconds":	0.99998199939727783,
				"bytes":	1152045068,
				"bits_per_second":	9216526447.03105,
				"omitted":	false,
				"sender":	false
			}
		}, {
			"streams":	[{
					"socket":	6,
					"start":	6.000022,
					"end":	7.000013,
					"seconds":	0.999990999698639,
					"bytes":	1152592736,
					"bits_per_second":	9220824878.2027,
					"omitted":	false,
					"sender":	false
				}],
			"sum":	{
				"start":	6.000022,
				"end":	7.000013,
				"seconds":	0.999990999698639,
				"bytes":	1152592736,
				"bits_per_second":	9220824878.2027,
				"omitted":	false,
				"sender":	false
			}
		}, {
			"streams":	[{
					"socket":	6,
					"start":	7.000013,
					"end":	8.000002,
					"seconds":	0.99998897314071655,
					"bytes":	1154050364,
					"bits_per_second":	9232504717.5303535,
					"omitted":	false,
					"sender":	false
				}],
			"sum":	{
				"start":	7.000013,
				"end":	8.000002,
				"seconds":	0.99998897314071655,
				"bytes":	1154050364,
				"bits_per_second":	9232504717.5303535,
				"omitted":	false,
				"sender":	false
			}
		}, {
			"streams":	[{
					"socket":	6,
					"start":	8.000002,
					"end":	9.000027,
					"seconds":	1.0000250339508057,
					"bytes":	1154085640,
					"bits_per_second":	9232453995.20087,
					"omitted":	false,
					"sender":	false
				}],
			"sum":	{
				"start":	8.000002,
				"end":	9.000027,
				"seconds":	1.0000250339508057,
				"bytes":	1154085640,
				"bits_per_second":	9232453995.20087,
				"omitted":	false,
				"sender":	false
			}
		}, {
			"streams":	[{
					"socket":	6,
					"start":	9.000027,
					"end":	10.000015,
					"seconds":	0.9999880194664,
					"bytes":	1153859900,
					"bits_per_second":	9230989792.1833649,
					"omitted":	false,
					"sender":	false
				}],
			"sum":	{
				"start":	9.000027,
				"end":	10.000015,
				"seconds":	0.9999880194664,
				"bytes":	1153859900,
				"bits_per_second":	9230989792.1833649,
				"omitted":	false,
				"sender":	false
			}
		}],
	"end":	{
		"streams":	[{
				"sender":	{
					"socket":	6,
					"start":	0,
					"end":	10.000084,
					"seconds":	10.000084,
					"bytes":	11497628872,
					"bits_per_second":	9198025834.1829929,
					"retransmits":	0,
					"max_snd_cwnd":	0,
					"max_snd_wnd":	0,
					"max_rtt":	0,
					"min_rtt":	0,
					"mean_rtt":	0,
					"sender":	false
				},
				"receiver":	{
					"socket":	6,
					"start":	0,
					"end":	10.000015,
					"seconds":	10.000015,
					"bytes":	11497453228,
					"bits_per_second":	9197948785.47682,
					"sender":	false
				}
			}],
		"sum_sent":	{
			"start":	0,
			"end":	10.000084,
			"seconds":	10.000084,
			"bytes":	11497628872,
			"bits_per_second":	9198025834.1829929,
			"retransmits":	0,
			"sender":	false
		},
		"sum_received":	{
			"start":	0,
			"end":	10.000015,
			"seconds":	10.000015,
			"bytes":	11497453228,
			"bits_per_second":	9197948785.47682,
			"sender":	false
		},
		"cpu_utilization_percent":	{
			"host_total":	34.308310210923956,
			"host_user":	1.4969864720658568,
			"host_system":	32.811313741419447,
			"remote_total":	10.351457872024938,
			"remote_user":	0.58002483777894376,
			"remote_system":	9.7714330342459945
		},
		"sender_tcp_congestion":	"cubic",
		"receiver_tcp_congestion":	"cubic"
	}
}
