{
	"start":	{
		"connected":	[{
				"socket":	6,
				"local_host":	"fe80::e63d:1aff:fe72:f1",
				"local_port":	33560,
				"remote_host":	"fe80::e63d:1aff:fe72:f0",
				"remote_port":	5201
			}],
		"version":	"iperf 3.10.1",
		"system_info":	"Linux ryan 5.10.89 #1-NixOS SMP Wed Dec 29 11:26:08 UTC 2021 x86_64",
		"timestamp":	{
			"time":	"Wed, 12 Jan 2022 16:49:43 GMT",
			"timesecs":	1642006183
		},
		"connecting_to":	{
			"host":	"fe80::e63d:1aff:fe72:f0%swissknife1",
			"port":	5201
		},
		"cookie":	"fsqskg5rc7ona4alm5wiq53ff7ym5nvftrpj",
		"tcp_mss_default":	1428,
		"sock_bufsize":	4096,
		"sndbuf_actual":	8192,
		"rcvbuf_actual":	8192,
		"test_start":	{
			"protocol":	"TCP",
			"num_streams":	1,
			"blksize":	131072,
			"omit":	0,
			"duration":	10,
			"bytes":	0,
			"blocks":	0,
			"reverse":	1,
			"tos":	0
		}
	},
	"intervals":	[{
			"streams":	[{
					"socket":	6,
					"start":	0,
					"end":	1.000057,
					"seconds":	1.0000569820404053,
					"bytes":	47915112,
					"bits_per_second":	383299054.83777,
					"omitted":	false,
					"sender":	false
				}],
			"sum":	{
				"start":	0,
				"end":	1.000057,
				"seconds":	1.0000569820404053,
				"bytes":	47915112,
				"bits_per_second":	383299054.83777,
				"omitted":	false,
				"sender":	false
			}
		}, {
			"streams":	[{
					"socket":	6,
					"start":	1.000057,
					"end":	2.000027,
					"seconds":	0.999970018863678,
					"bytes":	50214192,
					"bits_per_second":	401725580.18938369,
					"omitted":	false,
					"sender":	false
				}],
			"sum":	{
				"start":	1.000057,
				"end":	2.000027,
				"seconds":	0.999970018863678,
				"bytes":	50214192,
				"bits_per_second":	401725580.18938369,
				"omitted":	false,
				"sender":	false
			}
		}, {
			"streams":	[{
					"socket":	6,
					"start":	2.000027,
					"end":	3.000007,
					"seconds":	0.99997997283935547,
					"bytes":	48333820,
					"bits_per_second":	386678304.06851333,
					"omitted":	false,
					"sender":	false
				}],
			"sum":	{
				"start":	2.000027,
				"end":	3.000007,
				"seconds":	0.99997997283935547,
				"bytes":	48333820,
				"bits_per_second":	386678304.06851333,
				"omitted":	false,
				"sender":	false
			}
		}, {
			"streams":	[{
					"socket":	6,
					"start":	3.000007,
					"end":	4.000043,
					"seconds":	1.0000360012054443,
					"bytes":	49345968,
					"bits_per_second":	394753532.39698029,
					"omitted":	false,
					"sender":	false
				}],
			"sum":	{
				"start":	3.000007,
				"end":	4.000043,
				"seconds":	1.0000360012054443,
				"bytes":	49345968,
				"bits_per_second":	394753532.39698029,
				"omitted":	false,
				"sender":	false
			}
		}, {
			"streams":	[{
					"socket":	6,
					"start":	4.000043,
					"end":	5.000038,
					"seconds":	0.999994993209839,
					"bytes":	50699712,
					"bits_per_second":	405599726.75272125,
					"omitted":	false,
					"sender":	false
				}],
			"sum":	{
				"start":	4.000043,
				"end":	5.000038,
				"seconds":	0.999994993209839,
				"bytes":	50699712,
				"bits_per_second":	405599726.75272125,
				"omitted":	false,
				"sender":	false
			}
		}, {
			"streams":	[{
					"socket":	6,
					"start":	5.000038,
					"end":	6.000046,
					"seconds":	1.0000079870224,
					"bytes":	50708280,
					"bits_per_second":	405662999.96053249,
					"omitted":	false,
					"sender":	false
				}],
			"sum":	{
				"start":	5.000038,
				"end":	6.000046,
				"seconds":	1.0000079870224,
				"bytes":	50708280,
				"bits_per_second":	405662999.96053249,
				"omitted":	false,
				"sender":	false
			}
		}, {
			"streams":	[{
					"socket":	6,
					"start":	6.000046,
					"end":	7.000059,
					"seconds":	1.000012993812561,
					"bytes":	48339656,
					"bits_per_second":	386712223.13385755,
					"omitted":	false,
					"sender":	false
				}],
			"sum":	{
				"start":	6.000046,
				"end":	7.000059,
				"seconds":	1.000012993812561,
				"bytes":	48339656,
				"bits_per_second":	386712223.13385755,
				"omitted":	false,
				"sender":	false
			}
		}, {
			"streams":	[{
					"socket":	6,
					"start":	7.000059,
					"end":	8.000039,
					"seconds":	0.99997997283935547,
					"bytes":	51070992,
					"bits_per_second":	408576118.6195631,
					"omitted":	false,
					"sender":	false
				}],
			"sum":	{
				"start":	7.000059,
				"end":	8.000039,
				"seconds":	0.99997997283935547,
				"bytes":	51070992,
				"bits_per_second":	408576118.6195631,
				"omitted":	false,
				"sender":	false
			}
		}, {
			"streams":	[{
					"socket":	6,
					"start":	8.000039,
					"end":	9.000007,
					"seconds":	0.99996799230575562,
					"bytes":	50799672,
					"bits_per_second":	406410384.2593171,
					"omitted":	false,
					"sender":	false
				}],
			"sum":	{
				"start":	8.000039,
				"end":	9.000007,
				"seconds":	0.99996799230575562,
				"bytes":	50799672,
				"bits_per_second":	406410384.2593171,
				"omitted":	false,
				"sender":	false
			}
		}, {
			"streams":	[{
					"socket":	6,
					"start":	9.000007,
					"end":	10.000009,
					"seconds":	1.0000020265579224,
					"bytes":	49163184,
					"bits_per_second":	393304674.9452951,
					"omitted":	false,
					"sender":	false
				}],
			"sum":	{
				"start":	9.000007,
				"end":	10.000009,
				"seconds":	1.0000020265579224,
				"bytes":	49163184,
				"bits_per_second":	393304674.9452951,
				"omitted":	false,
				"sender":	false
			}
		}],
	"end":	{
		"streams":	[{
				"sender":	{
					"socket":	6,
					"start":	0,
					"end":	10.000111,
					"seconds":	10.000111,
					"bytes":	496596300,
					"bits_per_second":	397272630.273804,
					"retransmits":	2,
					"max_snd_cwnd":	0,
					"max_snd_wnd":	0,
					"max_rtt":	0,
					"min_rtt":	0,
					"mean_rtt":	0,
					"sender":	false
				},
				"receiver":	{
					"socket":	6,
					"start":	0,
					"end":	10.000009,
					"seconds":	10.000009,
					"bytes":	496590588,
					"bits_per_second":	397272112.85509843,
					"sender":	false
				}
			}],
		"sum_sent":	{
			"start":	0,
			"end":	10.000111,
			"seconds":	10.000111,
			"bytes":	496596300,
			"bits_per_second":	397272630.273804,
			"retransmits":	2,
			"sender":	false
		},
		"sum_received":	{
			"start":	0,
			"end":	10.000009,
			"seconds":	10.000009,
			"bytes":	496590588,
			"bits_per_second":	397272112.85509843,
			"sender":	false
		},
		"cpu_utilization_percent":	{
			"host_total":	9.69004868848219,
			"host_user":	0.73518098496876461,
			"host_system":	8.9548577060837662,
			"remote_total":	11.697831965582806,
			"remote_user":	1.9189373565391927,
			"remote_system":	9.77888460916161
		},
		"sender_tcp_congestion":	"cubic",
		"receiver_tcp_congestion":	"cubic"
	}
}
