{
	"start":	{
		"connected":	[{
				"socket":	6,
				"local_host":	"fe80::e63d:1aff:fe72:f1",
				"local_port":	32858,
				"remote_host":	"fe80::e63d:1aff:fe72:f0",
				"remote_port":	5201
			}],
		"version":	"iperf 3.10.1",
		"system_info":	"Linux ryan 5.10.89 #1-NixOS SMP Wed Dec 29 11:26:08 UTC 2021 x86_64",
		"timestamp":	{
			"time":	"Thu, 13 Jan 2022 15:37:04 GMT",
			"timesecs":	1642088224
		},
		"connecting_to":	{
			"host":	"fe80::e63d:1aff:fe72:f0%swissknife1",
			"port":	5201
		},
		"cookie":	"fd2v4bxghkcnyuyed4so2b3pgmtdv5y4x5cy",
		"tcp_mss_default":	1428,
		"sock_bufsize":	262144,
		"sndbuf_actual":	524288,
		"rcvbuf_actual":	524288,
		"test_start":	{
			"protocol":	"TCP",
			"num_streams":	1,
			"blksize":	131072,
			"omit":	0,
			"duration":	10,
			"bytes":	0,
			"blocks":	0,
			"reverse":	0,
			"tos":	0
		}
	},
	"intervals":	[{
			"streams":	[{
					"socket":	6,
					"start":	0,
					"end":	1.000019,
					"seconds":	1.0000189542770386,
					"bytes":	1155966288,
					"bits_per_second":	9247555023.28016,
					"retransmits":	0,
					"snd_cwnd":	269892,
					"snd_wnd":	249472,
					"rtt":	210,
					"rttvar":	9,
					"pmtu":	1500,
					"omitted":	false,
					"sender":	true
				}],
			"sum":	{
				"start":	0,
				"end":	1.000019,
				"seconds":	1.0000189542770386,
				"bytes":	1155966288,
				"bits_per_second":	9247555023.28016,
				"retransmits":	0,
				"omitted":	false,
				"sender":	true
			}
		}, {
			"streams":	[{
					"socket":	6,
					"start":	1.000019,
					"end":	2.000058,
					"seconds":	1.0000389814376831,
					"bytes":	1157579640,
					"bits_per_second":	9260276141.1226768,
					"retransmits":	0,
					"snd_cwnd":	269892,
					"snd_wnd":	257280,
					"rtt":	212,
					"rttvar":	8,
					"pmtu":	1500,
					"omitted":	false,
					"sender":	true
				}],
			"sum":	{
				"start":	1.000019,
				"end":	2.000058,
				"seconds":	1.0000389814376831,
				"bytes":	1157579640,
				"bits_per_second":	9260276141.1226768,
				"retransmits":	0,
				"omitted":	false,
				"sender":	true
			}
		}, {
			"streams":	[{
					"socket":	6,
					"start":	2.000058,
					"end":	3.000058,
					"seconds":	1,
					"bytes":	1158347440,
					"bits_per_second":	9266779520,
					"retransmits":	0,
					"snd_cwnd":	269892,
					"snd_wnd":	257280,
					"rtt":	212,
					"rttvar":	9,
					"pmtu":	1500,
					"omitted":	false,
					"sender":	true
				}],
			"sum":	{
				"start":	2.000058,
				"end":	3.000058,
				"seconds":	1,
				"bytes":	1158347440,
				"bits_per_second":	9266779520,
				"retransmits":	0,
				"omitted":	false,
				"sender":	true
			}
		}, {
			"streams":	[{
					"socket":	6,
					"start":	3.000058,
					"end":	4.000026,
					"seconds":	0.99996799230575562,
					"bytes":	1153568156,
					"bits_per_second":	9228840641.9094963,
					"retransmits":	0,
					"snd_cwnd":	269892,
					"snd_wnd":	156160,
					"rtt":	247,
					"rttvar":	96,
					"pmtu":	1500,
					"omitted":	false,
					"sender":	true
				}],
			"sum":	{
				"start":	3.000058,
				"end":	4.000026,
				"seconds":	0.99996799230575562,
				"bytes":	1153568156,
				"bits_per_second":	9228840641.9094963,
				"retransmits":	0,
				"omitted":	false,
				"sender":	true
			}
		}, {
			"streams":	[{
					"socket":	6,
					"start":	4.000026,
					"end":	5.000064,
					"seconds":	1.0000380277633667,
					"bytes":	1148745544,
					"bits_per_second":	9189614891.4994755,
					"retransmits":	0,
					"snd_cwnd":	269892,
					"snd_wnd":	257280,
					"rtt":	210,
					"rttvar":	10,
					"pmtu":	1500,
					"omitted":	false,
					"sender":	true
				}],
			"sum":	{
				"start":	4.000026,
				"end":	5.000064,
				"seconds":	1.0000380277633667,
				"bytes":	1148745544,
				"bits_per_second":	9189614891.4994755,
				"retransmits":	0,
				"omitted":	false,
				"sender":	true
			}
		}, {
			"streams":	[{
					"socket":	6,
					"start":	5.000064,
					"end":	6.000057,
					"seconds":	0.99999302625656128,
					"bytes":	1157024176,
					"bits_per_second":	9256257958.76821,
					"retransmits":	0,
					"snd_cwnd":	269892,
					"snd_wnd":	257280,
					"rtt":	213,
					"rttvar":	10,
					"pmtu":	1500,
					"omitted":	false,
					"sender":	true
				}],
			"sum":	{
				"start":	5.000064,
				"end":	6.000057,
				"seconds":	0.99999302625656128,
				"bytes":	1157024176,
				"bits_per_second":	9256257958.76821,
				"retransmits":	0,
				"omitted":	false,
				"sender":	true
			}
		}, {
			"streams":	[{
					"socket":	6,
					"start":	6.000057,
					"end":	7.000058,
					"seconds":	1.0000009536743164,
					"bytes":	1157188684,
					"bits_per_second":	9257500643.3594,
					"retransmits":	0,
					"snd_cwnd":	269892,
					"snd_wnd":	257280,
					"rtt":	211,
					"rttvar":	6,
					"pmtu":	1500,
					"omitted":	false,
					"sender":	true
				}],
			"sum":	{
				"start":	6.000057,
				"end":	7.000058,
				"seconds":	1.0000009536743164,
				"bytes":	1157188684,
				"bits_per_second":	9257500643.3594,
				"retransmits":	0,
				"omitted":	false,
				"sender":	true
			}
		}, {
			"streams":	[{
					"socket":	6,
					"start":	7.000058,
					"end":	8.00006,
					"seconds":	1.0000020265579224,
					"bytes":	1157163452,
					"bits_per_second":	9257288855.56793,
					"retransmits":	0,
					"snd_cwnd":	269892,
					"snd_wnd":	257280,
					"rtt":	215,
					"rttvar":	9,
					"pmtu":	1500,
					"omitted":	false,
					"sender":	true
				}],
			"sum":	{
				"start":	7.000058,
				"end":	8.00006,
				"seconds":	1.0000020265579224,
				"bytes":	1157163452,
				"bits_per_second":	9257288855.56793,
				"retransmits":	0,
				"omitted":	false,
				"sender":	true
			}
		}, {
			"streams":	[{
					"socket":	6,
					"start":	8.00006,
					"end":	9.000037,
					"seconds":	0.9999769926071167,
					"bytes":	1156829652,
					"bits_per_second":	9254850145.9733849,
					"retransmits":	0,
					"snd_cwnd":	269892,
					"snd_wnd":	257280,
					"rtt":	211,
					"rttvar":	11,
					"pmtu":	1500,
					"omitted":	false,
					"sender":	true
				}],
			"sum":	{
				"start":	8.00006,
				"end":	9.000037,
				"seconds":	0.9999769926071167,
				"bytes":	1156829652,
				"bits_per_second":	9254850145.9733849,
				"retransmits":	0,
				"omitted":	false,
				"sender":	true
			}
		}, {
			"streams":	[{
					"socket":	6,
					"start":	9.000037,
					"end":	10.000009,
					"seconds":	0.99997198581695557,
					"bytes":	1145590452,
					"bits_per_second":	9164980365.4375553,
					"retransmits":	0,
					"snd_cwnd":	269892,
					"snd_wnd":	259712,
					"rtt":	212,
					"rttvar":	11,
					"pmtu":	1500,
					"omitted":	false,
					"sender":	true
				}],
			"sum":	{
				"start":	9.000037,
				"end":	10.000009,
				"seconds":	0.99997198581695557,
				"bytes":	1145590452,
				"bits_per_second":	9164980365.4375553,
				"retransmits":	0,
				"omitted":	false,
				"sender":	true
			}
		}],
	"end":	{
		"streams":	[{
				"sender":	{
					"socket":	6,
					"start":	0,
					"end":	10.000009,
					"seconds":	10.000009,
					"bytes":	11548003484,
					"bits_per_second":	9238394472.6449738,
					"retransmits":	0,
					"max_snd_cwnd":	269892,
					"max_snd_wnd":	259712,
					"max_rtt":	247,
					"min_rtt":	210,
					"mean_rtt":	215,
					"sender":	true
				},
				"receiver":	{
					"socket":	6,
					"start":	0,
					"end":	10.000155,
					"seconds":	10.000009,
					"bytes":	11547617924,
					"bits_per_second":	9237951150.95716,
					"sender":	true
				}
			}],
		"sum_sent":	{
			"start":	0,
			"end":	10.000009,
			"seconds":	10.000009,
			"bytes":	11548003484,
			"bits_per_second":	9238394472.6449738,
			"retransmits":	0,
			"sender":	true
		},
		"sum_received":	{
			"start":	0,
			"end":	10.000155,
			"seconds":	10.000155,
			"bytes":	11547617924,
			"bits_per_second":	9237951150.95716,
			"sender":	true
		},
		"cpu_utilization_percent":	{
			"host_total":	17.562359428339246,
			"host_user":	1.0093265197736137,
			"host_system":	16.55304290655004,
			"remote_total":	60.791456940960472,
			"remote_user":	1.5841138621212749,
			"remote_system":	59.2073530786742
		},
		"sender_tcp_congestion":	"cubic",