{
	"start":	{
		"connected":	[{
				"socket":	6,
				"local_host":	"fe80::e63d:1aff:fe72:f1",
				"local_port":	32834,
				"remote_host":	"fe80::e63d:1aff:fe72:f0",
				"remote_port":	5201
			}],
		"version":	"iperf 3.10.1",
		"system_info":	"Linux ryan 5.10.89 #1-NixOS SMP Wed Dec 29 11:26:08 UTC 2021 x86_64",
		"timestamp":	{
			"time":	"Thu, 13 Jan 2022 15:36:04 GMT",
			"timesecs":	1642088164
		},
		"connecting_to":	{
			"host":	"fe80::e63d:1aff:fe72:f0%swissknife1",
			"port":	5201
		},
		"cookie":	"lt7d267b42ljwszztto7oaulqj5r2iflzhhu",
		"tcp_mss_default":	1428,
		"sock_bufsize":	4096,
		"sndbuf_actual":	8192,
		"rcvbuf_actual":	8192,
		"test_start":	{
			"protocol":	"TCP",
			"num_streams":	1,
			"blksize":	131072,
			"omit":	0,
			"duration":	10,
			"bytes":	0,
			"blocks":	0,
			"reverse":	0,
			"tos":	0
		}
	},
	"intervals":	[{
			"streams":	[{
					"socket":	6,
					"start":	0,
					"end":	1.000049,
					"seconds":	1.0000489950180054,
					"bytes":	46318608,
					"bits_per_second":	370530709.84119982,
					"retransmits":	0,
					"snd_cwnd":	14280,
					"snd_wnd":	2856,
					"rtt":	62,
					"rttvar":	1,
					"pmtu":	1500,
					"omitted":	false,
					"sender":	true
				}],
			"sum":	{
				"start":	0,
				"end":	1.000049,
				"seconds":	1.0000489950180054,
				"bytes":	46318608,
				"bits_per_second":	370530709.84119982,
				"retransmits":	0,
				"omitted":	false,
				"sender":	true
			}
		}, {
			"streams":	[{
					"socket":	6,
					"start":	1.000049,
					"end":	2.000044,
					"seconds":	0.999994993209839,
					"bytes":	46367160,
					"bits_per_second":	370939137.21442258,
					"retransmits":	0,
					"snd_cwnd":	14280,
					"snd_wnd":	2856,
					"rtt":	61,
					"rttvar":	2,
					"pmtu":	1500,
					"omitted":	false,
					"sender":	true
				}],
			"sum":	{
				"start":	1.000049,
				"end":	2.000044,
				"seconds":	0.999994993209839,
				"bytes":	46367160,
				"bits_per_second":	370939137.21442258,
				"retransmits":	0,
				"omitted":	false,
				"sender":	true
			}
		}, {
			"streams":	[{
					"socket":	6,
					"start":	2.000044,
					"end":	3.000004,
					"seconds":	0.99996000528335571,
					"bytes":	44665440,
					"bits_per_second":	357337811.62452221,
					"retransmits":	1,
					"snd_cwnd":	14280,
					"snd_wnd":	2856,
					"rtt":	60,
					"rttvar":	1,
					"pmtu":	1500,
					"omitted":	false,
					"sender":	true
				}],
			"sum":	{
				"start":	2.000044,
				"end":	3.000004,
				"seconds":	0.99996000528335571,
				"bytes":	44665440,
				"bits_per_second":	357337811.62452221,
				"retransmits":	1,
				"omitted":	false,
				"sender":	true
			}
		}, {
			"streams":	[{
					"socket":	6,
					"start":	3.000004,
					"end":	4.000029,
					"seconds":	1.0000250339508057,
					"bytes":	45536064,
					"bits_per_second":	364279392.647605,
					"retransmits":	0,
					"snd_cwnd":	14280,
					"snd_wnd":	2856,
					"rtt":	62,
					"rttvar":	2,
					"pmtu":	1500,
					"omitted":	false,
					"sender":	true
				}],
			"sum":	{
				"start":	3.000004,
				"end":	4.000029,
				"seconds":	1.0000250339508057,
				"bytes":	45536064,
				"bits_per_second":	364279392.647605,
				"retransmits":	0,
				"omitted":	false,
				"sender":	true
			}
		}, {
			"streams":	[{
					"socket":	6,
					"start":	4.000029,
					"end":	5.000014,
					"seconds":	0.9999849796295166,
					"bytes":	46609920,
					"bits_per_second":	372884960.87026,
					"retransmits":	0,
					"snd_cwnd":	14280,
					"snd_wnd":	2856,
					"rtt":	60,
					"rttvar":	3,
					"pmtu":	1500,
					"omitted":	false,
					"sender":	true
				}],
			"sum":	{
				"start":	4.000029,
				"end":	5.000014,
				"seconds":	0.9999849796295166,
				"bytes":	46609920,
				"bits_per_second":	372884960.87026,
				"retransmits":	0,
				"omitted":	false,
				"sender":	true
			}
		}, {
			"streams":	[{
					"socket":	6,
					"start":	5.000014,
					"end":	6.000052,
					"seconds":	1.0000380277633667,
					"bytes":	46581360,
					"bits_per_second":	372636709.459391,
					"retransmits":	0,
					"snd_cwnd":	14280,
					"snd_wnd":	2856,
					"rtt":	60,
					"rttvar":	4,
					"pmtu":	1500,
					"omitted":	false,
					"sender":	true
				}],
			"sum":	{
				"start":	5.000014,
				"end":	6.000052,
				"seconds":	1.0000380277633667,
				"bytes":	46581360,
				"bits_per_second":	372636709.459391,
				"retransmits":	0,
				"omitted":	false,
				"sender":	true
			}
		}, {
			"streams":	[{
					"socket":	6,
					"start":	6.000052,
					"end":	7.000026,
					"seconds":	0.999974012374878,
					"bytes":	46735584,
					"bits_per_second":	373894388.62720686,
					"retransmits":	0,
					"snd_cwnd":	14280,
					"snd_wnd":	2856,
					"rtt":	61,
					"rttvar":	1,
					"pmtu":	1500,
					"omitted":	false,
					"sender":	true
				}],
			"sum":	{
				"start":	6.000052,
				"end":	7.000026,
				"seconds":	0.999974012374878,
				"bytes":	46735584,
				"bits_per_second":	373894388.62720686,
				"retransmits":	0,
				"omitted":	false,
				"sender":	true
			}
		}, {
			"streams":	[{
					"socket":	6,
					"start":	7.000026,
					"end":	8.00002,
					"seconds":	0.99999397993087769,
					"bytes":	45496080,
					"bits_per_second":	363970831.1295619,
					"retransmits":	1,
					"snd_cwnd":	14280,
					"snd_wnd":	2856,
					"rtt":	64,
					"rttvar":	4,
					"pmtu":	1500,
					"omitted":	false,
					"sender":	true
				}],
			"sum":	{
				"start":	7.000026,
				"end":	8.00002,
				"seconds":	0.99999397993087769,
				"bytes":	45496080,
				"bits_per_second":	363970831.1295619,
				"retransmits":	1,
				"omitted":	false,
				"sender":	true
			}
		}, {
			"streams":	[{
					"socket":	6,
					"start":	8.00002,
					"end":	9.000007,
					"seconds":	0.999987006187439,
					"bytes":	44522184,
					"bits_per_second":	356182100.16344714,
					"retransmits":	0,
					"snd_cwnd":	14280,
					"snd_wnd":	2856,
					"rtt":	60,
					"rttvar":	2,
					"pmtu":	1500,
					"omitted":	false,
					"sender":	true
				}],
			"sum":	{
				"start":	8.00002,
				"end":	9.000007,
				"seconds":	0.999987006187439,
				"bytes":	44522184,
				"bits_per_second":	356182100.16344714,
				"retransmits":	0,
				"omitted":	false,
				"sender":	true
			}
		}, {
			"streams":	[{
					"socket":	6,
					"start":	9.000007,
					"end":	10.00002,
					"seconds":	1.000012993812561,
					"bytes":	44762088,
					"bits_per_second":	358092051.01900947,
					"retransmits":	0,
					"snd_cwnd":	14280,
					"snd_wnd":	2856,
					"rtt":	61,
					"rttvar":	2,
					"pmtu":	1500,
					"omitted":	false,
					"sender":	true
				}],
			"sum":	{
				"start":	9.000007,
				"end":	10.00002,
				"seconds":	1.000012993812561,
				"bytes":	44762088,
				"bits_per_second":	358092051.01900947,
				"retransmits":	0,
				"omitted":	false,
				"sender":	true
			}
		}],
	"end":	{
		"streams":	[{
				"sender":	{
					"socket":	6,
					"start":	0,
					"end":	10.00002,
					"seconds":	10.00002,
					"bytes":	457594488,
					"bits_per_second":	366074858.25028354,
					"retransmits":	2,
					"max_snd_cwnd":	14280,
					"max_snd_wnd":	2856,
					"max_rtt":	64,
					"min_rtt":	60,
					"mean_rtt":	61,
					"sender":	true
				},
				"receiver":	{
					"socket":	6,
					"start":	0,
					"end":	10.000138,
					"seconds":	10.00002,
					"bytes":	457591632,
					"bits_per_second":	366068253.85809678,
					"sender":	true
				}
			}],
		"sum_sent":	{
			"start":	0,
			"end":	10.00002,
			"seconds":	10.00002,
			"bytes":	457594488,
			"bits_per_second":	366074858.25028354,
			"retransmits":	2,
			"sender":	true
		},
		"sum_received":	{
			"start":	0,
			"end":	10.000138,
			"seconds":	10.000138,
			"bytes":	457591632,
			"bits_per_second":	366068253.85809678,
			"sender":	true
		},
		"cpu_utilization_percent":	{
			"host_total":	15.198256890667841,
			"host_user":	2.1493022773579855,
			"host_system":	13.048964611413217,
			"remote_total":	16.123042991268026,
			"remote_user":	1.1465331459627544,
			"remote_system":	14.97649984545227
		},
		"sender_tcp_congestion":	"cubic",
		"receiver_tcp_congestion":	"cubic"
	}
}
