{
	"start":	{
		"connected":	[{
				"socket":	6,
				"local_host":	"fe80::e63d:1aff:fe72:f1",
				"local_port":	44862,
				"remote_host":	"fe80::e63d:1aff:fe72:f0",
				"remote_port":	5201
			}],
		"version":	"iperf 3.10.1",
		"system_info":	"Linux ryan 5.10.89 #1-NixOS SMP Wed Dec 29 11:26:08 UTC 2021 x86_64",
		"timestamp":	{
			"time":	"Thu, 13 Jan 2022 01:41:56 GMT",
			"timesecs":	1642038116
		},
		"connecting_to":	{
			"host":	"fe80::e63d:1aff:fe72:f0%swissknife1",
			"port":	5201
		},
		"cookie":	"7kxzzxottgk35mhjyy6kbfe3a7mdzp4i4ktl",
		"tcp_mss_default":	1428,
		"sock_bufsize":	131072,
		"sndbuf_actual":	262144,
		"rcvbuf_actual":	262144,
		"test_start":	{
			"protocol":	"TCP",
			"num_streams":	1,
			"blksize":	131072,
			"omit":	0,
			"duration":	10,
			"bytes":	0,
			"blocks":	0,
			"reverse":	0,
			"tos":	0
		}
	},
	"intervals":	[{
			"streams":	[{
					"socket":	6,
					"start":	0,
					"end":	1.000056,
					"seconds":	1.0000560283660889,
					"bytes":	1149144960,
					"bits_per_second":	9192644631.14128,
					"retransmits":	0,
					"snd_cwnd":	135660,
					"snd_wnd":	127824,
					"rtt":	109,
					"rttvar":	9,
					"pmtu":	1500,
					"omitted":	false,
					"sender":	true
				}],
			"sum":	{
				"start":	0,
				"end":	1.000056,
				"seconds":	1.0000560283660889,
				"bytes":	1149144960,
				"bits_per_second":	9192644631.14128,
				"retransmits":	0,
				"omitted":	false,
				"sender":	true
			}
		}, {
			"streams":	[{
					"socket":	6,
					"start":	1.000056,
					"end":	2.000055,
					"seconds":	0.99999898672103882,
					"bytes":	1149597664,
					"bits_per_second":	9196790630.91446,
					"retransmits":	0,
					"snd_cwnd":	135660,
					"snd_wnd":	127824,
					"rtt":	109,
					"rttvar":	11,
					"pmtu":	1500,
					"omitted":	false,
					"sender":	true
				}],
			"sum":	{
				"start":	1.000056,
				"end":	2.000055,
				"seconds":	0.99999898672103882,
				"bytes":	1149597664,
				"bits_per_second":	9196790630.91446,
				"retransmits":	0,
				"omitted":	false,
				"sender":	true
			}
		}, {
			"streams":	[{
					"socket":	6,
					"start":	2.000055,
					"end":	3.000059,
					"seconds":	1.0000040531158447,
					"bytes":	1146723912,
					"bits_per_second":	9173754113.7118454,
					"retransmits":	0,
					"snd_cwnd":	135660,
					"snd_wnd":	127824,
					"rtt":	106,
					"rttvar":	5,
					"pmtu":	1500,
					"omitted":	false,
					"sender":	true
				}],
			"sum":	{
				"start":	2.000055,
				"end":	3.000059,
				"seconds":	1.0000040531158447,
				"bytes":	1146723912,
				"bits_per_second":	9173754113.7118454,
				"retransmits":	0,
				"omitted":	false,
				"sender":	true
			}
		}, {
			"streams":	[{
					"socket":	6,
					"start":	3.000059,
					"end":	4.000055,
					"seconds":	0.9999960064888,
					"bytes":	1148988076,
					"bits_per_second":	9191941316.1205959,
					"retransmits":	0,
					"snd_cwnd":	135660,
					"snd_wnd":	127824,
					"rtt":	109,
					"rttvar":	8,
					"pmtu":	1500,
					"omitted":	false,
					"sender":	true
				}],
			"sum":	{
				"start":	3.000059,
				"end":	4.000055,
				"seconds":	0.9999960064888,
				"bytes":	1148988076,
				"bits_per_second":	9191941316.1205959,
				"retransmits":	0,
				"omitted":	false,
				"sender":	true
			}
		}, {
			"streams":	[{
					"socket":	6,
					"start":	4.000055,
					"end":	5.000037,
					"seconds":	0.99998199939727783,
					"bytes":	1150328432,
					"bits_per_second":	9202793111.82274,
					"retransmits":	0,
					"snd_cwnd":	135660,
					"snd_wnd":	127824,
					"rtt":	108,
					"rttvar":	8,
					"pmtu":	1500,
					"omitted":	false,
					"sender":	true
				}],
			"sum":	{
				"start":	4.000055,
				"end":	5.000037,
				"seconds":	0.99998199939727783,
				"bytes":	1150328432,
				"bits_per_second":	9202793111.82274,
				"retransmits":	0,
				"omitted":	false,
				"sender":	true
			}
		}, {
			"streams":	[{
					"socket":	6,
					"start":	5.000037,
					"end":	6.000055,
					"seconds":	1.0000180006027222,
					"bytes":	1149677328,
					"bits_per_second":	9197253067.90139,
					"retransmits":	0,
					"snd_cwnd":	135660,
					"snd_wnd":	127824,
					"rtt":	107,
					"rttvar":	7,
					"pmtu":	1500,
					"omitted":	false,
					"sender":	true
				}],
			"sum":	{
				"start":	5.000037,
				"end":	6.000055,
				"seconds":	1.0000180006027222,
				"bytes":	1149677328,
				"bits_per_second":	9197253067.90139,
				"retransmits":	0,
				"omitted":	false,
				"sender":	true
			}
		}, {
			"streams":	[{
					"socket":	6,
					"start":	6.000055,
					"end":	7.000041,
					"seconds":	0.99998599290847778,
					"bytes":	1149970568,
					"bits_per_second":	9199893407.7489567,
					"retransmits":	0,
					"snd_cwnd":	135660,
					"snd_wnd":	127824,
					"rtt":	106,
					"rttvar":	5,
					"pmtu":	1500,
					"omitted":	false,
					"sender":	true
				}],
			"sum":	{
				"start":	6.000055,
				"end":	7.000041,
				"seconds":	0.99998599290847778,
				"bytes":	1149970568,
				"bits_per_second":	9199893407.7489567,
				"retransmits":	0,
				"omitted":	false,
				"sender":	true
			}
		}, {
			"streams":	[{
					"socket":	6,
					"start":	7.000041,
					"end":	8.000055,
					"seconds":	1.0000139474868774,
					"bytes":	1149055436,
					"bits_per_second":	9192315278.30328,
					"retransmits":	0,
					"snd_cwnd":	135660,
					"snd_wnd":	127824,
					"rtt":	108,
					"rttvar":	7,
					"pmtu":	1500,
					"omitted":	false,
					"sender":	true
				}],
			"sum":	{
				"start":	7.000041,
				"end":	8.000055,
				"seconds":	1.0000139474868774,
				"bytes":	1149055436,
				"bits_per_second":	9192315278.30328,
				"retransmits":	0,
				"omitted":	false,
				"sender":	true
			}
		}, {
			"streams":	[{
					"socket":	6,
					"start":	8.000055,
					"end":	9.000003,
					"seconds":	0.999948024749756,
					"bytes":	1149900564,
					"bits_per_second":	9199682667.8088264,
					"retransmits":	0,
					"snd_cwnd":	135660,
					"snd_wnd":	127824,
					"rtt":	109,
					"rttvar":	8,
					"pmtu":	1500,
					"omitted":	false,
					"sender":	true
				}],
			"sum":	{
				"start":	8.000055,
				"end":	9.000003,
				"seconds":	0.999948024749756,
				"bytes":	1149900564,
				"bits_per_second":	9199682667.8088264,
				"retransmits":	0,
				"omitted":	false,
				"sender":	true
			}
		}, {
			"streams":	[{
					"socket":	6,
					"start":	9.000003,
					"end":	10.000061,
					"seconds":	1.0000580549240112,
					"bytes":	1150754192,
					"bits_per_second":	9205499111.4486,
					"retransmits":	0,
					"snd_cwnd":	135660,
					"snd_wnd":	127824,
					"rtt":	108,
					"rttvar":	10,
					"pmtu":	1500,
					"omitted":	false,
					"sender":	true
				}],
			"sum":	{
				"start":	9.000003,
				"end":	10.000061,
				"seconds":	1.0000580549240112,
				"bytes":	1150754192,
				"bits_per_second":	9205499111.4486,
				"retransmits":	0,
				"omitted":	false,
				"sender":	true
			}
		}],
	"end":	{
		"streams":	[{
				"sender":	{
					"socket":	6,
					"start":	0,
					"end":	10.000061,
					"seconds":	10.000061,
					"bytes":	11494141132,
					"bits_per_second":	9195256814.53343,
					"retransmits":	0,
					"max_snd_cwnd":	135660,
					"max_snd_wnd":	127824,
					"max_rtt":	109,
					"min_rtt":	106,
					"mean_rtt":	107,
					"sender":	true
				},
				"receiver":	{
					"socket":	6,
					"start":	0,
					"end":	10.000149,
					"seconds":	10.000061,
					"bytes":	11494015468,
					"bits_per_second":	9195075367.77702,
					"sender":	true
				}
			}],
		"sum_sent":	{
			"start":	0,
			"end":	10.000061,
			"seconds":	10.000061,
			"bytes":	11494141132,
			"bits_per_second":	9195256814.53343,
			"retransmits":	0,
			"sender":	true
		},
		"sum_received":	{
			"start":	0,
			"end":	10.000149,
			"seconds":	10.000149,
			"bytes":	11494015468,
			"bits_per_second":	9195075367.77702,
			"sender":	true
		},
		"cpu_utilization_percent":	{
			"host_total":	9.01808231394432,
			"host_user":	0.668945139200275,
			"host_system":	8.3491371747440457,
			"remote_total":	33.716384024409216,
			"remote_user":	1.2842199661685278,
			"remote_system":	32.4321640582407
		},