{
	"start":	{
		"connected":	[{
				"socket":	6,
				"local_host":	"fe80::e63d:1aff:fe72:f1",
				"local_port":	32894,
				"remote_host":	"fe80::e63d:1aff:fe72:f0",
				"remote_port":	5201
			}],
		"version":	"iperf 3.10.1",
		"system_info":	"Linux ryan 5.10.89 #1-NixOS SMP Wed Dec 29 11:26:08 UTC 2021 x86_64",
		"timestamp":	{
			"time":	"Thu, 13 Jan 2022 15:39:05 GMT",
			"timesecs":	1642088345
		},
		"connecting_to":	{
			"host":	"fe80::e63d:1aff:fe72:f0%swissknife1",
			"port":	5201
		},
		"cookie":	"rle3sjc7tdjpze7fzwrm3cci3meuoldt5qd6",
		"tcp_mss_default":	1428,
		"sock_bufsize":	32768,
		"sndbuf_actual":	65536,
		"rcvbuf_actual":	65536,
		"test_start":	{
			"protocol":	"TCP",
			"num_streams":	1,
			"blksize":	131072,
			"omit":	0,
			"duration":	10,
			"bytes":	0,
			"blocks":	0,
			"reverse":	1,
			"tos":	0
		}
	},
	"intervals":	[{
			"streams":	[{
					"socket":	6,
					"start":	0,
					"end":	1.000031,
					"seconds":	1.0000309944152832,
					"bytes":	436648128,
					"bits_per_second":	3493076758.1283426,
					"omitted":	false,
					"sender":	false
				}],
			"sum":	{
				"start":	0,
				"end":	1.000031,
				"seconds":	1.0000309944152832,
				"bytes":	436648128,
				"bits_per_second":	3493076758.1283426,
				"omitted":	false,
				"sender":	false
			}
		}, {
			"streams":	[{
					"socket":	6,
					"start":	1.000031,
					"end":	2.00002,
					"seconds":	0.99998897314071655,
					"bytes":	387647068,
					"bits_per_second":	3101210740.6144452,
					"omitted":	false,
					"sender":	false
				}],
			"sum":	{
				"start":	1.000031,
				"end":	2.00002,
				"seconds":	0.99998897314071655,
				"bytes":	387647068,
				"bits_per_second":	3101210740.6144452,
				"omitted":	false,
				"sender":	false
			}
		}, {
			"streams":	[{
					"socket":	6,
					"start":	2.00002,
					"end":	3.000006,
					"seconds":	0.99998599290847778,
					"bytes":	337552284,
					"bits_per_second":	2700456097.53571,
					"omitted":	false,
					"sender":	false
				}],
			"sum":	{
				"start":	2.00002,
				"end":	3.000006,
				"seconds":	0.99998599290847778,
				"bytes":	337552284,
				"bits_per_second":	2700456097.53571,
				"omitted":	false,
				"sender":	false
			}
		}, {
			"streams":	[{
					"socket":	6,
					"start":	3.000006,
					"end":	4.000027,
					"seconds":	1.0000209808349609,
					"bytes":	328291408,
					"bits_per_second":	2626276162.5332723,
					"omitted":	false,
					"sender":	false
				}],
			"sum":	{
				"start":	3.000006,
				"end":	4.000027,
				"seconds":	1.0000209808349609,
				"bytes":	328291408,
				"bits_per_second":	2626276162.5332723,
				"omitted":	false,
				"sender":	false
			}
		}, {
			"streams":	[{
					"socket":	6,
					"start":	4.000027,
					"end":	5.000016,
					"seconds":	0.99998897314071655,
					"bytes":	357856760,
					"bits_per_second":	2862885648.6371922,
					"omitted":	false,
					"sender":	false
				}],
			"sum":	{
				"start":	4.000027,
				"end":	5.000016,
				"seconds":	0.99998897314071655,
				"bytes":	357856760,
				"bits_per_second":	2862885648.6371922,
				"omitted":	false,
				"sender":	false
			}
		}, {
			"streams":	[{
					"socket":	6,
					"start":	5.000016,
					"end":	6.000009,
					"seconds":	0.99999302625656128,
					"bytes":	364010308,
					"bits_per_second":	2912102772.2576008,
					"omitted":	false,
					"sender":	false
				}],
			"sum":	{
				"start":	5.000016,
				"end":	6.000009,
				"seconds":	0.99999302625656128,
				"bytes":	364010308,
				"bits_per_second":	2912102772.2576008,
				"omitted":	false,
				"sender":	false
			}
		}, {
			"streams":	[{
					"socket":	6,
					"start":	6.000009,
					"end":	7.000005,
					"seconds":	0.9999960064888,
					"bytes":	350481180,
					"bits_per_second":	2803860637.248858,
					"omitted":	false,
					"sender":	false
				}],
			"sum":	{
				"start":	6.000009,
				"end":	7.000005,
				"seconds":	0.9999960064888,
				"bytes":	350481180,
				"bits_per_second":	2803860637.248858,
				"omitted":	false,
				"sender":	false
			}
		}, {
			"streams":	[{
					"socket":	6,
					"start":	7.000005,
					"end":	8.00004,
					"seconds":	1.0000350475311279,
					"bytes":	362152916,
					"bits_per_second":	2897121791.0338473,
					"omitted":	false,
					"sender":	false
				}],
			"sum":	{
				"start":	7.000005,
				"end":	8.00004,
				"seconds":	1.0000350475311279,
				"bytes":	362152916,
				"bits_per_second":	2897121791.0338473,
				"omitted":	false,
				"sender":	false
			}
		}, {
			"streams":	[{
					"socket":	6,
					"start":	8.00004,
					"end":	9.000015,
					"seconds":	0.999975025653839,
					"bytes":	381905036,
					"bits_per_second":	3055316592.5342131,
					"omitted":	false,
					"sender":	false
				}],
			"sum":	{
				"start":	8.00004,
				"end":	9.000015,
				"seconds":	0.999975025653839,
				"bytes":	381905036,
				"bits_per_second":	3055316592.5342131,
				"omitted":	false,
				"sender":	false
			}
		}, {
			"streams":	[{
					"socket":	6,
					"start":	9.000015,
					"end":	10.000017,
					"seconds":	1.0000020265579224,
					"bytes":	391639000,
					"bits_per_second":	3133105650.5799222,
					"omitted":	false,
					"sender":	false
				}],
			"sum":	{
				"start":	9.000015,
				"end":	10.000017,
				"seconds":	1.0000020265579224,
				"bytes":	391639000,
				"bits_per_second":	3133105650.5799222,
				"omitted":	false,
				"sender":	false
			}
		}],
	"end":	{
		"streams":	[{
				"sender":	{
					"socket":	6,
					"start":	0,
					"end":	10.000112,
					"seconds":	10.000112,
					"bytes":	3698245492,
					"bits_per_second":	2958563257.691514,
					"retransmits":	0,
					"max_snd_cwnd":	0,
					"max_snd_wnd":	0,
					"max_rtt":	0,
					"min_rtt":	0,
					"mean_rtt":	0,
					"sender":	false
				},
				"receiver":	{
					"socket":	6,
					"start":	0,
					"end":	10.000017,
					"seconds":	10.000017,
					"bytes":	3698184088,
					"bits_per_second":	2958542240.87819,
					"sender":	false
				}
			}],
		"sum_sent":	{
			"start":	0,
			"end":	10.000112,
			"seconds":	10.000112,
			"bytes":	3698245492,
			"bits_per_second":	2958563257.691514,
			"retransmits":	0,
			"sender":	false
		},
		"sum_received":	{
			"start":	0,
			"end":	10.000017,
			"seconds":	10.000017,
			"bytes":	3698184088,
			"bits_per_second":	2958542240.87819,
			"sender":	false
		},
		"cpu_utilization_percent":	{
			"host_total":	28.416443285425842,
			"host_user":	1.7359551752531308,
			"host_system":	26.680508105509794,
			"remote_total":	17.675427943092188,
			"remote_user":	1.8735707022217669,
			"remote_system":	15.801857240870417
		},
		"sender_tcp_congestion":	"cubic",
		"receiver_tcp_congestion":	"cubic"
	}
}
