{
	"start":	{
		"connected":	[{
				"socket":	6,
				"local_host":	"fe80::e63d:1aff:fe72:f1",
				"local_port":	44920,
				"remote_host":	"fe80::e63d:1aff:fe72:f0",
				"remote_port":	5201
			}],
		"version":	"iperf 3.10.1",
		"system_info":	"Linux ryan 5.10.89 #1-NixOS SMP Wed Dec 29 11:26:08 UTC 2021 x86_64",
		"timestamp":	{
			"time":	"Thu, 13 Jan 2022 01:44:47 GMT",
			"timesecs":	1642038287
		},
		"connecting_to":	{
			"host":	"fe80::e63d:1aff:fe72:f0%swissknife1",
			"port":	5201
		},
		"cookie":	"cf4hlnprewyu5bpcytjecxyqcbqgowphfnlq",
		"tcp_mss_default":	1428,
		"sock_bufsize":	524288,
		"sndbuf_actual":	1048576,
		"rcvbuf_actual":	1048576,
		"test_start":	{
			"protocol":	"TCP",
			"num_streams":	1,
			"blksize":	131072,
			"omit":	0,
			"duration":	10,
			"bytes":	0,
			"blocks":	0,
			"reverse":	1,
			"tos":	0
		}
	},
	"intervals":	[{
			"streams":	[{
					"socket":	6,
					"start":	0,
					"end":	1.000055,
					"seconds":	1.0000549554824829,
					"bytes":	1160311404,
					"bits_per_second":	9281981136.24826,
					"omitted":	false,
					"sender":	false
				}],
			"sum":	{
				"start":	0,
				"end":	1.000055,
				"seconds":	1.0000549554824829,
				"bytes":	1160311404,
				"bits_per_second":	9281981136.24826,
				"omitted":	false,
				"sender":	false
			}
		}, {
			"streams":	[{
					"socket":	6,
					"start":	1.000055,
					"end":	2.000037,
					"seconds":	0.99998199939727783,
					"bytes":	1160389944,
					"bits_per_second":	9283286656.755064,
					"omitted":	false,
					"sender":	false
				}],
			"sum":	{
				"start":	1.000055,
				"end":	2.000037,
				"seconds":	0.99998199939727783,
				"bytes":	1160389944,
				"bits_per_second":	9283286656.755064,
				"omitted":	false,
				"sender":	false
			}
		}, {
			"streams":	[{
					"socket":	6,
					"start":	2.000037,
					"end":	3.00003,
					"seconds":	0.99999302625656128,
					"bytes":	1160599860,
					"bits_per_second":	9284863630.25682,
					"omitted":	false,
					"sender":	false
				}],
			"sum":	{
				"start":	2.000037,
				"end":	3.00003,
				"seconds":	0.99999302625656128,
				"bytes":	1160599860,
				"bits_per_second":	9284863630.25682,
				"omitted":	false,
				"sender":	false
			}
		}, {
			"streams":	[{
					"socket":	6,
					"start":	3.00003,
					"end":	4.000028,
					"seconds":	0.99999797344207764,
					"bytes":	1160599860,
					"bits_per_second":	9284817696.22086,
					"omitted":	false,
					"sender":	false
				}],
			"sum":	{
				"start":	3.00003,
				"end":	4.000028,
				"seconds":	0.99999797344207764,
				"bytes":	1160599860,
				"bits_per_second":	9284817696.22086,
				"omitted":	false,
				"sender":	false
			}
		}, {
			"streams":	[{
					"socket":	6,
					"start":	4.000028,
					"end":	5.000027,
					"seconds":	0.99999898672103882,
					"bytes":	1160616996,
					"bits_per_second":	9284945376.2398052,
					"omitted":	false,
					"sender":	false
				}],
			"sum":	{
				"start":	4.000028,
				"end":	5.000027,
				"seconds":	0.99999898672103882,
				"bytes":	1160616996,
				"bits_per_second":	9284945376.2398052,
				"omitted":	false,
				"sender":	false
			}
		}, {
			"streams":	[{
					"socket":	6,
					"start":	5.000027,
					"end":	6.000015,
					"seconds":	0.9999880194664,
					"bytes":	1160582724,
					"bits_per_second":	9284773028.5352345,
					"omitted":	false,
					"sender":	false
				}],
			"sum":	{
				"start":	5.000027,
				"end":	6.000015,
				"seconds":	0.9999880194664,
				"bytes":	1160582724,
				"bits_per_second":	9284773028.5352345,
				"omitted":	false,
				"sender":	false
			}
		}, {
			"streams":	[{
					"socket":	6,
					"start":	6.000015,
					"end":	7.000008,
					"seconds":	0.99999302625656128,
					"bytes":	1160407080,
					"bits_per_second":	9283321379.50156,
					"omitted":	false,
					"sender":	false
				}],
			"sum":	{
				"start":	6.000015,
				"end":	7.000008,
				"seconds":	0.99999302625656128,
				"bytes":	1160407080,
				"bits_per_second":	9283321379.50156,
				"omitted":	false,
				"sender":	false
			}
		}, {
			"streams":	[{
					"socket":	6,
					"start":	7.000008,
					"end":	8.000003,
					"seconds":	0.999994993209839,
					"bytes":	1160616996,
					"bits_per_second":	9284982455.958807,
					"omitted":	false,
					"sender":	false
				}],
			"sum":	{
				"start":	7.000008,
				"end":	8.000003,
				"seconds":	0.999994993209839,
				"bytes":	1160616996,
				"bits_per_second":	9284982455.958807,
				"omitted":	false,
				"sender":	false
			}
		}, {
			"streams":	[{
					"socket":	6,
					"start":	8.000003,
					"end":	9.00004,
					"seconds":	1.0000369548797607,
					"bytes":	1160454204,
					"bits_per_second":	9283290569.1132336,
					"omitted":	false,
					"sender":	false
				}],
			"sum":	{
				"start":	8.000003,
				"end":	9.00004,
				"seconds":	1.0000369548797607,
				"bytes":	1160454204,
				"bits_per_second":	9283290569.1132336,
				"omitted":	false,
				"sender":	false
			}
		}, {
			"streams":	[{
					"socket":	6,
					"start":	9.00004,
					"end":	10.000046,
					"seconds":	1.0000059604644775,
					"bytes":	1160616996,
					"bits_per_second":	9284880625.79885,
					"omitted":	false,
					"sender":	false
				}],
			"sum":	{
				"start":	9.00004,
				"end":	10.000046,
				"seconds":	1.0000059604644775,
				"bytes":	1160616996,
				"bits_per_second":	9284880625.79885,
				"omitted":	false,
				"sender":	false
			}
		}],
	"end":	{
		"streams":	[{
				"sender":	{
					"socket":	6,
					"start":	0,
					"end":	10.000115,
					"seconds":	10.000115,
					"bytes":	11605902924,
					"bits_per_second":	9284615566.12099,
					"retransmits":	0,
					"max_snd_cwnd":	0,
					"max_snd_wnd":	0,
					"max_rtt":	0,
					"min_rtt":	0,
					"mean_rtt":	0,
					"sender":	false
				},
				"receiver":	{
					"socket":	6,
					"start":	0,
					"end":	10.000046,
					"seconds":	10.000046,
					"bytes":	11605196064,
					"bits_per_second":	9284114144.2749367,
					"sender":	false
				}
			}],
		"sum_sent":	{
			"start":	0,
			"end":	10.000115,
			"seconds":	10.000115,
			"bytes":	11605902924,
			"bits_per_second":	9284615566.12099,
			"retransmits":	0,
			"sender":	false
		},
		"sum_received":	{
			"start":	0,
			"end":	10.000046,
			"seconds":	10.000046,
			"bytes":	11605196064,
			"bits_per_second":	9284114144.2749367,
			"sender":	false
		},
		"cpu_utilization_percent":	{
			"host_total":	34.857108064950225,
			"host_user":	1.3303114781043135,
			"host_system":	33.526796586845911,
			"remote_total":	7.09749270083978,
			"remote_user":	0.28898644546672075,
			"remote_system":	6.80851625525006
		},
		"sender_tcp_congestion":	"cubic",
		"receiver_tcp_congestion":	"cubic"
	}
}
