{
	"start":	{
		"connected":	[{
				"socket":	6,
				"local_host":	"fe80::e63d:1aff:fe72:f1",
				"local_port":	32878,
				"remote_host":	"fe80::e63d:1aff:fe72:f0",
				"remote_port":	5201
			}],
		"version":	"iperf 3.10.1",
		"system_info":	"Linux ryan 5.10.89 #1-NixOS SMP Wed Dec 29 11:26:08 UTC 2021 x86_64",
		"timestamp":	{
			"time":	"Thu, 13 Jan 2022 15:38:25 GMT",
			"timesecs":	1642088305
		},
		"connecting_to":	{
			"host":	"fe80::e63d:1aff:fe72:f0%swissknife1",
			"port":	5201
		},
		"cookie":	"hbwch4k5qhgvxc5yxopzq2icpn7gzxqr7vro",
		"tcp_mss_default":	1428,
		"sock_bufsize":	2048,
		"sndbuf_actual":	4608,
		"rcvbuf_actual":	4096,
		"test_start":	{
			"protocol":	"TCP",
			"num_streams":	1,
			"blksize":	131072,
			"omit":	0,
			"duration":	10,
			"bytes":	0,
			"blocks":	0,
			"reverse":	1,
			"tos":	0
		}
	},
	"intervals":	[{
			"streams":	[{
					"socket":	6,
					"start":	0,
					"end":	1.000013,
					"seconds":	1.000012993812561,
					"bytes":	20933232,
					"bits_per_second":	167463680.00833118,
					"omitted":	false,
					"sender":	false
				}],
			"sum":	{
				"start":	0,
				"end":	1.000013,
				"seconds":	1.000012993812561,
				"bytes":	20933232,
				"bits_per_second":	167463680.00833118,
				"omitted":	false,
				"sender":	false
			}
		}, {
			"streams":	[{
					"socket":	6,
					"start":	1.000013,
					"end":	2.000061,
					"seconds":	1.000048041343689,
					"bytes":	21903520,
					"bits_per_second":	175219742.20814347,
					"omitted":	false,
					"sender":	false
				}],
			"sum":	{
				"start":	1.000013,
				"end":	2.000061,
				"seconds":	1.000048041343689,
				"bytes":	21903520,
				"bits_per_second":	175219742.20814347,
				"omitted":	false,
				"sender":	false
			}
		}, {
			"streams":	[{
					"socket":	6,
					"start":	2.000061,
					"end":	3.000022,
					"seconds":	0.999961018562317,
					"bytes":	22129568,
					"bits_per_second":	177043445.40803438,
					"omitted":	false,
					"sender":	false
				}],
			"sum":	{
				"start":	2.000061,
				"end":	3.000022,
				"seconds":	0.999961018562317,
				"bytes":	22129568,
				"bits_per_second":	177043445.40803438,
				"omitted":	false,
				"sender":	false
			}
		}, {
			"streams":	[{
					"socket":	6,
					"start":	3.000022,
					"end":	4.000058,
					"seconds":	1.0000360012054443,
					"bytes":	22544384,
					"bits_per_second":	180348579.23374742,
					"omitted":	false,
					"sender":	false
				}],
			"sum":	{
				"start":	3.000022,
				"end":	4.000058,
				"seconds":	1.0000360012054443,
				"bytes":	22544384,
				"bits_per_second":	180348579.23374742,
				"omitted":	false,
				"sender":	false
			}
		}, {
			"streams":	[{
					"socket":	6,
					"start":	4.000058,
					"end":	5.000022,
					"seconds":	0.99996399879455566,
					"bytes":	22616416,
					"bits_per_second":	180937841.98042178,
					"omitted":	false,
					"sender":	false
				}],
			"sum":	{
				"start":	4.000058,
				"end":	5.000022,
				"seconds":	0.99996399879455566,
				"bytes":	22616416,
				"bits_per_second":	180937841.98042178,
				"omitted":	false,
				"sender":	false
			}
		}, {
			"streams":	[{
					"socket":	6,
					"start":	5.000022,
					"end":	6.00004,
					"seconds":	1.0000180006027222,
					"bytes":	20311120,
					"bits_per_second":	162486035.15343329,
					"omitted":	false,
					"sender":	false
				}],
			"sum":	{
				"start":	5.000022,
				"end":	6.00004,
				"seconds":	1.0000180006027222,
				"bytes":	20311120,
				"bits_per_second":	162486035.15343329,
				"omitted":	false,
				"sender":	false
			}
		}, {
			"streams":	[{
					"socket":	6,
					"start":	6.00004,
					"end":	7.000041,
					"seconds":	1.0000009536743164,
					"bytes":	22224608,
					"bits_per_second":	177796694.439859,
					"omitted":	false,
					"sender":	false
				}],
			"sum":	{
				"start":	6.00004,
				"end":	7.000041,
				"seconds":	1.0000009536743164,
				"bytes":	22224608,
				"bits_per_second":	177796694.439859,
				"omitted":	false,
				"sender":	false
			}
		}, {
			"streams":	[{
					"socket":	6,
					"start":	7.000041,
					"end":	8.000004,
					"seconds":	0.99996298551559448,
					"bytes":	21813424,
					"bits_per_second":	174513851.54023638,
					"omitted":	false,
					"sender":	false
				}],
			"sum":	{
				"start":	7.000041,
				"end":	8.000004,
				"seconds":	0.99996298551559448,
				"bytes":	21813424,
				"bits_per_second":	174513851.54023638,
				"omitted":	false,
				"sender":	false
			}
		}, {
			"streams":	[{
					"socket":	6,
					"start":	8.000004,
					"end":	9.000031,
					"seconds":	1.0000269412994385,
					"bytes":	20776336,
					"bits_per_second":	166206210.18872276,
					"omitted":	false,
					"sender":	false
				}],
			"sum":	{
				"start":	8.000004,
				"end":	9.000031,
				"seconds":	1.0000269412994385,
				"bytes":	20776336,
				"bits_per_second":	166206210.18872276,
				"omitted":	false,
				"sender":	false
			}
		}, {
			"streams":	[{
					"socket":	6,
					"start":	9.000031,
					"end":	10.000062,
					"seconds":	1.0000309944152832,
					"bytes":	20132528,
					"bits_per_second":	161055232.18725005,
					"omitted":	false,
					"sender":	false
				}],
			"sum":	{
				"start":	9.000031,
				"end":	10.000062,
				"seconds":	1.0000309944152832,
				"bytes":	20132528,
				"bits_per_second":	161055232.18725005,
				"omitted":	false,
				"sender":	false
			}
		}],
	"end":	{
		"streams":	[{
				"sender":	{
					"socket":	6,
					"start":	0,
					"end":	10.000186,
					"seconds":	10.000186,
					"bytes":	215387296,
					"bits_per_second":	172306631.89664674,
					"retransmits":	0,
					"max_snd_cwnd":	0,
					"max_snd_wnd":	0,
					"max_rtt":	0,
					"min_rtt":	0,
					"mean_rtt":	0,
					"sender":	false
				},
				"receiver":	{
					"socket":	6,
					"start":	0,
					"end":	10.000062,
					"seconds":	10.000062,
					"bytes":	215385136,
					"bits_per_second":	172307040.49634892,
					"sender":	false
				}
			}],
		"sum_sent":	{
			"start":	0,
			"end":	10.000186,
			"seconds":	10.000186,
			"bytes":	215387296,
			"bits_per_second":	172306631.89664674,
			"retransmits":	0,
			"sender":	false
		},
		"sum_received":	{
			"start":	0,
			"end":	10.000062,
			"seconds":	10.000062,
			"bytes":	215385136,
			"bits_per_second":	172307040.49634892,
			"sender":	false
		},
		"cpu_utilization_percent":	{
			"host_total":	15.093546014365208,
			"host_user":	1.3383312256057065,
			"host_system":	13.755204790842068,
			"remote_total":	16.217385652286954,
			"remote_user":	1.5716685666286674,
			"remote_system":	14.645707085858284
		},
		"sender_tcp_congestion":	"cubic",
		"receiver_tcp_congestion":	"cubic"
	}
}
