{
	"start":	{
		"connected":	[{
				"socket":	6,
				"local_host":	"fe80::e63d:1aff:fe72:f1",
				"local_port":	50904,
				"remote_host":	"fe80::e63d:1aff:fe72:f0",
				"remote_port":	5201
			}],
		"version":	"iperf 3.10.1",
		"system_info":	"Linux ryan 5.10.89 #1-NixOS SMP Wed Dec 29 11:26:08 UTC 2021 x86_64",
		"timestamp":	{
			"time":	"Thu, 13 Jan 2022 15:37:54 GMT",
			"timesecs":	1642088274
		},
		"connecting_to":	{
			"host":	"fe80::e63d:1aff:fe72:f0%swissknife1",
			"port":	5201
		},
		"cookie":	"loiydasibx6xyvchdixrsl5flhpclddnjrsb",
		"sock_bufsize":	0,
		"sndbuf_actual":	212992,
		"rcvbuf_actual":	212992,
		"test_start":	{
			"protocol":	"UDP",
			"num_streams":	1,
			"blksize":	1428,
			"omit":	0,
			"duration":	10,
			"bytes":	0,
			"blocks":	0,
			"reverse":	0,
			"tos":	0
		}
	},
	"intervals":	[{
			"streams":	[{
					"socket":	6,
					"start":	0,
					"end":	1.000005,
					"seconds":	1.0000050067901611,
					"bytes":	249957120,
					"bits_per_second":	1999646948.1873341,
					"packets":	175040,
					"omitted":	false,
					"sender":	true
				}],
			"sum":	{
				"start":	0,
				"end":	1.000005,
				"seconds":	1.0000050067901611,
				"bytes":	249957120,
				"bits_per_second":	1999646948.1873341,
				"packets":	175040,
				"omitted":	false,
				"sender":	true
			}
		}, {
			"streams":	[{
					"socket":	6,
					"start":	1.000005,
					"end":	2.000057,
					"seconds":	1.0000519752502441,
					"bytes":	250014240,
					"bits_per_second":	2000009968.9813714,
					"packets":	175080,
					"omitted":	false,
					"sender":	true
				}],
			"sum":	{
				"start":	1.000005,
				"end":	2.000057,
				"seconds":	1.0000519752502441,
				"bytes":	250014240,
				"bits_per_second":	2000009968.9813714,
				"packets":	175080,
				"omitted":	false,
				"sender":	true
			}
		}, {
			"streams":	[{
					"socket":	6,
					"start":	2.000057,
					"end":	3.000056,
					"seconds":	0.99999898672103882,
					"bytes":	250005672,
					"bits_per_second":	2000047402.6059544,
					"packets":	175074,
					"omitted":	false,
					"sender":	true
				}],
			"sum":	{
				"start":	2.000057,
				"end":	3.000056,
				"seconds":	0.99999898672103882,
				"bytes":	250005672,
				"bits_per_second":	2000047402.6059544,
				"packets":	175074,
				"omitted":	false,
				"sender":	true
			}
		}, {
			"streams":	[{
					"socket":	6,
					"start":	3.000056,
					"end":	4.000011,
					"seconds":	0.99995499849319458,
					"bytes":	249979968,
					"bits_per_second":	1999929743.8519783,
					"packets":	175056,
					"omitted":	false,
					"sender":	true
				}],
			"sum":	{
				"start":	3.000056,
				"end":	4.000011,
				"seconds":	0.99995499849319458,
				"bytes":	249979968,
				"bits_per_second":	1999929743.8519783,
				"packets":	175056,
				"omitted":	false,
				"sender":	true
			}
		}, {
			"streams":	[{
					"socket":	6,
					"start":	4.000011,
					"end":	5.000058,
					"seconds":	1.000046968460083,
					"bytes":	249994248,
					"bits_per_second":	1999860053.6528983,
					"packets":	175066,
					"omitted":	false,
					"sender":	true
				}],
			"sum":	{
				"start":	4.000011,
				"end":	5.000058,
				"seconds":	1.000046968460083,
				"bytes":	249994248,
				"bits_per_second":	1999860053.6528983,
				"packets":	175066,
				"omitted":	false,
				"sender":	true
			}
		}, {
			"streams":	[{
					"socket":	6,
					"start":	5.000058,
					"end":	6.000002,
					"seconds":	0.999943971633911,
					"bytes":	249947124,
					"bits_per_second":	1999689031.30911,
					"packets":	175033,
					"omitted":	false,
					"sender":	true
				}],
			"sum":	{
				"start":	5.000058,
				"end":	6.000002,
				"seconds":	0.999943971633911,
				"bytes":	249947124,
				"bits_per_second":	1999689031.30911,
				"packets":	175033,
				"omitted":	false,
				"sender":	true
			}
		}, {
			"streams":	[{
					"socket":	6,
					"start":	6.000002,
					"end":	7.000003,
					"seconds":	1.0000009536743164,
					"bytes":	249922848,
					"bits_per_second":	1999380877.2418087,
					"packets":	175016,
					"omitted":	false,
					"sender":	true
				}],
			"sum":	{
				"start":	6.000002,
				"end":	7.000003,
				"seconds":	1.0000009536743164,
				"bytes":	249922848,
				"bits_per_second":	1999380877.2418087,
				"packets":	175016,
				"omitted":	false,
				"sender":	true
			}
		}, {
			"streams":	[{
					"socket":	6,
					"start":	7.000003,
					"end":	8.000057,
					"seconds":	1.0000540018081665,
					"bytes":	250144188,
					"bits_per_second":	2001045443.9278045,
					"packets":	175171,
					"omitted":	false,
					"sender":	true
				}],
			"sum":	{
				"start":	7.000003,
				"end":	8.000057,
				"seconds":	1.0000540018081665,
				"bytes":	250144188,
				"bits_per_second":	2001045443.9278045,
				"packets":	175171,
				"omitted":	false,
				"sender":	true
			}
		}, {
			"streams":	[{
					"socket":	6,
					"start":	8.000057,
					"end":	9.000055,
					"seconds":	0.99999797344207764,
					"bytes":	249909996,
					"bits_per_second":	1999284019.6648691,
					"packets":	175007,
					"omitted":	false,
					"sender":	true
				}],
			"sum":	{
				"start":	8.000057,
				"end":	9.000055,
				"seconds":	0.99999797344207764,
				"bytes":	249909996,
				"bits_per_second":	1999284019.6648691,
				"packets":	175007,
				"omitted":	false,
				"sender":	true
			}
		}, {
			"streams":	[{
					"socket":	6,
					"start":	9.000055,
					"end":	10.000062,
					"seconds":	1.0000070333480835,
					"bytes":	249905712,
					"bits_per_second":	1999231634.7080135,
					"packets":	175004,
					"omitted":	false,
					"sender":	true
				}],
			"sum":	{
				"start":	9.000055,
				"end":	10.000062,
				"seconds":	1.0000070333480835,
				"bytes":	249905712,
				"bits_per_second":	1999231634.7080135,
				"packets":	175004,
				"omitted":	false,
				"sender":	true
			}
		}],
	"end":	{
		"streams":	[{
				"udp":	{
					"socket":	6,
					"start":	0,
					"end":	10.000062,
					"seconds":	10.000062,
					"bytes":	2499781116,
					"bits_per_second":	1999812493.9625375,
					"jitter_ms":	0.0032323995206464686,
					"lost_packets":	681058,
					"packets":	1750547,
					"lost_percent":	38.905439271267781,
					"out_of_order":	0,
					"sender":	true
				}
			}],
		"sum":	{
			"start":	0,
			"end":	10.20444,
			"seconds":	10.20444,
			"bytes":	2499781116,
			"bits_per_second":	1999812493.9625375,
			"jitter_ms":	0.0032323995206464686,
			"lost_packets":	681058,
			"packets":	1750547,
			"lost_percent":	38.905439271267781,
			"sender":	true
		},
		"cpu_utilization_percent":	{
			"host_total":	67.0157012568425,
			"host_user":	7.1565856913483747,
			"host_system":	59.859125564957161,
			"remote_total":	29.820951520822842,
			"remote_user":	3.1489028847532392,
			"remote_system":	26.6720486360696
		}
	}
}
