{
	"start":	{
		"connected":	[{
				"socket":	6,
				"local_host":	"fe80::e63d:1aff:fe72:f1",
				"local_port":	33703,
				"remote_host":	"fe80::e63d:1aff:fe72:f0",
				"remote_port":	5201
			}],
		"version":	"iperf 3.10.1",
		"system_info":	"Linux ryan 5.10.89 #1-NixOS SMP Wed Dec 29 11:26:08 UTC 2021 x86_64",
		"timestamp":	{
			"time":	"Thu, 13 Jan 2022 01:42:26 GMT",
			"timesecs":	1642038146
		},
		"connecting_to":	{
			"host":	"fe80::e63d:1aff:fe72:f0%swissknife1",
			"port":	5201
		},
		"cookie":	"hc5m5c2xmdqiedjvvkk5emkfrewvyj5serud",
		"sock_bufsize":	0,
		"sndbuf_actual":	212992,
		"rcvbuf_actual":	212992,
		"test_start":	{
			"protocol":	"UDP",
			"num_streams":	1,
			"blksize":	1428,
			"omit":	0,
			"duration":	10,
			"bytes":	0,
			"blocks":	0,
			"reverse":	0,
			"tos":	0
		}
	},
	"intervals":	[{
			"streams":	[{
					"socket":	6,
					"start":	0,
					"end":	1.000054,
					"seconds":	1.0000540018081665,
					"bytes":	62449296,
					"bits_per_second":	499567390.45761424,
					"packets":	43732,
					"omitted":	false,
					"sender":	true
				}],
			"sum":	{
				"start":	0,
				"end":	1.000054,
				"seconds":	1.0000540018081665,
				"bytes":	62449296,
				"bits_per_second":	499567390.45761424,
				"packets":	43732,
				"omitted":	false,
				"sender":	true
			}
		}, {
			"streams":	[{
					"socket":	6,
					"start":	1.000054,
					"end":	2.000056,
					"seconds":	1.0000020265579224,
					"bytes":	62499276,
					"bits_per_second":	499993194.73483,
					"packets":	43767,
					"omitted":	false,
					"sender":	true
				}],
			"sum":	{
				"start":	1.000054,
				"end":	2.000056,
				"seconds":	1.0000020265579224,
				"bytes":	62499276,
				"bits_per_second":	499993194.73483,
				"packets":	43767,
				"omitted":	false,
				"sender":	true
			}
		}, {
			"streams":	[{
					"socket":	6,
					"start":	2.000056,
					"end":	3.000055,
					"seconds":	0.99999898672103882,
					"bytes":	62500704,
					"bits_per_second":	500006138.64570075,
					"packets":	43768,
					"omitted":	false,
					"sender":	true
				}],
			"sum":	{
				"start":	2.000056,
				"end":	3.000055,
				"seconds":	0.99999898672103882,
				"bytes":	62500704,
				"bits_per_second":	500006138.64570075,
				"packets":	43768,
				"omitted":	false,
				"sender":	true
			}
		}, {
			"streams":	[{
					"socket":	6,
					"start":	3.000055,
					"end":	4.000055,
					"seconds":	1,
					"bytes":	62499276,
					"bits_per_second":	499994208,
					"packets":	43767,
					"omitted":	false,
					"sender":	true
				}],
			"sum":	{
				"start":	3.000055,
				"end":	4.000055,
				"seconds":	1,
				"bytes":	62499276,
				"bits_per_second":	499994208,
				"packets":	43767,
				"omitted":	false,
				"sender":	true
			}
		}, {
			"streams":	[{
					"socket":	6,
					"start":	4.000055,
					"end":	5.000053,
					"seconds":	0.99999797344207764,
					"bytes":	62500704,
					"bits_per_second":	500006645.29242826,
					"packets":	43768,
					"omitted":	false,
					"sender":	true
				}],
			"sum":	{
				"start":	4.000055,
				"end":	5.000053,
				"seconds":	0.99999797344207764,
				"bytes":	62500704,
				"bits_per_second":	500006645.29242826,
				"packets":	43768,
				"omitted":	false,
				"sender":	true
			}
		}, {
			"streams":	[{
					"socket":	6,
					"start":	5.000053,
					"end":	6.000054,
					"seconds":	1.0000009536743164,
					"bytes":	62499276,
					"bits_per_second":	499993731.1688202,
					"packets":	43767,
					"omitted":	false,
					"sender":	true
				}],
			"sum":	{
				"start":	5.000053,
				"end":	6.000054,
				"seconds":	1.0000009536743164,
				"bytes":	62499276,
				"bits_per_second":	499993731.1688202,
				"packets":	43767,
				"omitted":	false,
				"sender":	true
			}
		}, {
			"streams":	[{
					"socket":	6,
					"start":	6.000054,
					"end":	7.000054,
					"seconds":	1,
					"bytes":	62499276,
					"bits_per_second":	499994208,
					"packets":	43767,
					"omitted":	false,
					"sender":	true
				}],
			"sum":	{
				"start":	6.000054,
				"end":	7.000054,
				"seconds":	1,
				"bytes":	62499276,
				"bits_per_second":	499994208,
				"packets":	43767,
				"omitted":	false,
				"sender":	true
			}
		}, {
			"streams":	[{
					"socket":	6,
					"start":	7.000054,
					"end":	8.000054,
					"seconds":	1,
					"bytes":	62500704,
					"bits_per_second":	500005632,
					"packets":	43768,
					"omitted":	false,
					"sender":	true
				}],
			"sum":	{
				"start":	7.000054,
				"end":	8.000054,
				"seconds":	1,
				"bytes":	62500704,
				"bits_per_second":	500005632,
				"packets":	43768,
				"omitted":	false,
				"sender":	true
			}
		}, {
			"streams":	[{
					"socket":	6,
					"start":	8.000054,
					"end":	9.000055,
					"seconds":	1.0000009536743164,
					"bytes":	62502132,
					"bits_per_second":	500016579.14703071,
					"packets":	43769,
					"omitted":	false,
					"sender":	true
				}],
			"sum":	{
				"start":	8.000054,
				"end":	9.000055,
				"seconds":	1.0000009536743164,
				"bytes":	62502132,
				"bits_per_second":	500016579.14703071,
				"packets":	43769,
				"omitted":	false,
				"sender":	true
			}
		}, {
			"streams":	[{
					"socket":	6,
					"start":	9.000055,
					"end":	10.000058,
					"seconds":	1.0000029802322388,
					"bytes":	62497848,
					"bits_per_second":	499981293.939629,
					"packets":	43766,
					"omitted":	false,
					"sender":	true
				}],
			"sum":	{
				"start":	9.000055,
				"end":	10.000058,
				"seconds":	1.0000029802322388,
				"bytes":	62497848,
				"bits_per_second":	499981293.939629,
				"packets":	43766,
				"omitted":	false,
				"sender":	true
			}
		}],
	"end":	{
		"streams":	[{
				"udp":	{
					"socket":	6,
					"start":	0,
					"end":	10.000058,
					"seconds":	10.000058,
					"bytes":	624948492,
					"bits_per_second":	499955893.85581565,
					"jitter_ms":	0.0021226391663559407,
					"lost_packets":	0,
					"packets":	437639,
					"lost_percent":	0,
					"out_of_order":	0,
					"sender":	true
				}
			}],
		"sum":	{
			"start":	0,
			"end":	10.000174,
			"seconds":	10.000174,
			"bytes":	624948492,
			"bits_per_second":	499955893.85581565,
			"jitter_ms":	0.0021226391663559407,
			"lost_packets":	0,
			"packets":	437639,
			"lost_percent":	0,
			"sender":	true
		},
		"cpu_utilization_percent":	{
			"host_total":	11.769240314809016,
			"host_user":	0,
			"host_system":	11.769250314206053,
			"remote_total":	8.32558013955749,
			"remote_user":	0.40882264119245848,
			"remote_system":	7.9167774980050361
		}
	}
}
