{
	"start":	{
		"connected":	[{
				"socket":	6,
				"local_host":	"fe80::e63d:1aff:fe72:f1",
				"local_port":	32838,
				"remote_host":	"fe80::e63d:1aff:fe72:f0",
				"remote_port":	5201
			}],
		"version":	"iperf 3.10.1",
		"system_info":	"Linux ryan 5.10.89 #1-NixOS SMP Wed Dec 29 11:26:08 UTC 2021 x86_64",
		"timestamp":	{
			"time":	"Thu, 13 Jan 2022 15:36:14 GMT",
			"timesecs":	1642088174
		},
		"connecting_to":	{
			"host":	"fe80::e63d:1aff:fe72:f0%swissknife1",
			"port":	5201
		},
		"cookie":	"xsfil462zknzvjztlpuzafmk3wugprdiachc",
		"tcp_mss_default":	1428,
		"sock_bufsize":	8192,
		"sndbuf_actual":	16384,
		"rcvbuf_actual":	16384,
		"test_start":	{
			"protocol":	"TCP",
			"num_streams":	1,
			"blksize":	131072,
			"omit":	0,
			"duration":	10,
			"bytes":	0,
			"blocks":	0,
			"reverse":	0,
			"tos":	0
		}
	},
	"intervals":	[{
			"streams":	[{
					"socket":	6,
					"start":	0,
					"end":	1.000057,
					"seconds":	1.0000569820404053,
					"bytes":	121282880,
					"bits_per_second":	970207755.58247,
					"retransmits":	0,
					"snd_cwnd":	14280,
					"snd_wnd":	5712,
					"rtt":	54,
					"rttvar":	10,
					"pmtu":	1500,
					"omitted":	false,
					"sender":	true
				}],
			"sum":	{
				"start":	0,
				"end":	1.000057,
				"seconds":	1.0000569820404053,
				"bytes":	121282880,
				"bits_per_second":	970207755.58247,
				"retransmits":	0,
				"omitted":	false,
				"sender":	true
			}
		}, {
			"streams":	[{
					"socket":	6,
					"start":	1.000057,
					"end":	2.000053,
					"seconds":	0.9999960064888,
					"bytes":	113008120,
					"bits_per_second":	904068570.40796149,
					"retransmits":	0,
					"snd_cwnd":	14280,
					"snd_wnd":	5712,
					"rtt":	53,
					"rttvar":	5,
					"pmtu":	1500,
					"omitted":	false,
					"sender":	true
				}],
			"sum":	{
				"start":	1.000057,
				"end":	2.000053,
				"seconds":	0.9999960064888,
				"bytes":	113008120,
				"bits_per_second":	904068570.40796149,
				"retransmits":	0,
				"omitted":	false,
				"sender":	true
			}
		}, {
			"streams":	[{
					"socket":	6,
					"start":	2.000053,
					"end":	3.000011,
					"seconds":	0.99995797872543335,
					"bytes":	85724268,
					"bits_per_second":	685822963.155039,
					"retransmits":	5,
					"snd_cwnd":	9996,
					"snd_wnd":	5712,
					"rtt":	53,
					"rttvar":	3,
					"pmtu":	1500,
					"omitted":	false,
					"sender":	true
				}],
			"sum":	{
				"start":	2.000053,
				"end":	3.000011,
				"seconds":	0.99995797872543335,
				"bytes":	85724268,
				"bits_per_second":	685822963.155039,
				"retransmits":	5,
				"omitted":	false,
				"sender":	true
			}
		}, {
			"streams":	[{
					"socket":	6,
					"start":	3.000011,
					"end":	4.000036,
					"seconds":	1.0000250339508057,
					"bytes":	103571004,
					"bits_per_second":	828547290.18789732,
					"retransmits":	0,
					"snd_cwnd":	9996,
					"snd_wnd":	5712,
					"rtt":	55,
					"rttvar":	4,
					"pmtu":	1500,
					"omitted":	false,
					"sender":	true
				}],
			"sum":	{
				"start":	3.000011,
				"end":	4.000036,
				"seconds":	1.0000250339508057,
				"bytes":	103571004,
				"bits_per_second":	828547290.18789732,
				"retransmits":	0,
				"omitted":	false,
				"sender":	true
			}
		}, {
			"streams":	[{
					"socket":	6,
					"start":	4.000036,
					"end":	5.000031,
					"seconds":	0.999994993209839,
					"bytes":	100541680,
					"bits_per_second":	804337467.14891672,
					"retransmits":	0,
					"snd_cwnd":	9996,
					"snd_wnd":	5712,
					"rtt":	53,
					"rttvar":	5,
					"pmtu":	1500,
					"omitted":	false,
					"sender":	true
				}],
			"sum":	{
				"start":	4.000036,
				"end":	5.000031,
				"seconds":	0.999994993209839,
				"bytes":	100541680,
				"bits_per_second":	804337467.14891672,
				"retransmits":	0,
				"omitted":	false,
				"sender":	true
			}
		}, {
			"streams":	[{
					"socket":	6,
					"start":	5.000031,
					"end":	6.000056,
					"seconds":	1.0000250339508057,
					"bytes":	97418160,
					"bits_per_second":	779325770.39700234,
					"retransmits":	0,
					"snd_cwnd":	9996,
					"snd_wnd":	5712,
					"rtt":	51,
					"rttvar":	2,
					"pmtu":	1500,
					"omitted":	false,
					"sender":	true
				}],
			"sum":	{
				"start":	5.000031,
				"end":	6.000056,
				"seconds":	1.0000250339508057,
				"bytes":	97418160,
				"bits_per_second":	779325770.39700234,
				"retransmits":	0,
				"omitted":	false,
				"sender":	true
			}
		}, {
			"streams":	[{
					"socket":	6,
					"start":	6.000056,
					"end":	7.000049,
					"seconds":	0.99999302625656128,
					"bytes":	99920016,
					"bits_per_second":	799365702.57132339,
					"retransmits":	0,
					"snd_cwnd":	9996,
					"snd_wnd":	5712,
					"rtt":	50,
					"rttvar":	1,
					"pmtu":	1500,
					"omitted":	false,
					"sender":	true
				}],
			"sum":	{
				"start":	6.000056,
				"end":	7.000049,
				"seconds":	0.99999302625656128,
				"bytes":	99920016,
				"bits_per_second":	799365702.57132339,
				"retransmits":	0,
				"omitted":	false,
				"sender":	true
			}
		}, {
			"streams":	[{
					"socket":	6,
					"start":	7.000049,
					"end":	8.000027,
					"seconds":	0.999978005886078,
					"bytes":	108306688,
					"bits_per_second":	866472561.29622352,
					"retransmits":	2,
					"snd_cwnd":	7140,
					"snd_wnd":	5712,
					"rtt":	56,
					"rttvar":	1,
					"pmtu":	1500,
					"omitted":	false,
					"sender":	true
				}],
			"sum":	{
				"start":	7.000049,
				"end":	8.000027,
				"seconds":	0.999978005886078,
				"bytes":	108306688,
				"bits_per_second":	866472561.29622352,
				"retransmits":	2,
				"omitted":	false,
				"sender":	true
			}
		}, {
			"streams":	[{
					"socket":	6,
					"start":	8.000027,
					"end":	9.000031,
					"seconds":	1.0000040531158447,
					"bytes":	110803056,
					"bits_per_second":	886420855.23358655,
					"retransmits":	0,
					"snd_cwnd":	7140,
					"snd_wnd":	5712,
					"rtt":	53,
					"rttvar":	3,
					"pmtu":	1500,
					"omitted":	false,
					"sender":	true
				}],
			"sum":	{
				"start":	8.000027,
				"end":	9.000031,
				"seconds":	1.0000040531158447,
				"bytes":	110803056,
				"bits_per_second":	886420855.23358655,
				"retransmits":	0,
				"omitted":	false,
				"sender":	true
			}
		}, {
			"streams":	[{
					"socket":	6,
					"start":	9.000031,
					"end":	10.000027,
					"seconds":	0.9999960064888,
					"bytes":	111626760,
					"bits_per_second":	893017646.275972,
					"retransmits":	0,
					"snd_cwnd":	9996,
					"snd_wnd":	5712,
					"rtt":	64,
					"rttvar":	28,
					"pmtu":	1500,
					"omitted":	false,
					"sender":	true
				}],
			"sum":	{
				"start":	9.000031,
				"end":	10.000027,
				"seconds":	0.9999960064888,
				"bytes":	111626760,
				"bits_per_second":	893017646.275972,
				"retransmits":	0,
				"omitted":	false,
				"sender":	true
			}
		}],
	"end":	{
		"streams":	[{
				"sender":	{
					"socket":	6,
					"start":	0,
					"end":	10.000027,
					"seconds":	10.000027,
					"bytes":	1052202632,
					"bits_per_second":	841759832.84845138,
					"retransmits":	7,
					"max_snd_cwnd":	14280,
					"max_snd_wnd":	5712,
					"max_rtt":	64,
					"min_rtt":	50,
					"mean_rtt":	54,
					"sender":	true
				},
				"receiver":	{
					"socket":	6,
					"start":	0,
					"end":	10.000116,
					"seconds":	10.000027,
					"bytes":	1052202632,
					"bits_per_second":	841752341.27284122,
					"sender":	true
				}
			}],
		"sum_sent":	{
			"start":	0,
			"end":	10.000027,
			"seconds":	10.000027,
			"bytes":	1052202632,
			"bits_per_second":	841759832.84845138,
			"retransmits":	7,
			"sender":	true
		},
		"sum_received":	{
			"start":	0,
			"end":	10.000116,
			"seconds":	10.000116,
			"bytes":	1052202632,
			"bits_per_second":	841752341.27284122,
			"sender":	true
		},
		"cpu_utilization_percent":	{
			"host_total":	17.757904857865476,
			"host_user":	2.3383468426508851,
			"host_system":	15.419558015214591,
			"remote_total":	21.231282485840676,
			"remote_user":	2.2328418661924863,
			"remote_system":	18.99843061977419
		},
		"sender_tcp_congestion":	"cubic",
		"receiver_tcp_congestion":	"cubic"
	}
}
