{
	"start":	{
		"connected":	[{
				"socket":	6,
				"local_host":	"fe80::e63d:1aff:fe72:f1",
				"local_port":	57617,
				"remote_host":	"fe80::e63d:1aff:fe72:f0",
				"remote_port":	5201
			}],
		"version":	"iperf 3.10.1",
		"system_info":	"Linux ryan 5.10.89 #1-NixOS SMP Wed Dec 29 11:26:08 UTC 2021 x86_64",
		"timestamp":	{
			"time":	"Thu, 13 Jan 2022 01:42:36 GMT",
			"timesecs":	1642038156
		},
		"connecting_to":	{
			"host":	"fe80::e63d:1aff:fe72:f0%swissknife1",
			"port":	5201
		},
		"cookie":	"iaryu5es3eal6oedtktg6k7hopfmv6bje3hy",
		"sock_bufsize":	0,
		"sndbuf_actual":	212992,
		"rcvbuf_actual":	212992,
		"test_start":	{
			"protocol":	"UDP",
			"num_streams":	1,
			"blksize":	1428,
			"omit":	0,
			"duration":	10,
			"bytes":	0,
			"blocks":	0,
			"reverse":	0,
			"tos":	0
		}
	},
	"intervals":	[{
			"streams":	[{
					"socket":	6,
					"start":	0,
					"end":	1.000054,
					"seconds":	1.0000540018081665,
					"bytes":	93673944,
					"bits_per_second":	749351085.68642139,
					"packets":	65598,
					"omitted":	false,
					"sender":	true
				}],
			"sum":	{
				"start":	0,
				"end":	1.000054,
				"seconds":	1.0000540018081665,
				"bytes":	93673944,
				"bits_per_second":	749351085.68642139,
				"packets":	65598,
				"omitted":	false,
				"sender":	true
			}
		}, {
			"streams":	[{
					"socket":	6,
					"start":	1.000054,
					"end":	2.000055,
					"seconds":	1.0000009536743164,
					"bytes":	93749628,
					"bits_per_second":	749996308.747783,
					"packets":	65651,
					"omitted":	false,
					"sender":	true
				}],
			"sum":	{
				"start":	1.000054,
				"end":	2.000055,
				"seconds":	1.0000009536743164,
				"bytes":	93749628,
				"bits_per_second":	749996308.747783,
				"packets":	65651,
				"omitted":	false,
				"sender":	true
			}
		}, {
			"streams":	[{
					"socket":	6,
					"start":	2.000055,
					"end":	3.000055,
					"seconds":	1,
					"bytes":	93749628,
					"bits_per_second":	749997024,
					"packets":	65651,
					"omitted":	false,
					"sender":	true
				}],
			"sum":	{
				"start":	2.000055,
				"end":	3.000055,
				"seconds":	1,
				"bytes":	93749628,
				"bits_per_second":	749997024,
				"packets":	65651,
				"omitted":	false,
				"sender":	true
			}
		}, {
			"streams":	[{
					"socket":	6,
					"start":	3.000055,
					"end":	4.000054,
					"seconds":	0.99999898672103882,
					"bytes":	93755340,
					"bits_per_second":	750043480.00327826,
					"packets":	65655,
					"omitted":	false,
					"sender":	true
				}],
			"sum":	{
				"start":	3.000055,
				"end":	4.000054,
				"seconds":	0.99999898672103882,
				"bytes":	93755340,
				"bits_per_second":	750043480.00327826,
				"packets":	65655,
				"omitted":	false,
				"sender":	true
			}
		}, {
			"streams":	[{
					"socket":	6,
					"start":	4.000054,
					"end":	5.000055,
					"seconds":	1.0000009536743164,
					"bytes":	93761052,
					"bits_per_second":	750087700.660625,
					"packets":	65659,
					"omitted":	false,
					"sender":	true
				}],
			"sum":	{
				"start":	4.000054,
				"end":	5.000055,
				"seconds":	1.0000009536743164,
				"bytes":	93761052,
				"bits_per_second":	750087700.660625,
				"packets":	65659,
				"omitted":	false,
				"sender":	true
			}
		}, {
			"streams":	[{
					"socket":	6,
					"start":	5.000055,
					"end":	6.000055,
					"seconds":	1,
					"bytes":	93749628,
					"bits_per_second":	749997024,
					"packets":	65651,
					"omitted":	false,
					"sender":	true
				}],
			"sum":	{
				"start":	5.000055,
				"end":	6.000055,
				"seconds":	1,
				"bytes":	93749628,
				"bits_per_second":	749997024,
				"packets":	65651,
				"omitted":	false,
				"sender":	true
			}
		}, {
			"streams":	[{
					"socket":	6,
					"start":	6.000055,
					"end":	7.000055,
					"seconds":	1,
					"bytes":	93751056,
					"bits_per_second":	750008448,
					"packets":	65652,
					"omitted":	false,
					"sender":	true
				}],
			"sum":	{
				"start":	6.000055,
				"end":	7.000055,
				"seconds":	1,
				"bytes":	93751056,
				"bits_per_second":	750008448,
				"packets":	65652,
				"omitted":	false,
				"sender":	true
			}
		}, {
			"streams":	[{
					"socket":	6,
					"start":	7.000055,
					"end":	8.000059,
					"seconds":	1.0000040531158447,
					"bytes":	93748200,
					"bits_per_second":	749982560.233802,
					"packets":	65650,
					"omitted":	false,
					"sender":	true
				}],
			"sum":	{
				"start":	7.000055,
				"end":	8.000059,
				"seconds":	1.0000040531158447,
				"bytes":	93748200,
				"bits_per_second":	749982560.233802,
				"packets":	65650,
				"omitted":	false,
				"sender":	true
			}
		}, {
			"streams":	[{
					"socket":	6,
					"start":	8.000059,
					"end":	9.000055,
					"seconds":	0.9999960064888,
					"bytes":	93751056,
					"bits_per_second":	750011443.17909837,
					"packets":	65652,
					"omitted":	false,
					"sender":	true
				}],
			"sum":	{
				"start":	8.000059,
				"end":	9.000055,
				"seconds":	0.9999960064888,
				"bytes":	93751056,
				"bits_per_second":	750011443.17909837,
				"packets":	65652,
				"omitted":	false,
				"sender":	true
			}
		}, {
			"streams":	[{
					"socket":	6,
					"start":	9.000055,
					"end":	10.000058,
					"seconds":	1.0000029802322388,
					"bytes":	93749628,
					"bits_per_second":	749994788.84135139,
					"packets":	65651,
					"omitted":	false,
					"sender":	true
				}],
			"sum":	{
				"start":	9.000055,
				"end":	10.000058,
				"seconds":	1.0000029802322388,
				"bytes":	93749628,
				"bits_per_second":	749994788.84135139,
				"packets":	65651,
				"omitted":	false,
				"sender":	true
			}
		}],
	"end":	{
		"streams":	[{
				"udp":	{
					"socket":	6,
					"start":	0,
					"end":	10.000058,
					"seconds":	10.000058,
					"bytes":	937439160,
					"bits_per_second":	749946978.307526,
					"jitter_ms":	0.0035873633142866346,
					"lost_packets":	439,
					"packets":	656470,
					"lost_percent":	0.066872819778512352,
					"out_of_order":	0,
					"sender":	true
				}
			}],
		"sum":	{
			"start":	0,
			"end":	10.000145,
			"seconds":	10.000145,
			"bytes":	937439160,
			"bits_per_second":	749946978.307526,
			"jitter_ms":	0.0035873633142866346,
			"lost_packets":	439,
			"packets":	656470,
			"lost_percent":	0.066872819778512352,
			"sender":	true
		},
		"cpu_utilization_percent":	{
			"host_total":	21.528427455562042,
			"host_user":	21.528427455562042,
			"host_system":	0,
			"remote_total":	13.171675839024497,
			"remote_user":	0.64771996034061474,
			"remote_system":	12.523945878838877
		}
	}
}
