{
	"start":	{
		"connected":	[{
				"socket":	6,
				"local_host":	"fe80::e63d:1aff:fe72:f1",
				"local_port":	44916,
				"remote_host":	"fe80::e63d:1aff:fe72:f0",
				"remote_port":	5201
			}],
		"version":	"iperf 3.10.1",
		"system_info":	"Linux ryan 5.10.89 #1-NixOS SMP Wed Dec 29 11:26:08 UTC 2021 x86_64",
		"timestamp":	{
			"time":	"Thu, 13 Jan 2022 01:44:37 GMT",
			"timesecs":	1642038277
		},
		"connecting_to":	{
			"host":	"fe80::e63d:1aff:fe72:f0%swissknife1",
			"port":	5201
		},
		"cookie":	"wrtzfi3ac6ux7bspb4biprj4qyqxaropkkwk",
		"tcp_mss_default":	1428,
		"sock_bufsize":	262144,
		"sndbuf_actual":	524288,
		"rcvbuf_actual":	524288,
		"test_start":	{
			"protocol":	"TCP",
			"num_streams":	1,
			"blksize":	131072,
			"omit":	0,
			"duration":	10,
			"bytes":	0,
			"blocks":	0,
			"reverse":	1,
			"tos":	0
		}
	},
	"intervals":	[{
			"streams":	[{
					"socket":	6,
					"start":	0,
					"end":	1.000009,
					"seconds":	1.0000089406967163,
					"bytes":	1160311404,
					"bits_per_second":	9282408240.80312,
					"omitted":	false,
					"sender":	false
				}],
			"sum":	{
				"start":	0,
				"end":	1.000009,
				"seconds":	1.0000089406967163,
				"bytes":	1160311404,
				"bits_per_second":	9282408240.80312,
				"omitted":	false,
				"sender":	false
			}
		}, {
			"streams":	[{
					"socket":	6,
					"start":	1.000009,
					"end":	2.000007,
					"seconds":	0.99999797344207764,
					"bytes":	1160518464,
					"bits_per_second":	9284166526.90123,
					"omitted":	false,
					"sender":	false
				}],
			"sum":	{
				"start":	1.000009,
				"end":	2.000007,
				"seconds":	0.99999797344207764,
				"bytes":	1160518464,
				"bits_per_second":	9284166526.90123,
				"omitted":	false,
				"sender":	false
			}
		}, {
			"streams":	[{
					"socket":	6,
					"start":	2.000007,
					"end":	3.000009,
					"seconds":	1.0000020265579224,
					"bytes":	1160616996,
					"bits_per_second":	9284917151.5775871,
					"omitted":	false,
					"sender":	false
				}],
			"sum":	{
				"start":	2.000007,
				"end":	3.000009,
				"seconds":	1.0000020265579224,
				"bytes":	1160616996,
				"bits_per_second":	9284917151.5775871,
				"omitted":	false,
				"sender":	false
			}
		}, {
			"streams":	[{
					"socket":	6,
					"start":	3.000009,
					"end":	4.000019,
					"seconds":	1.0000100135803223,
					"bytes":	1160407080,
					"bits_per_second":	9283163682.29482,
					"omitted":	false,
					"sender":	false
				}],
			"sum":	{
				"start":	3.000009,
				"end":	4.000019,
				"seconds":	1.0000100135803223,
				"bytes":	1160407080,
				"bits_per_second":	9283163682.29482,
				"omitted":	false,
				"sender":	false
			}
		}, {
			"streams":	[{
					"socket":	6,
					"start":	4.000019,
					"end":	5.000009,
					"seconds":	0.99998998641967773,
					"bytes":	1160599860,
					"bits_per_second":	9284891855.0103741,
					"omitted":	false,
					"sender":	false
				}],
			"sum":	{
				"start":	4.000019,
				"end":	5.000009,
				"seconds":	0.99998998641967773,
				"bytes":	1160599860,
				"bits_per_second":	9284891855.0103741,
				"omitted":	false,
				"sender":	false
			}
		}, {
			"streams":	[{
					"socket":	6,
					"start":	5.000009,
					"end":	6.00001,
					"seconds":	1.0000009536743164,
					"bytes":	1160599860,
					"bits_per_second":	9284790025.33422,
					"omitted":	false,
					"sender":	false
				}],
			"sum":	{
				"start":	5.000009,
				"end":	6.00001,
				"seconds":	1.0000009536743164,
				"bytes":	1160599860,
				"bits_per_second":	9284790025.33422,
				"omitted":	false,
				"sender":	false
			}
		}, {
			"streams":	[{
					"socket":	6,
					"start":	6.00001,
					"end":	7.000039,
					"seconds":	1.0000289678573608,
					"bytes":	1160471340,
					"bits_per_second":	9283501796.84414,
					"omitted":	false,
					"sender":	false
				}],
			"sum":	{
				"start":	6.00001,
				"end":	7.000039,
				"seconds":	1.0000289678573608,
				"bytes":	1160471340,
				"bits_per_second":	9283501796.84414,
				"omitted":	false,
				"sender":	false
			}
		}, {
			"streams":	[{
					"socket":	6,
					"start":	7.000039,
					"end":	8.000024,
					"seconds":	0.9999849796295166,
					"bytes":	1160599860,
					"bits_per_second":	9284938343.21383,
					"omitted":	false,
					"sender":	false
				}],
			"sum":	{
				"start":	7.000039,
				"end":	8.000024,
				"seconds":	0.9999849796295166,
				"bytes":	1160599860,
				"bits_per_second":	9284938343.21383,
				"omitted":	false,
				"sender":	false
			}
		}, {
			"streams":	[{
					"socket":	6,
					"start":	8.000024,
					"end":	9.000017,
					"seconds":	0.99999302625656128,
					"bytes":	1160599860,
					"bits_per_second":	9284863630.25682,
					"omitted":	false,
					"sender":	false
				}],
			"sum":	{
				"start":	8.000024,
				"end":	9.000017,
				"seconds":	0.99999302625656128,
				"bytes":	1160599860,
				"bits_per_second":	9284863630.25682,
				"omitted":	false,
				"sender":	false
			}
		}, {
			"streams":	[{
					"socket":	6,
					"start":	9.000017,
					"end":	10.000012,
					"seconds":	0.999994993209839,
					"bytes":	1160582724,
					"bits_per_second":	9284708278.58606,
					"omitted":	false,
					"sender":	false
				}],
			"sum":	{
				"start":	9.000017,
				"end":	10.000012,
				"seconds":	0.999994993209839,
				"bytes":	1160582724,
				"bits_per_second":	9284708278.58606,
				"omitted":	false,
				"sender":	false
			}
		}],
	"end":	{
		"streams":	[{
				"sender":	{
					"socket":	6,
					"start":	0,
					"end":	10.000097,
					"seconds":	10.000097,
					"bytes":	11605710144,
					"bits_per_second":	9284478055.76286,
					"retransmits":	0,
					"max_snd_cwnd":	0,
					"max_snd_wnd":	0,
					"max_rtt":	0,
					"min_rtt":	0,
					"mean_rtt":	0,
					"sender":	false
				},
				"receiver":	{
					"socket":	6,
					"start":	0,
					"end":	10.000012,
					"seconds":	10.000012,
					"bytes":	11605307448,
					"bits_per_second":	9284234817.31822,
					"sender":	false
				}
			}],
		"sum_sent":	{
			"start":	0,
			"end":	10.000097,
			"seconds":	10.000097,
			"bytes":	11605710144,
			"bits_per_second":	9284478055.76286,
			"retransmits":	0,
			"sender":	false
		},
		"sum_received":	{
			"start":	0,
			"end":	10.000012,
			"seconds":	10.000012,
			"bytes":	11605307448,
			"bits_per_second":	9284234817.31822,
			"sender":	false
		},
		"cpu_utilization_percent":	{
			"host_total":	32.1657207693536,
			"host_user":	1.0496965753641732,
			"host_system":	31.11601419630788,
			"remote_total":	9.1795245329448569,
			"remote_user":	0.795441727406035,
			"remote_system":	8.38408280553882
		},
		"sender_tcp_congestion":	"cubic",
		"receiver_tcp_congestion":	"cubic"
	}
}
