{
	"start":	{
		"connected":	[{
				"socket":	6,
				"local_host":	"fe80::e63d:1aff:fe72:f1",
				"local_port":	32850,
				"remote_host":	"fe80::e63d:1aff:fe72:f0",
				"remote_port":	5201
			}],
		"version":	"iperf 3.10.1",
		"system_info":	"Linux ryan 5.10.89 #1-NixOS SMP Wed Dec 29 11:26:08 UTC 2021 x86_64",
		"timestamp":	{
			"time":	"Thu, 13 Jan 2022 15:36:44 GMT",
			"timesecs":	1642088204
		},
		"connecting_to":	{
			"host":	"fe80::e63d:1aff:fe72:f0%swissknife1",
			"port":	5201
		},
		"cookie":	"m6psgkfmmdj7jyrdz5vnenxej2kewojz2sgs",
		"tcp_mss_default":	1428,
		"sock_bufsize":	65536,
		"sndbuf_actual":	131072,
		"rcvbuf_actual":	131072,
		"test_start":	{
			"protocol":	"TCP",
			"num_streams":	1,
			"blksize":	131072,
			"omit":	0,
			"duration":	10,
			"bytes":	0,
			"blocks":	0,
			"reverse":	0,
			"tos":	0
		}
	},
	"intervals":	[{
			"streams":	[{
					"socket":	6,
					"start":	0,
					"end":	1.00002,
					"seconds":	1.0000200271606445,
					"bytes":	749833848,
					"bits_per_second":	5998550650.0624971,
					"retransmits":	0,
					"snd_cwnd":	132804,
					"snd_wnd":	64096,
					"rtt":	81,
					"rttvar":	4,
					"pmtu":	1500,
					"omitted":	false,
					"sender":	true
				}],
			"sum":	{
				"start":	0,
				"end":	1.00002,
				"seconds":	1.0000200271606445,
				"bytes":	749833848,
				"bits_per_second":	5998550650.0624971,
				"retransmits":	0,
				"omitted":	false,
				"sender":	true
			}
		}, {
			"streams":	[{
					"socket":	6,
					"start":	1.00002,
					"end":	2.000058,
					"seconds":	1.0000380277633667,
					"bytes":	725453500,
					"bits_per_second":	5803407309.4001179,
					"retransmits":	0,
					"snd_cwnd":	132804,
					"snd_wnd":	64096,
					"rtt":	92,
					"rttvar":	9,
					"pmtu":	1500,
					"omitted":	false,
					"sender":	true
				}],
			"sum":	{
				"start":	1.00002,
				"end":	2.000058,
				"seconds":	1.0000380277633667,
				"bytes":	725453500,
				"bits_per_second":	5803407309.4001179,
				"retransmits":	0,
				"omitted":	false,
				"sender":	true
			}
		}, {
			"streams":	[{
					"socket":	6,
					"start":	2.000058,
					"end":	3.000059,
					"seconds":	1.0000009536743164,
					"bytes":	676087412,
					"bits_per_second":	5408694137.8673153,
					"retransmits":	0,
					"snd_cwnd":	132804,
					"snd_wnd":	64096,
					"rtt":	90,
					"rttvar":	5,
					"pmtu":	1500,
					"omitted":	false,
					"sender":	true
				}],
			"sum":	{
				"start":	2.000058,
				"end":	3.000059,
				"seconds":	1.0000009536743164,
				"bytes":	676087412,
				"bits_per_second":	5408694137.8673153,
				"retransmits":	0,
				"omitted":	false,
				"sender":	true
			}
		}, {
			"streams":	[{
					"socket":	6,
					"start":	3.000059,
					"end":	4.000069,
					"seconds":	1.0000100135803223,
					"bytes":	727010872,
					"bits_per_second":	5816028736.7290878,
					"retransmits":	0,
					"snd_cwnd":	132804,
					"snd_wnd":	64096,
					"rtt":	82,
					"rttvar":	2,
					"pmtu":	1500,
					"omitted":	false,
					"sender":	true
				}],
			"sum":	{
				"start":	3.000059,
				"end":	4.000069,
				"seconds":	1.0000100135803223,
				"bytes":	727010872,
				"bits_per_second":	5816028736.7290878,
				"retransmits":	0,
				"omitted":	false,
				"sender":	true
			}
		}, {
			"streams":	[{
					"socket":	6,
					"start":	4.000069,
					"end":	5.000078,
					"seconds":	1.0000089406967163,
					"bytes":	707474920,
					"bits_per_second":	5659748757.9028654,
					"retransmits":	0,
					"snd_cwnd":	132804,
					"snd_wnd":	64096,
					"rtt":	87,
					"rttvar":	8,
					"pmtu":	1500,
					"omitted":	false,
					"sender":	true
				}],
			"sum":	{
				"start":	4.000069,
				"end":	5.000078,
				"seconds":	1.0000089406967163,
				"bytes":	707474920,
				"bits_per_second":	5659748757.9028654,
				"retransmits":	0,
				"omitted":	false,
				"sender":	true
			}
		}, {
			"streams":	[{
					"socket":	6,
					"start":	5.000078,
					"end":	6.000031,
					"seconds":	0.99995297193527222,
					"bytes":	706990016,
					"bits_per_second":	5656186127.4873161,
					"retransmits":	0,
					"snd_cwnd":	132804,
					"snd_wnd":	64096,
					"rtt":	83,
					"rttvar":	2,
					"pmtu":	1500,
					"omitted":	false,
					"sender":	true
				}],
			"sum":	{
				"start":	5.000078,
				"end":	6.000031,
				"seconds":	0.99995297193527222,
				"bytes":	706990016,
				"bits_per_second":	5656186127.4873161,
				"retransmits":	0,
				"omitted":	false,
				"sender":	true
			}
		}, {
			"streams":	[{
					"socket":	6,
					"start":	6.000031,
					"end":	7.000069,
					"seconds":	1.0000380277633667,
					"bytes":	697962244,
					"bits_per_second":	5583485624.52991,
					"retransmits":	0,
					"snd_cwnd":	132804,
					"snd_wnd":	64096,
					"rtt":	87,
					"rttvar":	4,
					"pmtu":	1500,
					"omitted":	false,
					"sender":	true
				}],
			"sum":	{
				"start":	6.000031,
				"end":	7.000069,
				"seconds":	1.0000380277633667,
				"bytes":	697962244,
				"bits_per_second":	5583485624.52991,
				"retransmits":	0,
				"omitted":	false,
				"sender":	true
			}
		}, {
			"streams":	[{
					"socket":	6,
					"start":	7.000069,
					"end":	8.000058,
					"seconds":	0.99998897314071655,
					"bytes":	713935828,
					"bits_per_second":	5711549604.4537783,
					"retransmits":	0,
					"snd_cwnd":	132804,
					"snd_wnd":	64096,
					"rtt":	85,
					"rttvar":	1,
					"pmtu":	1500,
					"omitted":	false,
					"sender":	true
				}],
			"sum":	{
				"start":	7.000069,
				"end":	8.000058,
				"seconds":	0.99998897314071655,
				"bytes":	713935828,
				"bits_per_second":	5711549604.4537783,
				"retransmits":	0,
				"omitted":	false,
				"sender":	true
			}
		}, {
			"streams":	[{
					"socket":	6,
					"start":	8.000058,
					"end":	9.000002,
					"seconds":	0.999943971633911,
					"bytes":	694691136,
					"bits_per_second":	5557840484.72134,
					"retransmits":	0,
					"snd_cwnd":	132804,
					"snd_wnd":	64096,
					"rtt":	91,
					"rttvar":	2,
					"pmtu":	1500,
					"omitted":	false,
					"sender":	true
				}],
			"sum":	{
				"start":	8.000058,
				"end":	9.000002,
				"seconds":	0.999943971633911,
				"bytes":	694691136,
				"bits_per_second":	5557840484.72134,
				"retransmits":	0,
				"omitted":	false,
				"sender":	true
			}
		}, {
			"streams":	[{
					"socket":	6,
					"start":	9.000002,
					"end":	10.000034,
					"seconds":	1.0000319480895996,
					"bytes":	682124180,
					"bits_per_second":	5456819105.0543032,
					"retransmits":	0,
					"snd_cwnd":	132804,
					"snd_wnd":	64096,
					"rtt":	91,
					"rttvar":	5,
					"pmtu":	1500,
					"omitted":	false,
					"sender":	true
				}],
			"sum":	{
				"start":	9.000002,
				"end":	10.000034,
				"seconds":	1.0000319480895996,
				"bytes":	682124180,
				"bits_per_second":	5456819105.0543032,
				"retransmits":	0,
				"omitted":	false,
				"sender":	true
			}
		}],
	"end":	{
		"streams":	[{
				"sender":	{
					"socket":	6,
					"start":	0,
					"end":	10.000034,
					"seconds":	10.000034,
					"bytes":	7081563956,
					"bits_per_second":	5665231903.01153,
					"retransmits":	0,
					"max_snd_cwnd":	132804,
					"max_snd_wnd":	64096,
					"max_rtt":	92,
					"min_rtt":	81,
					"mean_rtt":	86,
					"sender":	true
				},
				"receiver":	{
					"socket":	6,
					"start":	0,
					"end":	10.000136,
					"seconds":	10.000034,
					"bytes":	7081469708,
					"bits_per_second":	5665098721.057394,
					"sender":	true
				}
			}],
		"sum_sent":	{
			"start":	0,
			"end":	10.000034,
			"seconds":	10.000034,
			"bytes":	7081563956,
			"bits_per_second":	5665231903.01153,
			"retransmits":	0,
			"sender":	true
		},
		"sum_received":	{
			"start":	0,
			"end":	10.000136,
			"seconds":	10.000136,
			"bytes":	7081469708,
			"bits_per_second":	5665098721.057394,
			"sender":	true
		},
		"cpu_utilization_percent":	{
			"host_total":	14.903615092648629,
			"host_user":	1.4088082408903322,
			"host_system":	13.494806851758295,
			"remote_total":	29.776615261417184,
			"remote_user":	1.3696800026719609,
			"remote_system":	28.406945258599226
		},
		"sender_tcp_congestion":	"cubic",