{
	"start":	{
		"connected":	[{
				"socket":	6,
				"local_host":	"fe80::e63d:1aff:fe72:f1",
				"local_port":	32854,
				"remote_host":	"fe80::e63d:1aff:fe72:f0",
				"remote_port":	5201
			}],
		"version":	"iperf 3.10.1",
		"system_info":	"Linux ryan 5.10.89 #1-NixOS SMP Wed Dec 29 11:26:08 UTC 2021 x86_64",
		"timestamp":	{
			"time":	"Thu, 13 Jan 2022 15:36:54 GMT",
			"timesecs":	1642088214
		},
		"connecting_to":	{
			"host":	"fe80::e63d:1aff:fe72:f0%swissknife1",
			"port":	5201
		},
		"cookie":	"y7mcnrvae5a2tw4bqgeynwwf76orjtqraxy5",
		"tcp_mss_default":	1428,
		"sock_bufsize":	131072,
		"sndbuf_actual":	262144,
		"rcvbuf_actual":	262144,
		"test_start":	{
			"protocol":	"TCP",
			"num_streams":	1,
			"blksize":	131072,
			"omit":	0,
			"duration":	10,
			"bytes":	0,
			"blocks":	0,
			"reverse":	0,
			"tos":	0
		}
	},
	"intervals":	[{
			"streams":	[{
					"socket":	6,
					"start":	0,
					"end":	1.00004,
					"seconds":	1.0000400543212891,
					"bytes":	967461368,
					"bits_per_second":	7739380948.3489161,
					"retransmits":	0,
					"snd_cwnd":	185640,
					"snd_wnd":	128640,
					"rtt":	121,
					"rttvar":	9,
					"pmtu":	1500,
					"omitted":	false,
					"sender":	true
				}],
			"sum":	{
				"start":	0,
				"end":	1.00004,
				"seconds":	1.0000400543212891,
				"bytes":	967461368,
				"bits_per_second":	7739380948.3489161,
				"retransmits":	0,
				"omitted":	false,
				"sender":	true
			}
		}, {
			"streams":	[{
					"socket":	6,
					"start":	1.00004,
					"end":	2.000023,
					"seconds":	0.999983012676239,
					"bytes":	987284560,
					"bits_per_second":	7898410652.8589573,
					"retransmits":	0,
					"snd_cwnd":	185640,
					"snd_wnd":	128640,
					"rtt":	132,
					"rttvar":	17,
					"pmtu":	1500,
					"omitted":	false,
					"sender":	true
				}],
			"sum":	{
				"start":	1.00004,
				"end":	2.000023,
				"seconds":	0.999983012676239,
				"bytes":	987284560,
				"bits_per_second":	7898410652.8589573,
				"retransmits":	0,
				"omitted":	false,
				"sender":	true
			}
		}, {
			"streams":	[{
					"socket":	6,
					"start":	2.000023,
					"end":	3.000019,
					"seconds":	0.9999960064888,
					"bytes":	977698680,
					"bits_per_second":	7821620675.72977,
					"retransmits":	0,
					"snd_cwnd":	185640,
					"snd_wnd":	128640,
					"rtt":	123,
					"rttvar":	11,
					"pmtu":	1500,
					"omitted":	false,
					"sender":	true
				}],
			"sum":	{
				"start":	2.000023,
				"end":	3.000019,
				"seconds":	0.9999960064888,
				"bytes":	977698680,
				"bits_per_second":	7821620675.72977,
				"retransmits":	0,
				"omitted":	false,
				"sender":	true
			}
		}, {
			"streams":	[{
					"socket":	6,
					"start":	3.000019,
					"end":	4.000028,
					"seconds":	1.0000089406967163,
					"bytes":	954205184,
					"bits_per_second":	7633573222.5369558,
					"retransmits":	0,
					"snd_cwnd":	185640,
					"snd_wnd":	128640,
					"rtt":	126,
					"rttvar":	9,
					"pmtu":	1500,
					"omitted":	false,
					"sender":	true
				}],
			"sum":	{
				"start":	3.000019,
				"end":	4.000028,
				"seconds":	1.0000089406967163,
				"bytes":	954205184,
				"bits_per_second":	7633573222.5369558,
				"retransmits":	0,
				"omitted":	false,
				"sender":	true
			}
		}, {
			"streams":	[{
					"socket":	6,
					"start":	4.000028,
					"end":	5.000051,
					"seconds":	1.0000230073928833,
					"bytes":	965762608,
					"bits_per_second":	7725923110.6516075,
					"retransmits":	0,
					"snd_cwnd":	185640,
					"snd_wnd":	128640,
					"rtt":	132,
					"rttvar":	10,
					"pmtu":	1500,
					"omitted":	false,
					"sender":	true
				}],
			"sum":	{
				"start":	4.000028,
				"end":	5.000051,
				"seconds":	1.0000230073928833,
				"bytes":	965762608,
				"bits_per_second":	7725923110.6516075,
				"retransmits":	0,
				"omitted":	false,
				"sender":	true
			}
		}, {
			"streams":	[{
					"socket":	6,
					"start":	5.000051,
					"end":	6.000056,
					"seconds":	1.0000050067901611,
					"bytes":	972230588,
					"bits_per_second":	7777805762.1586351,
					"retransmits":	0,
					"snd_cwnd":	185640,
					"snd_wnd":	128640,
					"rtt":	130,
					"rttvar":	11,
					"pmtu":	1500,
					"omitted":	false,
					"sender":	true
				}],
			"sum":	{
				"start":	5.000051,
				"end":	6.000056,
				"seconds":	1.0000050067901611,
				"bytes":	972230588,
				"bits_per_second":	7777805762.1586351,
				"retransmits":	0,
				"omitted":	false,
				"sender":	true
			}
		}, {
			"streams":	[{
					"socket":	6,
					"start":	6.000056,
					"end":	7.000017,
					"seconds":	0.999961018562317,
					"bytes":	969259792,
					"bits_per_second":	7754380612.9046326,
					"retransmits":	0,
					"snd_cwnd":	185640,
					"snd_wnd":	128640,
					"rtt":	124,
					"rttvar":	8,
					"pmtu":	1500,
					"omitted":	false,
					"sender":	true
				}],
			"sum":	{
				"start":	6.000056,
				"end":	7.000017,
				"seconds":	0.999961018562317,
				"bytes":	969259792,
				"bits_per_second":	7754380612.9046326,
				"retransmits":	0,
				"omitted":	false,
				"sender":	true
			}
		}, {
			"streams":	[{
					"socket":	6,
					"start":	7.000017,
					"end":	8.000058,
					"seconds":	1.0000410079956055,
					"bytes":	995647764,
					"bits_per_second":	7964855489.2411,
					"retransmits":	0,
					"snd_cwnd":	185640,
					"snd_wnd":	128640,
					"rtt":	123,
					"rttvar":	12,
					"pmtu":	1500,
					"omitted":	false,
					"sender":	true
				}],
			"sum":	{
				"start":	7.000017,
				"end":	8.000058,
				"seconds":	1.0000410079956055,
				"bytes":	995647764,
				"bits_per_second":	7964855489.2411,
				"retransmits":	0,
				"omitted":	false,
				"sender":	true
			}
		}, {
			"streams":	[{
					"socket":	6,
					"start":	8.000058,
					"end":	9.000041,
					"seconds":	0.999983012676239,
					"bytes":	970786228,
					"bits_per_second":	7766421754.7208118,
					"retransmits":	0,
					"snd_cwnd":	185640,
					"snd_wnd":	128640,
					"rtt":	119,
					"rttvar":	9,
					"pmtu":	1500,
					"omitted":	false,
					"sender":	true
				}],
			"sum":	{
				"start":	8.000058,
				"end":	9.000041,
				"seconds":	0.999983012676239,
				"bytes":	970786228,
				"bits_per_second":	7766421754.7208118,
				"retransmits":	0,
				"omitted":	false,
				"sender":	true
			}
		}, {
			"streams":	[{
					"socket":	6,
					"start":	9.000041,
					"end":	10.000041,
					"seconds":	1,
					"bytes":	969290080,
					"bits_per_second":	7754320640,
					"retransmits":	0,
					"snd_cwnd":	185640,
					"snd_wnd":	128640,
					"rtt":	127,
					"rttvar":	10,
					"pmtu":	1500,
					"omitted":	false,
					"sender":	true
				}],
			"sum":	{
				"start":	9.000041,
				"end":	10.000041,
				"seconds":	1,
				"bytes":	969290080,
				"bits_per_second":	7754320640,
				"retransmits":	0,
				"omitted":	false,
				"sender":	true
			}
		}],
	"end":	{
		"streams":	[{
				"sender":	{
					"socket":	6,
					"start":	0,
					"end":	10.000041,
					"seconds":	10.000041,
					"bytes":	9729626852,
					"bits_per_second":	7783669568.55477,
					"retransmits":	0,
					"max_snd_cwnd":	185640,
					"max_snd_wnd":	128640,
					"max_rtt":	132,
					"min_rtt":	119,
					"mean_rtt":	125,
					"sender":	true
				},
				"receiver":	{
					"socket":	6,
					"start":	0,
					"end":	10.000186,
					"seconds":	10.000041,
					"bytes":	9729498332,
					"bits_per_second":	7783453893.357584,
					"sender":	true
				}
			}],
		"sum_sent":	{
			"start":	0,
			"end":	10.000041,
			"seconds":	10.000041,
			"bytes":	9729626852,
			"bits_per_second":	7783669568.55477,
			"retransmits":	0,
			"sender":	true
		},
		"sum_received":	{
			"start":	0,
			"end":	10.000186,
			"seconds":	10.000186,
			"bytes":	9729498332,
			"bits_per_second":	7783453893.357584,
			"sender":	true
		},
		"cpu_utilization_percent":	{
			"host_total":	15.078637760002112,
			"host_user":	1.0123638038948053,
			"host_system":	14.06626395804493,
			"remote_total":	51.070529017631252,
			"remote_user":	1.4523515339099353,
			"remote_system":	49.618167483917311
		},
		"sender_tcp_congestion":	"cubic",
		"receiver_tcp_congestion":	"cubic"
	}
}
