{
	"start":	{
		"connected":	[{
				"socket":	6,
				"local_host":	"fe80::e63d:1aff:fe72:f1",
				"local_port":	32882,
				"remote_host":	"fe80::e63d:1aff:fe72:f0",
				"remote_port":	5201
			}],
		"version":	"iperf 3.10.1",
		"system_info":	"Linux ryan 5.10.89 #1-NixOS SMP Wed Dec 29 11:26:08 UTC 2021 x86_64",
		"timestamp":	{
			"time":	"Thu, 13 Jan 2022 15:38:35 GMT",
			"timesecs":	1642088315
		},
		"connecting_to":	{
			"host":	"fe80::e63d:1aff:fe72:f0%swissknife1",
			"port":	5201
		},
		"cookie":	"inoak3he5tm4z3x26q3rp3zfq3iwu3cnyowp",
		"tcp_mss_default":	1428,
		"sock_bufsize":	4096,
		"sndbuf_actual":	8192,
		"rcvbuf_actual":	8192,
		"test_start":	{
			"protocol":	"TCP",
			"num_streams":	1,
			"blksize":	131072,
			"omit":	0,
			"duration":	10,
			"bytes":	0,
			"blocks":	0,
			"reverse":	1,
			"tos":	0
		}
	},
	"intervals":	[{
			"streams":	[{
					"socket":	6,
					"start":	0,
					"end":	1.000042,
					"seconds":	1.0000419616699219,
					"bytes":	45650304,
					"bits_per_second":	365187108.13910854,
					"omitted":	false,
					"sender":	false
				}],
			"sum":	{
				"start":	0,
				"end":	1.000042,
				"seconds":	1.0000419616699219,
				"bytes":	45650304,
				"bits_per_second":	365187108.13910854,
				"omitted":	false,
				"sender":	false
			}
		}, {
			"streams":	[{
					"socket":	6,
					"start":	1.000042,
					"end":	2.000005,
					"seconds":	0.99996298551559448,
					"bytes":	49003248,
					"bits_per_second":	392040495.176795,
					"omitted":	false,
					"sender":	false
				}],
			"sum":	{
				"start":	1.000042,
				"end":	2.000005,
				"seconds":	0.99996298551559448,
				"bytes":	49003248,
				"bits_per_second":	392040495.176795,
				"omitted":	false,
				"sender":	false
			}
		}, {
			"streams":	[{
					"socket":	6,
					"start":	2.000005,
					"end":	3.000016,
					"seconds":	1.0000109672546387,
					"bytes":	44662128,
					"bits_per_second":	357293105.47553164,
					"omitted":	false,
					"sender":	false
				}],
			"sum":	{
				"start":	2.000005,
				"end":	3.000016,
				"seconds":	1.0000109672546387,
				"bytes":	44662128,
				"bits_per_second":	357293105.47553164,
				"omitted":	false,
				"sender":	false
			}
		}, {
			"streams":	[{
					"socket":	6,
					"start":	3.000016,
					"end":	4.000064,
					"seconds":	1.000048041343689,
					"bytes":	45767400,
					"bits_per_second":	366121611.02585274,
					"omitted":	false,
					"sender":	false
				}],
			"sum":	{
				"start":	3.000016,
				"end":	4.000064,
				"seconds":	1.000048041343689,
				"bytes":	45767400,
				"bits_per_second":	366121611.02585274,
				"omitted":	false,
				"sender":	false
			}
		}, {
			"streams":	[{
					"socket":	6,
					"start":	4.000064,
					"end":	5.000012,
					"seconds":	0.999948024749756,
					"bytes":	50622600,
					"bits_per_second":	405001850.07250684,
					"omitted":	false,
					"sender":	false
				}],
			"sum":	{
				"start":	4.000064,
				"end":	5.000012,
				"seconds":	0.999948024749756,
				"bytes":	50622600,
				"bits_per_second":	405001850.07250684,
				"omitted":	false,
				"sender":	false
			}
		}, {
			"streams":	[{
					"socket":	6,
					"start":	5.000012,
					"end":	6.000015,
					"seconds":	1.0000029802322388,
					"bytes":	49999992,
					"bits_per_second":	399998743.9108479,
					"omitted":	false,
					"sender":	false
				}],
			"sum":	{
				"start":	5.000012,
				"end":	6.000015,
				"seconds":	1.0000029802322388,
				"bytes":	49999992,
				"bits_per_second":	399998743.9108479,
				"omitted":	false,
				"sender":	false
			}
		}, {
			"streams":	[{
					"socket":	6,
					"start":	6.000015,
					"end":	7.000009,
					"seconds":	0.99999397993087769,
					"bytes":	51479400,
					"bits_per_second":	411837679.29129648,
					"omitted":	false,
					"sender":	false
				}],
			"sum":	{
				"start":	6.000015,
				"end":	7.000009,
				"seconds":	0.99999397993087769,
				"bytes":	51479400,
				"bits_per_second":	411837679.29129648,
				"omitted":	false,
				"sender":	false
			}
		}, {
			"streams":	[{
					"socket":	6,
					"start":	7.000009,
					"end":	8.000044,
					"seconds":	1.0000350475311279,
					"bytes":	51705024,
					"bits_per_second":	413625695.44056374,
					"omitted":	false,
					"sender":	false
				}],
			"sum":	{
				"start":	7.000009,
				"end":	8.000044,
				"seconds":	1.0000350475311279,
				"bytes":	51705024,
				"bits_per_second":	413625695.44056374,
				"omitted":	false,
				"sender":	false
			}
		}, {
			"streams":	[{
					"socket":	6,
					"start":	8.000044,
					"end":	9.000048,
					"seconds":	1.0000040531158447,
					"bytes":	58805040,
					"bits_per_second":	470438413.25861323,
					"omitted":	false,
					"sender":	false
				}],
			"sum":	{
				"start":	8.000044,
				"end":	9.000048,
				"seconds":	1.0000040531158447,
				"bytes":	58805040,
				"bits_per_second":	470438413.25861323,
				"omitted":	false,
				"sender":	false
			}
		}, {
			"streams":	[{
					"socket":	6,
					"start":	9.000048,
					"end":	10.000013,
					"seconds":	0.999965012073517,
					"bytes":	61058424,
					"bits_per_second":	488484483.05918145,
					"omitted":	false,
					"sender":	false
				}],
			"sum":	{
				"start":	9.000048,
				"end":	10.000013,
				"seconds":	0.999965012073517,
				"bytes":	61058424,
				"bits_per_second":	488484483.05918145,
				"omitted":	false,
				"sender":	false
			}
		}],
	"end":	{
		"streams":	[{
				"sender":	{
					"socket":	6,
					"start":	0,
					"end":	10.000103,
					"seconds":	10.000103,
					"bytes":	508759272,
					"bits_per_second":	407003225.46677774,
					"retransmits":	1,
					"max_snd_cwnd":	0,
					"max_snd_wnd":	0,
					"max_rtt":	0,
					"min_rtt":	0,
					"mean_rtt":	0,
					"sender":	false
				},
				"receiver":	{
					"socket":	6,
					"start":	0,
					"end":	10.000013,
					"seconds":	10.000013,
					"bytes":	508753560,
					"bits_per_second":	407002318.89698547,
					"sender":	false
				}
			}],
		"sum_sent":	{
			"start":	0,
			"end":	10.000103,
			"seconds":	10.000103,
			"bytes":	508759272,
			"bits_per_second":	407003225.46677774,
			"retransmits":	1,
			"sender":	false
		},
		"sum_received":	{
			"start":	0,
			"end":	10.000013,
			"seconds":	10.000013,
			"bytes":	508753560,
			"bits_per_second":	407002318.89698547,
			"sender":	false
		},
		"cpu_utilization_percent":	{
			"host_total":	14.572677823782518,
			"host_user":	1.3559767035517765,
			"host_system":	13.216701120230741,
			"remote_total":	16.8192733060663,
			"remote_user":	2.319404254612774,
			"remote_system":	14.499879051342528
		},
		"sender_tcp_congestion":	"cubic",
		"receiver_tcp_congestion":	"cubic"
	}
}
