{
	"start":	{
		"connected":	[{
				"socket":	6,
				"local_host":	"fe80::e63d:1aff:fe72:f1",
				"local_port":	32846,
				"remote_host":	"fe80::e63d:1aff:fe72:f0",
				"remote_port":	5201
			}],
		"version":	"iperf 3.10.1",
		"system_info":	"Linux ryan 5.10.89 #1-NixOS SMP Wed Dec 29 11:26:08 UTC 2021 x86_64",
		"timestamp":	{
			"time":	"Thu, 13 Jan 2022 15:36:34 GMT",
			"timesecs":	1642088194
		},
		"connecting_to":	{
			"host":	"fe80::e63d:1aff:fe72:f0%swissknife1",
			"port":	5201
		},
		"cookie":	"u26vszd4kgqbqvhxotwvl2xkgjz23mt5o75g",
		"tcp_mss_default":	1428,
		"sock_bufsize":	32768,
		"sndbuf_actual":	65536,
		"rcvbuf_actual":	65536,
		"test_start":	{
			"protocol":	"TCP",
			"num_streams":	1,
			"blksize":	131072,
			"omit":	0,
			"duration":	10,
			"bytes":	0,
			"blocks":	0,
			"reverse":	0,
			"tos":	0
		}
	},
	"intervals":	[{
			"streams":	[{
					"socket":	6,
					"start":	0,
					"end":	1.00002,
					"seconds":	1.0000200271606445,
					"bytes":	455432040,
					"bits_per_second":	3643383353.3762922,
					"retransmits":	0,
					"snd_cwnd":	69972,
					"snd_wnd":	29988,
					"rtt":	63,
					"rttvar":	3,
					"pmtu":	1500,
					"omitted":	false,
					"sender":	true
				}],
			"sum":	{
				"start":	0,
				"end":	1.00002,
				"seconds":	1.0000200271606445,
				"bytes":	455432040,
				"bits_per_second":	3643383353.3762922,
				"retransmits":	0,
				"omitted":	false,
				"sender":	true
			}
		}, {
			"streams":	[{
					"socket":	6,
					"start":	1.00002,
					"end":	2.000068,
					"seconds":	1.000048041343689,
					"bytes":	459781728,
					"bits_per_second":	3678077124.23276,
					"retransmits":	0,
					"snd_cwnd":	69972,
					"snd_wnd":	29988,
					"rtt":	69,
					"rttvar":	11,
					"pmtu":	1500,
					"omitted":	false,
					"sender":	true
				}],
			"sum":	{
				"start":	1.00002,
				"end":	2.000068,
				"seconds":	1.000048041343689,
				"bytes":	459781728,
				"bits_per_second":	3678077124.23276,
				"retransmits":	0,
				"omitted":	false,
				"sender":	true
			}
		}, {
			"streams":	[{
					"socket":	6,
					"start":	2.000068,
					"end":	3.000065,
					"seconds":	0.99999701976776123,
					"bytes":	463755852,
					"bits_per_second":	3710057872.83408,
					"retransmits":	0,
					"snd_cwnd":	69972,
					"snd_wnd":	29988,
					"rtt":	65,
					"rttvar":	5,
					"pmtu":	1500,
					"omitted":	false,
					"sender":	true
				}],
			"sum":	{
				"start":	2.000068,
				"end":	3.000065,
				"seconds":	0.99999701976776123,
				"bytes":	463755852,
				"bits_per_second":	3710057872.83408,
				"retransmits":	0,
				"omitted":	false,
				"sender":	true
			}
		}, {
			"streams":	[{
					"socket":	6,
					"start":	3.000065,
					"end":	4.000006,
					"seconds":	0.99994099140167236,
					"bytes":	455971824,
					"bits_per_second":	3647989854.7680435,
					"retransmits":	0,
					"snd_cwnd":	69972,
					"snd_wnd":	29988,
					"rtt":	64,
					"rttvar":	3,
					"pmtu":	1500,
					"omitted":	false,
					"sender":	true
				}],
			"sum":	{
				"start":	3.000065,
				"end":	4.000006,
				"seconds":	0.99994099140167236,
				"bytes":	455971824,
				"bits_per_second":	3647989854.7680435,
				"retransmits":	0,
				"omitted":	false,
				"sender":	true
			}
		}, {
			"streams":	[{
					"socket":	6,
					"start":	4.000006,
					"end":	5.000058,
					"seconds":	1.0000519752502441,
					"bytes":	451029516,
					"bits_per_second":	3608048598.7711859,
					"retransmits":	0,
					"snd_cwnd":	69972,
					"snd_wnd":	29988,
					"rtt":	66,
					"rttvar":	4,
					"pmtu":	1500,
					"omitted":	false,
					"sender":	true
				}],
			"sum":	{
				"start":	4.000006,
				"end":	5.000058,
				"seconds":	1.0000519752502441,
				"bytes":	451029516,
				"bits_per_second":	3608048598.7711859,
				"retransmits":	0,
				"omitted":	false,
				"sender":	true
			}
		}, {
			"streams":	[{
					"socket":	6,
					"start":	5.000058,
					"end":	6.000071,
					"seconds":	1.000012993812561,
					"bytes":	449987076,
					"bits_per_second":	3599849832.2260323,
					"retransmits":	0,
					"snd_cwnd":	69972,
					"snd_wnd":	29988,
					"rtt":	71,
					"rttvar":	6,
					"pmtu":	1500,
					"omitted":	false,
					"sender":	true
				}],
			"sum":	{
				"start":	5.000058,
				"end":	6.000071,
				"seconds":	1.000012993812561,
				"bytes":	449987076,
				"bits_per_second":	3599849832.2260323,
				"retransmits":	0,
				"omitted":	false,
				"sender":	true
			}
		}, {
			"streams":	[{
					"socket":	6,
					"start":	6.000071,
					"end":	7.000055,
					"seconds":	0.9999840259552002,
					"bytes":	456091776,
					"bits_per_second":	3648792493.9747639,
					"retransmits":	0,
					"snd_cwnd":	69972,
					"snd_wnd":	29988,
					"rtt":	65,
					"rttvar":	3,
					"pmtu":	1500,
					"omitted":	false,
					"sender":	true
				}],
			"sum":	{
				"start":	6.000071,
				"end":	7.000055,
				"seconds":	0.9999840259552002,
				"bytes":	456091776,
				"bits_per_second":	3648792493.9747639,
				"retransmits":	0,
				"omitted":	false,
				"sender":	true
			}
		}, {
			"streams":	[{
					"socket":	6,
					"start":	7.000055,
					"end":	8.000054,
					"seconds":	0.99999898672103882,
					"bytes":	449478708,
					"bits_per_second":	3595833307.5822387,
					"retransmits":	0,
					"snd_cwnd":	69972,
					"snd_wnd":	29988,
					"rtt":	68,
					"rttvar":	4,
					"pmtu":	1500,
					"omitted":	false,
					"sender":	true
				}],
			"sum":	{
				"start":	7.000055,
				"end":	8.000054,
				"seconds":	0.99999898672103882,
				"bytes":	449478708,
				"bits_per_second":	3595833307.5822387,
				"retransmits":	0,
				"omitted":	false,
				"sender":	true
			}
		}, {
			"streams":	[{
					"socket":	6,
					"start":	8.000054,
					"end":	9.000028,
					"seconds":	0.999974012374878,
					"bytes":	456470196,
					"bits_per_second":	3651856471.07697,
					"retransmits":	0,
					"snd_cwnd":	69972,
					"snd_wnd":	29988,
					"rtt":	65,
					"rttvar":	4,
					"pmtu":	1500,
					"omitted":	false,
					"sender":	true
				}],
			"sum":	{
				"start":	8.000054,
				"end":	9.000028,
				"seconds":	0.999974012374878,
				"bytes":	456470196,
				"bits_per_second":	3651856471.07697,
				"retransmits":	0,
				"omitted":	false,
				"sender":	true
			}
		}, {
			"streams":	[{
					"socket":	6,
					"start":	9.000028,
					"end":	10.000028,
					"seconds":	1,
					"bytes":	450705360,
					"bits_per_second":	3605642880,
					"retransmits":	0,
					"snd_cwnd":	69972,
					"snd_wnd":	29988,
					"rtt":	66,
					"rttvar":	4,
					"pmtu":	1500,
					"omitted":	false,
					"sender":	true
				}],
			"sum":	{
				"start":	9.000028,
				"end":	10.000028,
				"seconds":	1,
				"bytes":	450705360,
				"bits_per_second":	3605642880,
				"retransmits":	0,
				"omitted":	false,
				"sender":	true
			}
		}],
	"end":	{
		"streams":	[{
				"sender":	{
					"socket":	6,
					"start":	0,
					"end":	10.000028,
					"seconds":	10.000028,
					"bytes":	4548704076,
					"bits_per_second":	3638953071.7313991,
					"retransmits":	0,
					"max_snd_cwnd":	69972,
					"max_snd_wnd":	29988,
					"max_rtt":	71,
					"min_rtt":	63,
					"mean_rtt":	66,
					"sender":	true
				},
				"receiver":	{
					"socket":	6,
					"start":	0,
					"end":	10.000133,
					"seconds":	10.000028,
					"bytes":	4548672660,
					"bits_per_second":	3638889730.7665811,
					"sender":	true
				}
			}],
		"sum_sent":	{
			"start":	0,
			"end":	10.000028,
			"seconds":	10.000028,
			"bytes":	4548704076,
			"bits_per_second":	3638953071.7313991,
			"retransmits":	0,
			"sender":	true
		},
		"sum_received":	{
			"start":	0,
			"end":	10.000133,
			"seconds":	10.000133,
			"bytes":	4548672660,
			"bits_per_second":	3638889730.7665811,
			"sender":	true
		},
		"cpu_utilization_percent":	{
			"host_total":	12.207656471841133,
			"host_user":	1.5576224944214945,
			"host_system":	10.650033977419637,
			"remote_total":	31.478122454097889,
			"remote_user":	1.6212374647992394,
			"remote_system":	29.856894989159649
		},
		"sender_tcp_congestion":	"cubic",
		"receiver_tcp_congestion":	"cubic"
	}
}
