{
	"start":	{
		"connected":	[{
				"socket":	6,
				"local_host":	"fe80::e63d:1aff:fe72:f1",
				"local_port":	44850,
				"remote_host":	"fe80::e63d:1aff:fe72:f0",
				"remote_port":	5201
			}],
		"version":	"iperf 3.10.1",
		"system_info":	"Linux ryan 5.10.89 #1-NixOS SMP Wed Dec 29 11:26:08 UTC 2021 x86_64",
		"timestamp":	{
			"time":	"Thu, 13 Jan 2022 01:41:26 GMT",
			"timesecs":	1642038086
		},
		"connecting_to":	{
			"host":	"fe80::e63d:1aff:fe72:f0%swissknife1",
			"port":	5201
		},
		"cookie":	"e4dzoaztzuuq2o5uualz2dhwec6nfllfqjnj",
		"tcp_mss_default":	1428,
		"sock_bufsize":	16384,
		"sndbuf_actual":	32768,
		"rcvbuf_actual":	32768,
		"test_start":	{
			"protocol":	"TCP",
			"num_streams":	1,
			"blksize":	131072,
			"omit":	0,
			"duration":	10,
			"bytes":	0,
			"blocks":	0,
			"reverse":	0,
			"tos":	0
		}
	},
	"intervals":	[{
			"streams":	[{
					"socket":	6,
					"start":	0,
					"end":	1.000036,
					"seconds":	1.0000360012054443,
					"bytes":	208645080,
					"bits_per_second":	1669100550.3681788,
					"retransmits":	0,
					"snd_cwnd":	28560,
					"snd_wnd":	14280,
					"rtt":	69,
					"rttvar":	2,
					"pmtu":	1500,
					"omitted":	false,
					"sender":	true
				}],
			"sum":	{
				"start":	0,
				"end":	1.000036,
				"seconds":	1.0000360012054443,
				"bytes":	208645080,
				"bits_per_second":	1669100550.3681788,
				"retransmits":	0,
				"omitted":	false,
				"sender":	true
			}
		}, {
			"streams":	[{
					"socket":	6,
					"start":	1.000036,
					"end":	2.000017,
					"seconds":	0.99998098611831665,
					"bytes":	210837060,
					"bits_per_second":	1686728551.2571056,
					"retransmits":	0,
					"snd_cwnd":	28560,
					"snd_wnd":	14280,
					"rtt":	67,
					"rttvar":	0,
					"pmtu":	1500,
					"omitted":	false,
					"sender":	true
				}],
			"sum":	{
				"start":	1.000036,
				"end":	2.000017,
				"seconds":	0.99998098611831665,
				"bytes":	210837060,
				"bits_per_second":	1686728551.2571056,
				"retransmits":	0,
				"omitted":	false,
				"sender":	true
			}
		}, {
			"streams":	[{
					"socket":	6,
					"start":	2.000017,
					"end":	3.000043,
					"seconds":	1.0000259876251221,
					"bytes":	216327720,
					"bits_per_second":	1730576786.4192295,
					"retransmits":	0,
					"snd_cwnd":	28560,
					"snd_wnd":	14280,
					"rtt":	68,
					"rttvar":	0,
					"pmtu":	1500,
					"omitted":	false,
					"sender":	true
				}],
			"sum":	{
				"start":	2.000017,
				"end":	3.000043,
				"seconds":	1.0000259876251221,
				"bytes":	216327720,
				"bits_per_second":	1730576786.4192295,
				"retransmits":	0,
				"omitted":	false,
				"sender":	true
			}
		}, {
			"streams":	[{
					"socket":	6,
					"start":	3.000043,
					"end":	4.000064,
					"seconds":	1.0000209808349609,
					"bytes":	216427680,
					"bits_per_second":	1731385114.0946674,
					"retransmits":	0,
					"snd_cwnd":	28560,
					"snd_wnd":	14280,
					"rtt":	69,
					"rttvar":	1,
					"pmtu":	1500,
					"omitted":	false,
					"sender":	true
				}],
			"sum":	{
				"start":	3.000043,
				"end":	4.000064,
				"seconds":	1.0000209808349609,
				"bytes":	216427680,
				"bits_per_second":	1731385114.0946674,
				"retransmits":	0,
				"omitted":	false,
				"sender":	true
			}
		}, {
			"streams":	[{
					"socket":	6,
					"start":	4.000064,
					"end":	5.00004,
					"seconds":	0.99997597932815552,
					"bytes":	215342400,
					"bits_per_second":	1722780582.3470285,
					"retransmits":	0,
					"snd_cwnd":	28560,
					"snd_wnd":	14280,
					"rtt":	68,
					"rttvar":	1,
					"pmtu":	1500,
					"omitted":	false,
					"sender":	true
				}],
			"sum":	{
				"start":	4.000064,
				"end":	5.00004,
				"seconds":	0.99997597932815552,
				"bytes":	215342400,
				"bits_per_second":	1722780582.3470285,
				"retransmits":	0,
				"omitted":	false,
				"sender":	true
			}
		}, {
			"streams":	[{
					"socket":	6,
					"start":	5.00004,
					"end":	6.000052,
					"seconds":	1.0000120401382446,
					"bytes":	216441960,
					"bits_per_second":	1731514832.3220463,
					"retransmits":	0,
					"snd_cwnd":	28560,
					"snd_wnd":	14280,
					"rtt":	69,
					"rttvar":	1,
					"pmtu":	1500,
					"omitted":	false,
					"sender":	true
				}],
			"sum":	{
				"start":	5.00004,
				"end":	6.000052,
				"seconds":	1.0000120401382446,
				"bytes":	216441960,
				"bits_per_second":	1731514832.3220463,
				"retransmits":	0,
				"omitted":	false,
				"sender":	true
			}
		}, {
			"streams":	[{
					"socket":	6,
					"start":	6.000052,
					"end":	7.000008,
					"seconds":	0.99995601177215576,
					"bytes":	216427680,
					"bits_per_second":	1731497605.511183,
					"retransmits":	0,
					"snd_cwnd":	28560,
					"snd_wnd":	14280,
					"rtt":	66,
					"rttvar":	1,
					"pmtu":	1500,
					"omitted":	false,
					"sender":	true
				}],
			"sum":	{
				"start":	6.000052,
				"end":	7.000008,
				"seconds":	0.99995601177215576,
				"bytes":	216427680,
				"bits_per_second":	1731497605.511183,
				"retransmits":	0,
				"omitted":	false,
				"sender":	true
			}
		}, {
			"streams":	[{
					"socket":	6,
					"start":	7.000008,
					"end":	8.000006,
					"seconds":	0.99999797344207764,
					"bytes":	215585160,
					"bits_per_second":	1724684775.1735947,
					"retransmits":	0,
					"snd_cwnd":	28560,
					"snd_wnd":	14280,
					"rtt":	66,
					"rttvar":	1,
					"pmtu":	1500,
					"omitted":	false,
					"sender":	true
				}],
			"sum":	{
				"start":	7.000008,
				"end":	8.000006,
				"seconds":	0.99999797344207764,
				"bytes":	215585160,
				"bits_per_second":	1724684775.1735947,
				"retransmits":	0,
				"omitted":	false,
				"sender":	true
			}
		}, {
			"streams":	[{
					"socket":	6,
					"start":	8.000006,
					"end":	9.000063,
					"seconds":	1.0000569820404053,
					"bytes":	216470520,
					"bits_per_second":	1731665486.1672988,
					"retransmits":	0,
					"snd_cwnd":	28560,
					"snd_wnd":	14280,
					"rtt":	66,
					"rttvar":	1,
					"pmtu":	1500,
					"omitted":	false,
					"sender":	true
				}],
			"sum":	{
				"start":	8.000006,
				"end":	9.000063,
				"seconds":	1.0000569820404053,
				"bytes":	216470520,
				"bits_per_second":	1731665486.1672988,
				"retransmits":	0,
				"omitted":	false,
				"sender":	true
			}
		}, {
			"streams":	[{
					"socket":	6,
					"start":	9.000063,
					"end":	10.000042,
					"seconds":	0.999979019165039,
					"bytes":	216070680,
					"bits_per_second":	1728601707.5071385,
					"retransmits":	0,
					"snd_cwnd":	28560,
					"snd_wnd":	14280,
					"rtt":	67,
					"rttvar":	1,
					"pmtu":	1500,
					"omitted":	false,
					"sender":	true
				}],
			"sum":	{
				"start":	9.000063,
				"end":	10.000042,
				"seconds":	0.999979019165039,
				"bytes":	216070680,
				"bits_per_second":	1728601707.5071385,
				"retransmits":	0,
				"omitted":	false,
				"sender":	true
			}
		}],
	"end":	{
		"streams":	[{
				"sender":	{
					"socket":	6,
					"start":	0,
					"end":	10.000042,
					"seconds":	10.000042,
					"bytes":	2148575940,
					"bits_per_second":	1718853532.8151622,
					"retransmits":	0,
					"max_snd_cwnd":	28560,
					"max_snd_wnd":	14280,
					"max_rtt":	69,
					"min_rtt":	66,
					"mean_rtt":	67,
					"sender":	true
				},
				"receiver":	{
					"socket":	6,
					"start":	0,
					"end":	10.000249,
					"seconds":	10.000042,
					"bytes":	2148575940,
					"bits_per_second":	1718817953.4329596,
					"sender":	true
				}
			}],
		"sum_sent":	{
			"start":	0,
			"end":	10.000042,
			"seconds":	10.000042,
			"bytes":	2148575940,
			"bits_per_second":	1718853532.8151622,
			"retransmits":	0,
			"sender":	true
		},
		"sum_received":	{
			"start":	0,
			"end":	10.000249,
			"seconds":	10.000249,
			"bytes":	2148575940,
			"bits_per_second":	1718817953.4329596,
			"sender":	true
		},
		"cpu_utilization_percent":	{
			"host_total":	9.4959043944130368,
			"host_user":	1.2611337967141578,
			"host_system":	8.23477059769888,
			"remote_total":	10.453384484034107,
			"remote_user":	0.52873657009111963,
			"remote_system":	9.9246479139429855
		},
		"sender_tcp_congestion":	"cubic",