{
	"start":	{
		"connected":	[{
				"socket":	6,
				"local_host":	"fe80::e63d:1aff:fe72:f1",
				"local_port":	33740,
				"remote_host":	"fe80::e63d:1aff:fe72:f0",
				"remote_port":	5201
			}],
		"version":	"iperf 3.10.1",
		"system_info":	"Linux ryan 5.10.89 #1-NixOS SMP Wed Dec 29 11:26:08 UTC 2021 x86_64",
		"timestamp":	{
			"time":	"Wed, 12 Jan 2022 16:50:53 GMT",
			"timesecs":	1642006253
		},
		"connecting_to":	{
			"host":	"fe80::e63d:1aff:fe72:f0%swissknife1",
			"port":	5201
		},
		"cookie":	"c3t3pydvqpeegidiwnrtqnemrp4uyk4fqhra",
		"tcp_mss_default":	1428,
		"sock_bufsize":	524288,
		"sndbuf_actual":	1048576,
		"rcvbuf_actual":	1048576,
		"test_start":	{
			"protocol":	"TCP",
			"num_streams":	1,
			"blksize":	131072,
			"omit":	0,
			"duration":	10,
			"bytes":	0,
			"blocks":	0,
			"reverse":	1,
			"tos":	0
		}
	},
	"intervals":	[{
			"streams":	[{
					"socket":	6,
					"start":	0,
					"end":	1.000004,
					"seconds":	1.0000040531158447,
					"bytes":	1150510512,
					"bits_per_second":	9204046790.9321156,
					"omitted":	false,
					"sender":	false
				}],
			"sum":	{
				"start":	0,
				"end":	1.000004,
				"seconds":	1.0000040531158447,
				"bytes":	1150510512,
				"bits_per_second":	9204046790.9321156,
				"omitted":	false,
				"sender":	false
			}
		}, {
			"streams":	[{
					"socket":	6,
					"start":	1.000004,
					"end":	2.000006,
					"seconds":	1.0000020265579224,
					"bytes":	905000720,
					"bits_per_second":	7239991087.7387037,
					"omitted":	false,
					"sender":	false
				}],
			"sum":	{
				"start":	1.000004,
				"end":	2.000006,
				"seconds":	1.0000020265579224,
				"bytes":	905000720,
				"bits_per_second":	7239991087.7387037,
				"omitted":	false,
				"sender":	false
			}
		}, {
			"streams":	[{
					"socket":	6,
					"start":	2.000006,
					"end":	3.000009,
					"seconds":	1.0000029802322388,
					"bytes":	1152452808,
					"bits_per_second":	9219594987.46579,
					"omitted":	false,
					"sender":	false
				}],
			"sum":	{
				"start":	2.000006,
				"end":	3.000009,
				"seconds":	1.0000029802322388,
				"bytes":	1152452808,
				"bits_per_second":	9219594987.46579,
				"omitted":	false,
				"sender":	false
			}
		}, {
			"streams":	[{
					"socket":	6,
					"start":	3.000009,
					"end":	4.000023,
					"seconds":	1.0000139474868774,
					"bytes":	1149875596,
					"bits_per_second":	9198876466.791193,
					"omitted":	false,
					"sender":	false
				}],
			"sum":	{
				"start":	3.000009,
				"end":	4.000023,
				"seconds":	1.0000139474868774,
				"bytes":	1149875596,
				"bits_per_second":	9198876466.791193,
				"omitted":	false,
				"sender":	false
			}
		}, {
			"streams":	[{
					"socket":	6,
					"start":	4.000023,
					"end":	5.000008,
					"seconds":	0.9999849796295166,
					"bytes":	1116176112,
					"bits_per_second":	8929543021.0444241,
					"omitted":	false,
					"sender":	false
				}],
			"sum":	{
				"start":	4.000023,
				"end":	5.000008,
				"seconds":	0.9999849796295166,
				"bytes":	1116176112,
				"bits_per_second":	8929543021.0444241,
				"omitted":	false,
				"sender":	false
			}
		}, {
			"streams":	[{
					"socket":	6,
					"start":	5.000008,
					"end":	6.000005,
					"seconds":	0.99999701976776123,
					"bytes":	1129067136,
					"bits_per_second":	9032564007.13845,
					"omitted":	false,
					"sender":	false
				}],
			"sum":	{
				"start":	5.000008,
				"end":	6.000005,
				"seconds":	0.99999701976776123,
				"bytes":	1129067136,
				"bits_per_second":	9032564007.13845,
				"omitted":	false,
				"sender":	false
			}
		}, {
			"streams":	[{
					"socket":	6,
					"start":	6.000005,
					"end":	7.000008,
					"seconds":	1.0000029802322388,
					"bytes":	907945440,
					"bits_per_second":	7263541872.9583426,
					"omitted":	false,
					"sender":	false
				}],
			"sum":	{
				"start":	6.000005,
				"end":	7.000008,
				"seconds":	1.0000029802322388,
				"bytes":	907945440,
				"bits_per_second":	7263541872.9583426,
				"omitted":	false,
				"sender":	false
			}
		}, {
			"streams":	[{
					"socket":	6,
					"start":	7.000008,
					"end":	8.000033,
					"seconds":	1.0000250339508057,
					"bytes":	1151490260,
					"bits_per_second":	9211691474.96878,
					"omitted":	false,
					"sender":	false
				}],
			"sum":	{
				"start":	7.000008,
				"end":	8.000033,
				"seconds":	1.0000250339508057,
				"bytes":	1151490260,
				"bits_per_second":	9211691474.96878,
				"omitted":	false,
				"sender":	false
			}
		}, {
			"streams":	[{
					"socket":	6,
					"start":	8.000033,
					"end":	9.002277,
					"seconds":	1.0022439956665039,
					"bytes":	1138829736,
					"bits_per_second":	9090239430.11135,
					"omitted":	false,
					"sender":	false
				}],
			"sum":	{
				"start":	8.000033,
				"end":	9.002277,
				"seconds":	1.0022439956665039,
				"bytes":	1138829736,
				"bits_per_second":	9090239430.11135,
				"omitted":	false,
				"sender":	false
			}
		}, {
			"streams":	[{
					"socket":	6,
					"start":	9.002277,
					"end":	10.000032,
					"seconds":	0.997754991054535,
					"bytes":	1147967812,
					"bits_per_second":	9204406470.86479,
					"omitted":	false,
					"sender":	false
				}],
			"sum":	{
				"start":	9.002277,
				"end":	10.000032,
				"seconds":	0.997754991054535,
				"bytes":	1147967812,
				"bits_per_second":	9204406470.86479,
				"omitted":	false,
				"sender":	false
			}
		}],
	"end":	{
		"streams":	[{
				"sender":	{
					"socket":	6,
					"start":	0,
					"end":	10.000123,
					"seconds":	10.000123,
					"bytes":	10950232908,
					"bits_per_second":	8760078577.4334965,
					"retransmits":	651,
					"max_snd_cwnd":	0,
					"max_snd_wnd":	0,
					"max_rtt":	0,
					"min_rtt":	0,
					"mean_rtt":	0,
					"sender":	false
				},
				"receiver":	{
					"socket":	6,
					"start":	0,
					"end":	10.000032,
					"seconds":	10.000032,
					"bytes":	10949316132,
					"bits_per_second":	8759424875.4404,
					"sender":	false
				}
			}],
		"sum_sent":	{
			"start":	0,
			"end":	10.000123,
			"seconds":	10.000123,
			"bytes":	10950232908,
			"bits_per_second":	8760078577.4334965,
			"retransmits":	651,
			"sender":	false
		},
		"sum_received":	{
			"start":	0,
			"end":	10.000032,
			"seconds":	10.000032,
			"bytes":	10949316132,
			"bits_per_second":	8759424875.4404,
			"sender":	false
		},
		"cpu_utilization_percent":	{
			"host_total":	36.6229291904411,
			"host_user":	1.4469321243587554,
			"host_system":	35.175987067726069,
			"remote_total":	9.7242745568582158,
			"remote_user":	0.421104567751076,
			"remote_system":	9.30316998910714
		},
		"sender_tcp_congestion":	"cubic",
		"receiver_tcp_congestion":	"cubic"
	}
}
