{
	"start":	{
		"connected":	[{
				"socket":	6,
				"local_host":	"fe80::e63d:1aff:fe72:f1",
				"local_port":	44906,
				"remote_host":	"fe80::e63d:1aff:fe72:f0",
				"remote_port":	5201
			}],
		"version":	"iperf 3.10.1",
		"system_info":	"Linux ryan 5.10.89 #1-NixOS SMP Wed Dec 29 11:26:08 UTC 2021 x86_64",
		"timestamp":	{
			"time":	"Thu, 13 Jan 2022 01:44:17 GMT",
			"timesecs":	1642038257
		},
		"connecting_to":	{
			"host":	"fe80::e63d:1aff:fe72:f0%swissknife1",
			"port":	5201
		},
		"cookie":	"lsx7hmpkf37o6sajgl7gj5dvjzwjsa5f7viq",
		"tcp_mss_default":	1428,
		"sock_bufsize":	65536,
		"sndbuf_actual":	131072,
		"rcvbuf_actual":	131072,
		"test_start":	{
			"protocol":	"TCP",
			"num_streams":	1,
			"blksize":	131072,
			"omit":	0,
			"duration":	10,
			"bytes":	0,
			"blocks":	0,
			"reverse":	1,
			"tos":	0
		}
	},
	"intervals":	[{
			"streams":	[{
					"socket":	6,
					"start":	0,
					"end":	1.000021,
					"seconds":	1.0000209808349609,
					"bytes":	776808848,
					"bits_per_second":	6214340401.9496355,
					"omitted":	false,
					"sender":	false
				}],
			"sum":	{
				"start":	0,
				"end":	1.000021,
				"seconds":	1.0000209808349609,
				"bytes":	776808848,
				"bits_per_second":	6214340401.9496355,
				"omitted":	false,
				"sender":	false
			}
		}, {
			"streams":	[{
					"socket":	6,
					"start":	1.000021,
					"end":	2.000023,
					"seconds":	1.0000020265579224,
					"bytes":	755641756,
					"bits_per_second":	6045121797.21053,
					"omitted":	false,
					"sender":	false
				}],
			"sum":	{
				"start":	1.000021,
				"end":	2.000023,
				"seconds":	1.0000020265579224,
				"bytes":	755641756,
				"bits_per_second":	6045121797.21053,
				"omitted":	false,
				"sender":	false
			}
		}, {
			"streams":	[{
					"socket":	6,
					"start":	2.000023,
					"end":	3.000012,
					"seconds":	0.99998897314071655,
					"bytes":	831989928,
					"bits_per_second":	6655992818.6962032,
					"omitted":	false,
					"sender":	false
				}],
			"sum":	{
				"start":	2.000023,
				"end":	3.000012,
				"seconds":	0.99998897314071655,
				"bytes":	831989928,
				"bits_per_second":	6655992818.6962032,
				"omitted":	false,
				"sender":	false
			}
		}, {
			"streams":	[{
					"socket":	6,
					"start":	3.000012,
					"end":	4.000026,
					"seconds":	1.0000139474868774,
					"bytes":	794731828,
					"bits_per_second":	6357765949.1428547,
					"omitted":	false,
					"sender":	false
				}],
			"sum":	{
				"start":	3.000012,
				"end":	4.000026,
				"seconds":	1.0000139474868774,
				"bytes":	794731828,
				"bits_per_second":	6357765949.1428547,
				"omitted":	false,
				"sender":	false
			}
		}, {
			"streams":	[{
					"socket":	6,
					"start":	4.000026,
					"end":	5.00003,
					"seconds":	1.0000040531158447,
					"bytes":	814396968,
					"bits_per_second":	6515149337.34499,
					"omitted":	false,
					"sender":	false
				}],
			"sum":	{
				"start":	4.000026,
				"end":	5.00003,
				"seconds":	1.0000040531158447,
				"bytes":	814396968,
				"bits_per_second":	6515149337.34499,
				"omitted":	false,
				"sender":	false
			}
		}, {
			"streams":	[{
					"socket":	6,
					"start":	5.00003,
					"end":	6.000028,
					"seconds":	0.99999797344207764,
					"bytes":	794007984,
					"bits_per_second":	6352076744.85145,
					"omitted":	false,
					"sender":	false
				}],
			"sum":	{
				"start":	5.00003,
				"end":	6.000028,
				"seconds":	0.99999797344207764,
				"bytes":	794007984,
				"bits_per_second":	6352076744.85145,
				"omitted":	false,
				"sender":	false
			}
		}, {
			"streams":	[{
					"socket":	6,
					"start":	6.000028,
					"end":	7.000005,
					"seconds":	0.9999769926071167,
					"bytes":	789076948,
					"bits_per_second":	6312760824.16846,
					"omitted":	false,
					"sender":	false
				}],
			"sum":	{
				"start":	6.000028,
				"end":	7.000005,
				"seconds":	0.9999769926071167,
				"bytes":	789076948,
				"bits_per_second":	6312760824.16846,
				"omitted":	false,
				"sender":	false
			}
		}, {
			"streams":	[{
					"socket":	6,
					"start":	7.000005,
					"end":	8.000034,
					"seconds":	1.0000289678573608,
					"bytes":	787944696,
					"bits_per_second":	6303374972.7328978,
					"omitted":	false,
					"sender":	false
				}],
			"sum":	{
				"start":	7.000005,
				"end":	8.000034,
				"seconds":	1.0000289678573608,
				"bytes":	787944696,
				"bits_per_second":	6303374972.7328978,
				"omitted":	false,
				"sender":	false
			}
		}, {
			"streams":	[{
					"socket":	6,
					"start":	8.000034,
					"end":	9.000006,
					"seconds":	0.99997198581695557,
					"bytes":	771231384,
					"bits_per_second":	6170023920.1794882,
					"omitted":	false,
					"sender":	false
				}],
			"sum":	{
				"start":	8.000034,
				"end":	9.000006,
				"seconds":	0.99997198581695557,
				"bytes":	771231384,
				"bits_per_second":	6170023920.1794882,
				"omitted":	false,
				"sender":	false
			}
		}, {
			"streams":	[{
					"socket":	6,
					"start":	9.000006,
					"end":	10.00001,
					"seconds":	1.0000040531158447,
					"bytes":	774718560,
					"bits_per_second":	6197723359.9092484,
					"omitted":	false,
					"sender":	false
				}],
			"sum":	{
				"start":	9.000006,
				"end":	10.00001,
				"seconds":	1.0000040531158447,
				"bytes":	774718560,
				"bits_per_second":	6197723359.9092484,
				"omitted":	false,
				"sender":	false
			}
		}],
	"end":	{
		"streams":	[{
				"sender":	{
					"socket":	6,
					"start":	0,
					"end":	10.000097,
					"seconds":	10.000097,
					"bytes":	7890674564,
					"bits_per_second":	6312478420.1593246,
					"retransmits":	0,
					"max_snd_cwnd":	0,
					"max_snd_wnd":	0,
					"max_rtt":	0,
					"min_rtt":	0,
					"mean_rtt":	0,
					"sender":	false
				},
				"receiver":	{
					"socket":	6,
					"start":	0,
					"end":	10.00001,
					"seconds":	10.00001,
					"bytes":	7890548900,
					"bits_per_second":	6312432807.567193,
					"sender":	false
				}
			}],
		"sum_sent":	{
			"start":	0,
			"end":	10.000097,
			"seconds":	10.000097,
			"bytes":	7890674564,
			"bits_per_second":	6312478420.1593246,
			"retransmits":	0,
			"sender":	false
		},
		"sum_received":	{
			"start":	0,
			"end":	10.00001,
			"seconds":	10.00001,
			"bytes":	7890548900,
			"bits_per_second":	6312432807.567193,
			"sender":	false
		},
		"cpu_utilization_percent":	{
			"host_total":	24.458352441249346,
			"host_user":	1.0626950594552367,
			"host_system":	23.395657381794109,
			"remote_total":	8.518341409249345,
			"remote_user":	0.75520214589768264,
			"remote_system":	7.76313926335166
		},
		"sender_tcp_congestion":	"cubic",
		"receiver_tcp_congestion":	"cubic"
	}
}
