{
	"start":	{
		"connected":	[{
				"socket":	6,
				"local_host":	"fe80::e63d:1aff:fe72:f1",
				"local_port":	46275,
				"remote_host":	"fe80::e63d:1aff:fe72:f0",
				"remote_port":	5201
			}],
		"version":	"iperf 3.10.1",
		"system_info":	"Linux ryan 5.10.89 #1-NixOS SMP Wed Dec 29 11:26:08 UTC 2021 x86_64",
		"timestamp":	{
			"time":	"Thu, 13 Jan 2022 01:42:56 GMT",
			"timesecs":	1642038176
		},
		"connecting_to":	{
			"host":	"fe80::e63d:1aff:fe72:f0%swissknife1",
			"port":	5201
		},
		"cookie":	"vaxbnuwaxzobtknoe4qajfvqcsnr3sgs3wja",
		"sock_bufsize":	0,
		"sndbuf_actual":	212992,
		"rcvbuf_actual":	212992,
		"test_start":	{
			"protocol":	"UDP",
			"num_streams":	1,
			"blksize":	1428,
			"omit":	0,
			"duration":	10,
			"bytes":	0,
			"blocks":	0,
			"reverse":	0,
			"tos":	0
		}
	},
	"intervals":	[{
			"streams":	[{
					"socket":	6,
					"start":	0,
					"end":	1.000054,
					"seconds":	1.0000540018081665,
					"bytes":	249877152,
					"bits_per_second":	1998909271.28499,
					"packets":	174984,
					"omitted":	false,
					"sender":	true
				}],
			"sum":	{
				"start":	0,
				"end":	1.000054,
				"seconds":	1.0000540018081665,
				"bytes":	249877152,
				"bits_per_second":	1998909271.28499,
				"packets":	174984,
				"omitted":	false,
				"sender":	true
			}
		}, {
			"streams":	[{
					"socket":	6,
					"start":	1.000054,
					"end":	2.000054,
					"seconds":	1,
					"bytes":	249989964,
					"bits_per_second":	1999919712,
					"packets":	175063,
					"omitted":	false,
					"sender":	true
				}],
			"sum":	{
				"start":	1.000054,
				"end":	2.000054,
				"seconds":	1,
				"bytes":	249989964,
				"bits_per_second":	1999919712,
				"packets":	175063,
				"omitted":	false,
				"sender":	true
			}
		}, {
			"streams":	[{
					"socket":	6,
					"start":	2.000054,
					"end":	3.000054,
					"seconds":	1,
					"bytes":	250011384,
					"bits_per_second":	2000091072,
					"packets":	175078,
					"omitted":	false,
					"sender":	true
				}],
			"sum":	{
				"start":	2.000054,
				"end":	3.000054,
				"seconds":	1,
				"bytes":	250011384,
				"bits_per_second":	2000091072,
				"packets":	175078,
				"omitted":	false,
				"sender":	true
			}
		}, {
			"streams":	[{
					"socket":	6,
					"start":	3.000054,
					"end":	4.000055,
					"seconds":	1.0000009536743164,
					"bytes":	249998532,
					"bits_per_second":	1999986348.664386,
					"packets":	175069,
					"omitted":	false,
					"sender":	true
				}],
			"sum":	{
				"start":	3.000054,
				"end":	4.000055,
				"seconds":	1.0000009536743164,
				"bytes":	249998532,
				"bits_per_second":	1999986348.664386,
				"packets":	175069,
				"omitted":	false,
				"sender":	true
			}
		}, {
			"streams":	[{
					"socket":	6,
					"start":	4.000055,
					"end":	5.000054,
					"seconds":	0.99999898672103882,
					"bytes":	249992820,
					"bits_per_second":	1999944586.5017731,
					"packets":	175065,
					"omitted":	false,
					"sender":	true
				}],
			"sum":	{
				"start":	4.000055,
				"end":	5.000054,
				"seconds":	0.99999898672103882,
				"bytes":	249992820,
				"bits_per_second":	1999944586.5017731,
				"packets":	175065,
				"omitted":	false,
				"sender":	true
			}
		}, {
			"streams":	[{
					"socket":	6,
					"start":	5.000054,
					"end":	6.000054,
					"seconds":	1,
					"bytes":	250005672,
					"bits_per_second":	2000045376,
					"packets":	175074,
					"omitted":	false,
					"sender":	true
				}],
			"sum":	{
				"start":	5.000054,
				"end":	6.000054,
				"seconds":	1,
				"bytes":	250005672,
				"bits_per_second":	2000045376,
				"packets":	175074,
				"omitted":	false,
				"sender":	true
			}
		}, {
			"streams":	[{
					"socket":	6,
					"start":	6.000054,
					"end":	7.000054,
					"seconds":	1,
					"bytes":	249998532,
					"bits_per_second":	1999988256,
					"packets":	175069,
					"omitted":	false,
					"sender":	true
				}],
			"sum":	{
				"start":	6.000054,
				"end":	7.000054,
				"seconds":	1,
				"bytes":	249998532,
				"bits_per_second":	1999988256,
				"packets":	175069,
				"omitted":	false,
				"sender":	true
			}
		}, {
			"streams":	[{
					"socket":	6,
					"start":	7.000054,
					"end":	8.000055,
					"seconds":	1.0000009536743164,
					"bytes":	250012812,
					"bits_per_second":	2000100588.5554385,
					"packets":	175079,
					"omitted":	false,
					"sender":	true
				}],
			"sum":	{
				"start":	7.000054,
				"end":	8.000055,
				"seconds":	1.0000009536743164,
				"bytes":	250012812,
				"bits_per_second":	2000100588.5554385,
				"packets":	175079,
				"omitted":	false,
				"sender":	true
			}
		}, {
			"streams":	[{
					"socket":	6,
					"start":	8.000055,
					"end":	9.000055,
					"seconds":	1,
					"bytes":	249989964,
					"bits_per_second":	1999919712,
					"packets":	175063,
					"omitted":	false,
					"sender":	true
				}],
			"sum":	{
				"start":	8.000055,
				"end":	9.000055,
				"seconds":	1,
				"bytes":	249989964,
				"bits_per_second":	1999919712,
				"packets":	175063,
				"omitted":	false,
				"sender":	true
			}
		}, {
			"streams":	[{
					"socket":	6,
					"start":	9.000055,
					"end":	10.000058,
					"seconds":	1.0000029802322388,
					"bytes":	249971400,
					"bits_per_second":	1999765240.2351611,
					"packets":	175050,
					"omitted":	false,
					"sender":	true
				}],
			"sum":	{
				"start":	9.000055,
				"end":	10.000058,
				"seconds":	1.0000029802322388,
				"bytes":	249971400,
				"bits_per_second":	1999765240.2351611,
				"packets":	175050,
				"omitted":	false,
				"sender":	true
			}
		}],
	"end":	{
		"streams":	[{
				"udp":	{
					"socket":	6,
					"start":	0,
					"end":	10.000058,
					"seconds":	10.000058,
					"bytes":	2499848232,
					"bits_per_second":	1999866986.3714793,
					"jitter_ms":	0.0045632020525334851,
					"lost_packets":	68661,
					"packets":	1750594,
					"lost_percent":	3.9221544230129886,
					"out_of_order":	0,
					"sender":	true
				}
			}],
		"sum":	{
			"start":	0,
			"end":	10.00015,
			"seconds":	10.00015,
			"bytes":	2499848232,
			"bits_per_second":	1999866986.3714793,
			"jitter_ms":	0.0045632020525334851,
			"lost_packets":	68661,
			"packets":	1750594,
			"lost_percent":	3.9221544230129886,
			"sender":	true
		},
		"cpu_utilization_percent":	{
			"host_total":	45.583889613664027,
			"host_user":	2.7133721162190678,
			"host_system":	42.870517497444958,
			"remote_total":	40.440725080616232,
			"remote_user":	2.1502562409770167,
			"remote_system":	38.290458839796216
		}
	}
}
