{
	"start":	{
		"connected":	[{
				"socket":	6,
				"local_host":	"fe80::e63d:1aff:fe72:f1",
				"local_port":	33736,
				"remote_host":	"fe80::e63d:1aff:fe72:f0",
				"remote_port":	5201
			}],
		"version":	"iperf 3.10.1",
		"system_info":	"Linux ryan 5.10.89 #1-NixOS SMP Wed Dec 29 11:26:08 UTC 2021 x86_64",
		"timestamp":	{
			"time":	"Wed, 12 Jan 2022 16:50:43 GMT",
			"timesecs":	1642006243
		},
		"connecting_to":	{
			"host":	"fe80::e63d:1aff:fe72:f0%swissknife1",
			"port":	5201
		},
		"cookie":	"j2m6u667c2u2osnsxbdo6ymmamjbp5vklnbd",
		"tcp_mss_default":	1428,
		"sock_bufsize":	262144,
		"sndbuf_actual":	524288,
		"rcvbuf_actual":	524288,
		"test_start":	{
			"protocol":	"TCP",
			"num_streams":	1,
			"blksize":	131072,
			"omit":	0,
			"duration":	10,
			"bytes":	0,
			"blocks":	0,
			"reverse":	1,
			"tos":	0
		}
	},
	"intervals":	[{
			"streams":	[{
					"socket":	6,
					"start":	0,
					"end":	1.000012,
					"seconds":	1.0000120401382446,
					"bytes":	633703568,
					"bits_per_second":	5069567505.70639,
					"omitted":	false,
					"sender":	false
				}],
			"sum":	{
				"start":	0,
				"end":	1.000012,
				"seconds":	1.0000120401382446,
				"bytes":	633703568,
				"bits_per_second":	5069567505.70639,
				"omitted":	false,
				"sender":	false
			}
		}, {
			"streams":	[{
					"socket":	6,
					"start":	1.000012,
					"end":	2.000028,
					"seconds":	1.0000159740448,
					"bytes":	1138188292,
					"bits_per_second":	9105360886.55728,
					"omitted":	false,
					"sender":	false
				}],
			"sum":	{
				"start":	1.000012,
				"end":	2.000028,
				"seconds":	1.0000159740448,
				"bytes":	1138188292,
				"bits_per_second":	9105360886.55728,
				"omitted":	false,
				"sender":	false
			}
		}, {
			"streams":	[{
					"socket":	6,
					"start":	2.000028,
					"end":	3.000043,
					"seconds":	1.0000150203704834,
					"bytes":	1147659972,
					"bits_per_second":	9181141871.8476238,
					"omitted":	false,
					"sender":	false
				}],
			"sum":	{
				"start":	2.000028,
				"end":	3.000043,
				"seconds":	1.0000150203704834,
				"bytes":	1147659972,
				"bits_per_second":	9181141871.8476238,
				"omitted":	false,
				"sender":	false
			}
		}, {
			"streams":	[{
					"socket":	6,
					"start":	3.000043,
					"end":	4.000019,
					"seconds":	0.99997597932815552,
					"bytes":	1134864972,
					"bits_per_second":	9079137862.99124,
					"omitted":	false,
					"sender":	false
				}],
			"sum":	{
				"start":	3.000043,
				"end":	4.000019,
				"seconds":	0.99997597932815552,
				"bytes":	1134864972,
				"bits_per_second":	9079137862.99124,
				"omitted":	false,
				"sender":	false
			}
		}, {
			"streams":	[{
					"socket":	6,
					"start":	4.000019,
					"end":	5.000039,
					"seconds":	1.0000200271606445,
					"bytes":	1146356116,
					"bits_per_second":	9170665265.61351,
					"omitted":	false,
					"sender":	false
				}],
			"sum":	{
				"start":	4.000019,
				"end":	5.000039,
				"seconds":	1.0000200271606445,
				"bytes":	1146356116,
				"bits_per_second":	9170665265.61351,
				"omitted":	false,
				"sender":	false
			}
		}, {
			"streams":	[{
					"socket":	6,
					"start":	5.000039,
					"end":	6.000023,
					"seconds":	0.9999840259552002,
					"bytes":	1148909736,
					"bits_per_second":	9191424712.23013,
					"omitted":	false,
					"sender":	false
				}],
			"sum":	{
				"start":	5.000039,
				"end":	6.000023,
				"seconds":	0.9999840259552002,
				"bytes":	1148909736,
				"bits_per_second":	9191424712.23013,
				"omitted":	false,
				"sender":	false
			}
		}, {
			"streams":	[{
					"socket":	6,
					"start":	6.000023,
					"end":	7.000112,
					"seconds":	1.0000890493392944,
					"bytes":	886904888,
					"bits_per_second":	7094607333.9043627,
					"omitted":	false,
					"sender":	false
				}],
			"sum":	{
				"start":	6.000023,
				"end":	7.000112,
				"seconds":	1.0000890493392944,
				"bytes":	886904888,
				"bits_per_second":	7094607333.9043627,
				"omitted":	false,
				"sender":	false
			}
		}, {
			"streams":	[{
					"socket":	6,
					"start":	7.000112,
					"end":	8.000015,
					"seconds":	0.99990302324295044,
					"bytes":	902024768,
					"bits_per_second":	7216898015.3654871,
					"omitted":	false,
					"sender":	false
				}],
			"sum":	{
				"start":	7.000112,
				"end":	8.000015,
				"seconds":	0.99990302324295044,
				"bytes":	902024768,
				"bits_per_second":	7216898015.3654871,
				"omitted":	false,
				"sender":	false
			}
		}, {
			"streams":	[{
					"socket":	6,
					"start":	8.000015,
					"end":	9.000014,
					"seconds":	0.99999898672103882,
					"bytes":	1147720124,
					"bits_per_second":	9181770295.69467,
					"omitted":	false,
					"sender":	false
				}],
			"sum":	{
				"start":	8.000015,
				"end":	9.000014,
				"seconds":	0.99999898672103882,
				"bytes":	1147720124,
				"bits_per_second":	9181770295.69467,
				"omitted":	false,
				"sender":	false
			}
		}, {
			"streams":	[{
					"socket":	6,
					"start":	9.000014,
					"end":	10.000029,
					"seconds":	1.0000150203704834,
					"bytes":	1148866020,
					"bits_per_second":	9190790110.9275,
					"omitted":	false,
					"sender":	false
				}],
			"sum":	{
				"start":	9.000014,
				"end":	10.000029,
				"seconds":	1.0000150203704834,
				"bytes":	1148866020,
				"bits_per_second":	9190790110.9275,
				"omitted":	false,
				"sender":	false
			}
		}],
	"end":	{
		"streams":	[{
				"sender":	{
					"socket":	6,
					"start":	0,
					"end":	10.000143,
					"seconds":	10.000143,
					"bytes":	10435712536,
					"bits_per_second":	8348450645.9557629,
					"retransmits":	936,
					"max_snd_cwnd":	0,
					"max_snd_wnd":	0,
					"max_rtt":	0,
					"min_rtt":	0,
					"mean_rtt":	0,
					"sender":	false
				},
				"receiver":	{
					"socket":	6,
					"start":	0,
					"end":	10.000029,
					"seconds":	10.000029,
					"bytes":	10435198456,
					"bits_per_second":	8348134555.20979,
					"sender":	false
				}
			}],
		"sum_sent":	{
			"start":	0,
			"end":	10.000143,
			"seconds":	10.000143,
			"bytes":	10435712536,
			"bits_per_second":	8348450645.9557629,
			"retransmits":	936,
			"sender":	false
		},
		"sum_received":	{
			"start":	0,
			"end":	10.000029,
			"seconds":	10.000029,
			"bytes":	10435198456,
			"bits_per_second":	8348134555.20979,
			"sender":	false
		},
		"cpu_utilization_percent":	{
			"host_total":	38.0456843960938,
			"host_user":	1.7145796056530895,
			"host_system":	36.331104790440719,
			"remote_total":	14.76794700400024,
			"remote_user":	0.97189532438060178,
			"remote_system":	13.796061679468641
		},
		"sender_tcp_congestion":	"cubic",
		"receiver_tcp_congestion":	"cubic"
	}
}
