{
	"start":	{
		"connected":	[{
				"socket":	6,
				"local_host":	"fe80::e63d:1aff:fe72:f1",
				"local_port":	33498,
				"remote_host":	"fe80::e63d:1aff:fe72:f0",
				"remote_port":	5201
			}],
		"version":	"iperf 3.10.1",
		"system_info":	"Linux ryan 5.10.89 #1-NixOS SMP Wed Dec 29 11:26:08 UTC 2021 x86_64",
		"timestamp":	{
			"time":	"Wed, 12 Jan 2022 16:47:43 GMT",
			"timesecs":	1642006063
		},
		"connecting_to":	{
			"host":	"fe80::e63d:1aff:fe72:f0%swissknife1",
			"port":	5201
		},
		"cookie":	"hmlkjzsst6unkmsf5bu7jrpyafktx4e2z2kw",
		"tcp_mss_default":	1428,
		"sock_bufsize":	32768,
		"sndbuf_actual":	65536,
		"rcvbuf_actual":	65536,
		"test_start":	{
			"protocol":	"TCP",
			"num_streams":	1,
			"blksize":	131072,
			"omit":	0,
			"duration":	10,
			"bytes":	0,
			"blocks":	0,
			"reverse":	0,
			"tos":	0
		}
	},
	"intervals":	[{
			"streams":	[{
					"socket":	6,
					"start":	0,
					"end":	1.00003,
					"seconds":	1.0000300407409668,
					"bytes":	402733128,
					"bits_per_second":	3221768239.6948562,
					"retransmits":	0,
					"snd_cwnd":	71400,
					"snd_wnd":	29988,
					"rtt":	65,
					"rttvar":	0,
					"pmtu":	1500,
					"omitted":	false,
					"sender":	true
				}],
			"sum":	{
				"start":	0,
				"end":	1.00003,
				"seconds":	1.0000300407409668,
				"bytes":	402733128,
				"bits_per_second":	3221768239.6948562,
				"retransmits":	0,
				"omitted":	false,
				"sender":	true
			}
		}, {
			"streams":	[{
					"socket":	6,
					"start":	1.00003,
					"end":	2.000005,
					"seconds":	0.999975025653839,
					"bytes":	401375100,
					"bits_per_second":	3211080994.6483111,
					"retransmits":	0,
					"snd_cwnd":	71400,
					"snd_wnd":	29988,
					"rtt":	71,
					"rttvar":	7,
					"pmtu":	1500,
					"omitted":	false,
					"sender":	true
				}],
			"sum":	{
				"start":	1.00003,
				"end":	2.000005,
				"seconds":	0.999975025653839,
				"bytes":	401375100,
				"bits_per_second":	3211080994.6483111,
				"retransmits":	0,
				"omitted":	false,
				"sender":	true
			}
		}, {
			"streams":	[{
					"socket":	6,
					"start":	2.000005,
					"end":	3.000055,
					"seconds":	1.0000499486923218,
					"bytes":	423529092,
					"bits_per_second":	3388063506.65834,
					"retransmits":	0,
					"snd_cwnd":	71400,
					"snd_wnd":	29988,
					"rtt":	71,
					"rttvar":	11,
					"pmtu":	1500,
					"omitted":	false,
					"sender":	true
				}],
			"sum":	{
				"start":	2.000005,
				"end":	3.000055,
				"seconds":	1.0000499486923218,
				"bytes":	423529092,
				"bits_per_second":	3388063506.65834,
				"retransmits":	0,
				"omitted":	false,
				"sender":	true
			}
		}, {
			"streams":	[{
					"socket":	6,
					"start":	3.000055,
					"end":	4.000009,
					"seconds":	0.9999539852142334,
					"bytes":	417628596,
					"bits_per_second":	3341182511.7974873,
					"retransmits":	1,
					"snd_cwnd":	71400,
					"snd_wnd":	29988,
					"rtt":	69,
					"rttvar":	4,
					"pmtu":	1500,
					"omitted":	false,
					"sender":	true
				}],
			"sum":	{
				"start":	3.000055,
				"end":	4.000009,
				"seconds":	0.9999539852142334,
				"bytes":	417628596,
				"bits_per_second":	3341182511.7974873,
				"retransmits":	1,
				"omitted":	false,
				"sender":	true
			}
		}, {
			"streams":	[{
					"socket":	6,
					"start":	4.000009,
					"end":	5.000063,
					"seconds":	1.0000540018081665,
					"bytes":	398850396,
					"bits_per_second":	3190630868.1639271,
					"retransmits":	1,
					"snd_cwnd":	71400,
					"snd_wnd":	29988,
					"rtt":	72,
					"rttvar":	4,
					"pmtu":	1500,
					"omitted":	false,
					"sender":	true
				}],
			"sum":	{
				"start":	4.000009,
				"end":	5.000063,
				"seconds":	1.0000540018081665,
				"bytes":	398850396,
				"bits_per_second":	3190630868.1639271,
				"retransmits":	1,
				"omitted":	false,
				"sender":	true
			}
		}, {
			"streams":	[{
					"socket":	6,
					"start":	5.000063,
					"end":	6.00005,
					"seconds":	0.999987006187439,
					"bytes":	402433248,
					"bits_per_second":	3219507817.6811218,
					"retransmits":	0,
					"snd_cwnd":	71400,
					"snd_wnd":	29988,
					"rtt":	76,
					"rttvar":	9,
					"pmtu":	1500,
					"omitted":	false,
					"sender":	true
				}],
			"sum":	{
				"start":	5.000063,
				"end":	6.00005,
				"seconds":	0.999987006187439,
				"bytes":	402433248,
				"bits_per_second":	3219507817.6811218,
				"retransmits":	0,
				"omitted":	false,
				"sender":	true
			}
		}, {
			"streams":	[{
					"socket":	6,
					"start":	6.00005,
					"end":	7.000018,
					"seconds":	0.99996799230575562,
					"bytes":	403084416,
					"bits_per_second":	3224778545.7256975,
					"retransmits":	1,
					"snd_cwnd":	71400,
					"snd_wnd":	29988,
					"rtt":	71,
					"rttvar":	10,
					"pmtu":	1500,
					"omitted":	false,
					"sender":	true
				}],
			"sum":	{
				"start":	6.00005,
				"end":	7.000018,
				"seconds":	0.99996799230575562,
				"bytes":	403084416,
				"bits_per_second":	3224778545.7256975,
				"retransmits":	1,
				"omitted":	false,
				"sender":	true
			}
		}, {
			"streams":	[{
					"socket":	6,
					"start":	7.000018,
					"end":	8.000033,
					"seconds":	1.0000150203704834,
					"bytes":	407702568,
					"bits_per_second":	3261571553.9869008,
					"retransmits":	0,
					"snd_cwnd":	71400,
					"snd_wnd":	29988,
					"rtt":	83,
					"rttvar":	8,
					"pmtu":	1500,
					"omitted":	false,
					"sender":	true
				}],
			"sum":	{
				"start":	7.000018,
				"end":	8.000033,
				"seconds":	1.0000150203704834,
				"bytes":	407702568,
				"bits_per_second":	3261571553.9869008,
				"retransmits":	0,
				"omitted":	false,
				"sender":	true
			}
		}, {
			"streams":	[{
					"socket":	6,
					"start":	8.000033,
					"end":	9.000023,
					"seconds":	0.99998998641967773,
					"bytes":	414625512,
					"bits_per_second":	3317037311.41955,
					"retransmits":	0,
					"snd_cwnd":	71400,
					"snd_wnd":	29988,
					"rtt":	74,
					"rttvar":	10,
					"pmtu":	1500,
					"omitted":	false,
					"sender":	true
				}],
			"sum":	{
				"start":	8.000033,
				"end":	9.000023,
				"seconds":	0.99998998641967773,
				"bytes":	414625512,
				"bits_per_second":	3317037311.41955,
				"retransmits":	0,
				"omitted":	false,
				"sender":	true
			}
		}, {
			"streams":	[{
					"socket":	6,
					"start":	9.000023,
					"end":	10.000053,
					"seconds":	1.0000300407409668,
					"bytes":	428806980,
					"bits_per_second":	3430352789.6604209,
					"retransmits":	0,
					"snd_cwnd":	71400,
					"snd_wnd":	29988,
					"rtt":	76,
					"rttvar":	8,
					"pmtu":	1500,
					"omitted":	false,
					"sender":	true
				}],
			"sum":	{
				"start":	9.000023,
				"end":	10.000053,
				"seconds":	1.0000300407409668,
				"bytes":	428806980,
				"bits_per_second":	3430352789.6604209,
				"retransmits":	0,
				"omitted":	false,
				"sender":	true
			}
		}],
	"end":	{
		"streams":	[{
				"sender":	{
					"socket":	6,
					"start":	0,
					"end":	10.000053,
					"seconds":	10.000053,
					"bytes":	4100769036,
					"bits_per_second":	3280597841.63144,
					"retransmits":	3,
					"max_snd_cwnd":	71400,
					"max_snd_wnd":	29988,
					"max_rtt":	83,
					"min_rtt":	65,
					"mean_rtt":	72,
					"sender":	true
				},
				"receiver":	{
					"socket":	6,
					"start":	0,
					"end":	10.000137,
					"seconds":	10.000053,
					"bytes":	4100737620,
					"bits_per_second":	3280545152.53141,
					"sender":	true
				}
			}],
		"sum_sent":	{
			"start":	0,
			"end":	10.000053,
			"seconds":	10.000053,
			"bytes":	4100769036,
			"bits_per_second":	3280597841.63144,
			"retransmits":	3,
			"sender":	true
		},
		"sum_received":	{
			"start":	0,
			"end":	10.000137,
			"seconds":	10.000137,
			"bytes":	4100737620,
			"bits_per_second":	3280545152.53141,
			"sender":	true
		},
		"cpu_utilization_percent":	{
			"host_total":	12.336754360865317,
			"host_user":	1.437755354840877,
			"host_system":	10.898999006024439,
			"remote_total":	21.090784183629339,
			"remote_user":	1.0684445075546405,
			"remote_system":	20.0223396760747
		},
		"sender_tcp_congestion":	"cubic",