{
	"start":	{
		"connected":	[{
				"socket":	6,
				"local_host":	"fe80::e63d:1aff:fe72:f1",
				"local_port":	32902,
				"remote_host":	"fe80::e63d:1aff:fe72:f0",
				"remote_port":	5201
			}],
		"version":	"iperf 3.10.1",
		"system_info":	"Linux ryan 5.10.89 #1-NixOS SMP Wed Dec 29 11:26:08 UTC 2021 x86_64",
		"timestamp":	{
			"time":	"Thu, 13 Jan 2022 15:39:25 GMT",
			"timesecs":	1642088365
		},
		"connecting_to":	{
			"host":	"fe80::e63d:1aff:fe72:f0%swissknife1",
			"port":	5201
		},
		"cookie":	"pyrbzgnrnbrhzcbnn7vuahtvjsjgv4fngf32",
		"tcp_mss_default":	1428,
		"sock_bufsize":	131072,
		"sndbuf_actual":	262144,
		"rcvbuf_actual":	262144,
		"test_start":	{
			"protocol":	"TCP",
			"num_streams":	1,
			"blksize":	131072,
			"omit":	0,
			"duration":	10,
			"bytes":	0,
			"blocks":	0,
			"reverse":	1,
			"tos":	0
		}
	},
	"intervals":	[{
			"streams":	[{
					"socket":	6,
					"start":	0,
					"end":	1.000013,
					"seconds":	1.000012993812561,
					"bytes":	1055014044,
					"bits_per_second":	8440002684.1871071,
					"omitted":	false,
					"sender":	false
				}],
			"sum":	{
				"start":	0,
				"end":	1.000013,
				"seconds":	1.000012993812561,
				"bytes":	1055014044,
				"bits_per_second":	8440002684.1871071,
				"omitted":	false,
				"sender":	false
			}
		}, {
			"streams":	[{
					"socket":	6,
					"start":	1.000013,
					"end":	2.000029,
					"seconds":	1.0000159740448,
					"bytes":	1072367832,
					"bits_per_second":	8578805617.7747326,
					"omitted":	false,
					"sender":	false
				}],
			"sum":	{
				"start":	1.000013,
				"end":	2.000029,
				"seconds":	1.0000159740448,
				"bytes":	1072367832,
				"bits_per_second":	8578805617.7747326,
				"omitted":	false,
				"sender":	false
			}
		}, {
			"streams":	[{
					"socket":	6,
					"start":	2.000029,
					"end":	3.000019,
					"seconds":	0.99998998641967773,
					"bytes":	1037668536,
					"bits_per_second":	8301431415.0502644,
					"omitted":	false,
					"sender":	false
				}],
			"sum":	{
				"start":	2.000029,
				"end":	3.000019,
				"seconds":	0.99998998641967773,
				"bytes":	1037668536,
				"bits_per_second":	8301431415.0502644,
				"omitted":	false,
				"sender":	false
			}
		}, {
			"streams":	[{
					"socket":	6,
					"start":	3.000019,
					"end":	4.000021,
					"seconds":	1.0000020265579224,
					"bytes":	1034782992,
					"bits_per_second":	8278247159.6526356,
					"omitted":	false,
					"sender":	false
				}],
			"sum":	{
				"start":	3.000019,
				"end":	4.000021,
				"seconds":	1.0000020265579224,
				"bytes":	1034782992,
				"bits_per_second":	8278247159.6526356,
				"omitted":	false,
				"sender":	false
			}
		}, {
			"streams":	[{
					"socket":	6,
					"start":	4.000021,
					"end":	5.000026,
					"seconds":	1.0000050067901611,
					"bytes":	1046170848,
					"bits_per_second":	8369324880.5465326,
					"omitted":	false,
					"sender":	false
				}],
			"sum":	{
				"start":	4.000021,
				"end":	5.000026,
				"seconds":	1.0000050067901611,
				"bytes":	1046170848,
				"bits_per_second":	8369324880.5465326,
				"omitted":	false,
				"sender":	false
			}
		}, {
			"streams":	[{
					"socket":	6,
					"start":	5.000026,
					"end":	6.000051,
					"seconds":	1.0000250339508057,
					"bytes":	1004962228,
					"bits_per_second":	8039496563.6385231,
					"omitted":	false,
					"sender":	false
				}],
			"sum":	{
				"start":	5.000026,
				"end":	6.000051,
				"seconds":	1.0000250339508057,
				"bytes":	1004962228,
				"bits_per_second":	8039496563.6385231,
				"omitted":	false,
				"sender":	false
			}
		}, {
			"streams":	[{
					"socket":	6,
					"start":	6.000051,
					"end":	7.000011,
					"seconds":	0.99996000528335571,
					"bytes":	1048674748,
					"bits_per_second":	8389733529.015214,
					"omitted":	false,
					"sender":	false
				}],
			"sum":	{
				"start":	6.000051,
				"end":	7.000011,
				"seconds":	0.99996000528335571,
				"bytes":	1048674748,
				"bits_per_second":	8389733529.015214,
				"omitted":	false,
				"sender":	false
			}
		}, {
			"streams":	[{
					"socket":	6,
					"start":	7.000011,
					"end":	8.000058,
					"seconds":	1.000046968460083,
					"bytes":	1054616232,
					"bits_per_second":	8436533605.0081339,
					"omitted":	false,
					"sender":	false
				}],
			"sum":	{
				"start":	7.000011,
				"end":	8.000058,
				"seconds":	1.000046968460083,
				"bytes":	1054616232,
				"bits_per_second":	8436533605.0081339,
				"omitted":	false,
				"sender":	false
			}
		}, {
			"streams":	[{
					"socket":	6,
					"start":	8.000058,
					"end":	9.000035,
					"seconds":	0.9999769926071167,
					"bytes":	1038637376,
					"bits_per_second":	8309290183.1038237,
					"omitted":	false,
					"sender":	false
				}],
			"sum":	{
				"start":	8.000058,
				"end":	9.000035,
				"seconds":	0.9999769926071167,
				"bytes":	1038637376,
				"bits_per_second":	8309290183.1038237,
				"omitted":	false,
				"sender":	false
			}
		}, {
			"streams":	[{
					"socket":	6,
					"start":	9.000035,
					"end":	10.000016,
					"seconds":	0.99998098611831665,
					"bytes":	1046185260,
					"bits_per_second":	8369641219.367877,
					"omitted":	false,
					"sender":	false
				}],
			"sum":	{
				"start":	9.000035,
				"end":	10.000016,
				"seconds":	0.99998098611831665,
				"bytes":	1046185260,
				"bits_per_second":	8369641219.367877,
				"omitted":	false,
				"sender":	false
			}
		}],
	"end":	{
		"streams":	[{
				"sender":	{
					"socket":	6,
					"start":	0,
					"end":	10.000159,
					"seconds":	10.000159,
					"bytes":	10439401516,
					"bits_per_second":	8351388425.72403,
					"retransmits":	0,
					"max_snd_cwnd":	0,
					"max_snd_wnd":	0,
					"max_rtt":	0,
					"min_rtt":	0,
					"mean_rtt":	0,
					"sender":	false
				},
				"receiver":	{
					"socket":	6,
					"start":	0,
					"end":	10.000016,
					"seconds":	10.000016,
					"bytes":	10439080096,
					"bits_per_second":	8351250714.7988558,
					"sender":	false
				}
			}],
		"sum_sent":	{
			"start":	0,
			"end":	10.000159,
			"seconds":	10.000159,
			"bytes":	10439401516,
			"bits_per_second":	8351388425.72403,
			"retransmits":	0,
			"sender":	false
		},
		"sum_received":	{
			"start":	0,
			"end":	10.000016,
			"seconds":	10.000016,
			"bytes":	10439080096,
			"bits_per_second":	8351250714.7988558,
			"sender":	false
		},
		"cpu_utilization_percent":	{
			"host_total":	41.421334697894,
			"host_user":	1.597299833609185,
			"host_system":	39.8240348642848,
			"remote_total":	19.1351385296727,
			"remote_user":	1.1018914882229978,
			"remote_system":	18.0332370416177
		},
		"sender_tcp_congestion":	"cubic",
		"receiver_tcp_congestion":	"cubic"
	}
}
