{
	"start":	{
		"connected":	[{
				"socket":	6,
				"local_host":	"fe80::e63d:1aff:fe72:f1",
				"local_port":	32890,
				"remote_host":	"fe80::e63d:1aff:fe72:f0",
				"remote_port":	5201
			}],
		"version":	"iperf 3.10.1",
		"system_info":	"Linux ryan 5.10.89 #1-NixOS SMP Wed Dec 29 11:26:08 UTC 2021 x86_64",
		"timestamp":	{
			"time":	"Thu, 13 Jan 2022 15:38:55 GMT",
			"timesecs":	1642088335
		},
		"connecting_to":	{
			"host":	"fe80::e63d:1aff:fe72:f0%swissknife1",
			"port":	5201
		},
		"cookie":	"2e7euu47isykrzjs6szj2wehosxekz772bez",
		"tcp_mss_default":	1428,
		"sock_bufsize":	16384,
		"sndbuf_actual":	32768,
		"rcvbuf_actual":	32768,
		"test_start":	{
			"protocol":	"TCP",
			"num_streams":	1,
			"blksize":	131072,
			"omit":	0,
			"duration":	10,
			"bytes":	0,
			"blocks":	0,
			"reverse":	1,
			"tos":	0
		}
	},
	"intervals":	[{
			"streams":	[{
					"socket":	6,
					"start":	0,
					"end":	1.00006,
					"seconds":	1.000059962272644,
					"bytes":	190866480,
					"bits_per_second":	1526840287.1864159,
					"omitted":	false,
					"sender":	false
				}],
			"sum":	{
				"start":	0,
				"end":	1.00006,
				"seconds":	1.000059962272644,
				"bytes":	190866480,
				"bits_per_second":	1526840287.1864159,
				"omitted":	false,
				"sender":	false
			}
		}, {
			"streams":	[{
					"socket":	6,
					"start":	1.00006,
					"end":	2.000018,
					"seconds":	0.99995797872543335,
					"bytes":	187253640,
					"bits_per_second":	1498092071.7382727,
					"omitted":	false,
					"sender":	false
				}],
			"sum":	{
				"start":	1.00006,
				"end":	2.000018,
				"seconds":	0.99995797872543335,
				"bytes":	187253640,
				"bits_per_second":	1498092071.7382727,
				"omitted":	false,
				"sender":	false
			}
		}, {
			"streams":	[{
					"socket":	6,
					"start":	2.000018,
					"end":	3.00002,
					"seconds":	1.0000020265579224,
					"bytes":	188031900,
					"bits_per_second":	1504252151.5458851,
					"omitted":	false,
					"sender":	false
				}],
			"sum":	{
				"start":	2.000018,
				"end":	3.00002,
				"seconds":	1.0000020265579224,
				"bytes":	188031900,
				"bits_per_second":	1504252151.5458851,
				"omitted":	false,
				"sender":	false
			}
		}, {
			"streams":	[{
					"socket":	6,
					"start":	3.00002,
					"end":	4.000047,
					"seconds":	1.0000269412994385,
					"bytes":	187467840,
					"bits_per_second":	1499702316.0708342,
					"omitted":	false,
					"sender":	false
				}],
			"sum":	{
				"start":	3.00002,
				"end":	4.000047,
				"seconds":	1.0000269412994385,
				"bytes":	187467840,
				"bits_per_second":	1499702316.0708342,
				"omitted":	false,
				"sender":	false
			}
		}, {
			"streams":	[{
					"socket":	6,
					"start":	4.000047,
					"end":	5.00005,
					"seconds":	1.0000029802322388,
					"bytes":	192051720,
					"bits_per_second":	1536409181.1438265,
					"omitted":	false,
					"sender":	false
				}],
			"sum":	{
				"start":	4.000047,
				"end":	5.00005,
				"seconds":	1.0000029802322388,
				"bytes":	192051720,
				"bits_per_second":	1536409181.1438265,
				"omitted":	false,
				"sender":	false
			}
		}, {
			"streams":	[{
					"socket":	6,
					"start":	5.00005,
					"end":	6.000057,
					"seconds":	1.0000070333480835,
					"bytes":	184133460,
					"bits_per_second":	1473057319.4751251,
					"omitted":	false,
					"sender":	false
				}],
			"sum":	{
				"start":	5.00005,
				"end":	6.000057,
				"seconds":	1.0000070333480835,
				"bytes":	184133460,
				"bits_per_second":	1473057319.4751251,
				"omitted":	false,
				"sender":	false
			}
		}, {
			"streams":	[{
					"socket":	6,
					"start":	6.000057,
					"end":	7.000069,
					"seconds":	1.0000120401382446,
					"bytes":	190488060,
					"bits_per_second":	1523886132.2002993,
					"omitted":	false,
					"sender":	false
				}],
			"sum":	{
				"start":	6.000057,
				"end":	7.000069,
				"seconds":	1.0000120401382446,
				"bytes":	190488060,
				"bits_per_second":	1523886132.2002993,
				"omitted":	false,
				"sender":	false
			}
		}, {
			"streams":	[{
					"socket":	6,
					"start":	7.000069,
					"end":	8.000074,
					"seconds":	1.0000050067901611,
					"bytes":	185482920,
					"bits_per_second":	1483855930.6447258,
					"omitted":	false,
					"sender":	false
				}],
			"sum":	{
				"start":	7.000069,
				"end":	8.000074,
				"seconds":	1.0000050067901611,
				"bytes":	185482920,
				"bits_per_second":	1483855930.6447258,
				"omitted":	false,
				"sender":	false
			}
		}, {
			"streams":	[{
					"socket":	6,
					"start":	8.000074,
					"end":	9.000037,
					"seconds":	0.99996298551559448,
					"bytes":	186096960,
					"bits_per_second":	1488830788.3039961,
					"omitted":	false,
					"sender":	false
				}],
			"sum":	{
				"start":	8.000074,
				"end":	9.000037,
				"seconds":	0.99996298551559448,
				"bytes":	186096960,
				"bits_per_second":	1488830788.3039961,
				"omitted":	false,
				"sender":	false
			}
		}, {
			"streams":	[{
					"socket":	6,
					"start":	9.000037,
					"end":	10.00007,
					"seconds":	1.0000330209732056,
					"bytes":	185568600,
					"bits_per_second":	1484499780.3725286,
					"omitted":	false,
					"sender":	false
				}],
			"sum":	{
				"start":	9.000037,
				"end":	10.00007,
				"seconds":	1.0000330209732056,
				"bytes":	185568600,
				"bits_per_second":	1484499780.3725286,
				"omitted":	false,
				"sender":	false
			}
		}],
	"end":	{
		"streams":	[{
				"sender":	{
					"socket":	6,
					"start":	0,
					"end":	10.000162,
					"seconds":	10.000162,
					"bytes":	1877470140,
					"bits_per_second":	1501951780.3811579,
					"retransmits":	0,
					"max_snd_cwnd":	0,
					"max_snd_wnd":	0,
					"max_rtt":	0,
					"min_rtt":	0,
					"mean_rtt":	0,
					"sender":	false
				},
				"receiver":	{
					"socket":	6,
					"start":	0,
					"end":	10.00007,
					"seconds":	10.00007,
					"bytes":	1877441580,
					"bits_per_second":	1501942750.4007473,
					"sender":	false
				}
			}],
		"sum_sent":	{
			"start":	0,
			"end":	10.000162,
			"seconds":	10.000162,
			"bytes":	1877470140,
			"bits_per_second":	1501951780.3811579,
			"retransmits":	0,
			"sender":	false
		},
		"sum_received":	{
			"start":	0,
			"end":	10.00007,
			"seconds":	10.00007,
			"bytes":	1877441580,
			"bits_per_second":	1501942750.4007473,
			"sender":	false
		},
		"cpu_utilization_percent":	{
			"host_total":	15.937501343523348,
			"host_user":	1.2619071162694853,
			"host_system":	14.675604225567145,
			"remote_total":	10.102701284888543,
			"remote_user":	1.0880818290334553,
			"remote_system":	9.0146094560220842
		},
		"sender_tcp_congestion":	"cubic",
		"receiver_tcp_congestion":	"cubic"
	}
}
