{
	"start":	{
		"connected":	[{
				"socket":	6,
				"local_host":	"fe80::e63d:1aff:fe72:f1",
				"local_port":	32910,
				"remote_host":	"fe80::e63d:1aff:fe72:f0",
				"remote_port":	5201
			}],
		"version":	"iperf 3.10.1",
		"system_info":	"Linux ryan 5.10.89 #1-NixOS SMP Wed Dec 29 11:26:08 UTC 2021 x86_64",
		"timestamp":	{
			"time":	"Thu, 13 Jan 2022 15:39:45 GMT",
			"timesecs":	1642088385
		},
		"connecting_to":	{
			"host":	"fe80::e63d:1aff:fe72:f0%swissknife1",
			"port":	5201
		},
		"cookie":	"umbt6xoc3y7nm6nsbakibvpkx5l4glb7pv43",
		"tcp_mss_default":	1428,
		"sock_bufsize":	524288,
		"sndbuf_actual":	1048576,
		"rcvbuf_actual":	1048576,
		"test_start":	{
			"protocol":	"TCP",
			"num_streams":	1,
			"blksize":	131072,
			"omit":	0,
			"duration":	10,
			"bytes":	0,
			"blocks":	0,
			"reverse":	1,
			"tos":	0
		}
	},
	"intervals":	[{
			"streams":	[{
					"socket":	6,
					"start":	0,
					"end":	1.000014,
					"seconds":	1.0000139474868774,
					"bytes":	1158546788,
					"bits_per_second":	9268245035.2739944,
					"omitted":	false,
					"sender":	false
				}],
			"sum":	{
				"start":	0,
				"end":	1.000014,
				"seconds":	1.0000139474868774,
				"bytes":	1158546788,
				"bits_per_second":	9268245035.2739944,
				"omitted":	false,
				"sender":	false
			}
		}, {
			"streams":	[{
					"socket":	6,
					"start":	1.000014,
					"end":	2.000018,
					"seconds":	1.0000040531158447,
					"bytes":	848574340,
					"bits_per_second":	6788567205.1506977,
					"omitted":	false,
					"sender":	false
				}],
			"sum":	{
				"start":	1.000014,
				"end":	2.000018,
				"seconds":	1.0000040531158447,
				"bytes":	848574340,
				"bits_per_second":	6788567205.1506977,
				"omitted":	false,
				"sender":	false
			}
		}, {
			"streams":	[{
					"socket":	6,
					"start":	2.000018,
					"end":	3.000034,
					"seconds":	1.0000159740448,
					"bytes":	1153230632,
					"bits_per_second":	9225697684.29188,
					"omitted":	false,
					"sender":	false
				}],
			"sum":	{
				"start":	2.000018,
				"end":	3.000034,
				"seconds":	1.0000159740448,
				"bytes":	1153230632,
				"bits_per_second":	9225697684.29188,
				"omitted":	false,
				"sender":	false
			}
		}, {
			"streams":	[{
					"socket":	6,
					"start":	3.000034,
					"end":	4.000009,
					"seconds":	0.999975025653839,
					"bytes":	1159186140,
					"bits_per_second":	9273720725.11159,
					"omitted":	false,
					"sender":	false
				}],
			"sum":	{
				"start":	3.000034,
				"end":	4.000009,
				"seconds":	0.999975025653839,
				"bytes":	1159186140,
				"bits_per_second":	9273720725.11159,
				"omitted":	false,
				"sender":	false
			}
		}, {
			"streams":	[{
					"socket":	6,
					"start":	4.000009,
					"end":	5.000005,
					"seconds":	0.9999960064888,
					"bytes":	1159221276,
					"bits_per_second":	9273807243.05309,
					"omitted":	false,
					"sender":	false
				}],
			"sum":	{
				"start":	4.000009,
				"end":	5.000005,
				"seconds":	0.9999960064888,
				"bytes":	1159221276,
				"bits_per_second":	9273807243.05309,
				"omitted":	false,
				"sender":	false
			}
		}, {
			"streams":	[{
					"socket":	6,
					"start":	5.000005,
					"end":	6.000017,
					"seconds":	1.0000120401382446,
					"bytes":	1159130664,
					"bits_per_second":	9272933664.5967445,
					"omitted":	false,
					"sender":	false
				}],
			"sum":	{
				"start":	5.000005,
				"end":	6.000017,
				"seconds":	1.0000120401382446,
				"bytes":	1159130664,
				"bits_per_second":	9272933664.5967445,
				"omitted":	false,
				"sender":	false
			}
		}, {
			"streams":	[{
					"socket":	6,
					"start":	6.000017,
					"end":	7.000015,
					"seconds":	0.99999797344207764,
					"bytes":	1150335396,
					"bits_per_second":	9202701817.8082752,
					"omitted":	false,
					"sender":	false
				}],
			"sum":	{
				"start":	6.000017,
				"end":	7.000015,
				"seconds":	0.99999797344207764,
				"bytes":	1150335396,
				"bits_per_second":	9202701817.8082752,
				"omitted":	false,
				"sender":	false
			}
		}, {
			"streams":	[{
					"socket":	6,
					"start":	7.000015,
					"end":	8.000009,
					"seconds":	0.99999397993087769,
					"bytes":	1159113528,
					"bits_per_second":	9272964047.8845367,
					"omitted":	false,
					"sender":	false
				}],
			"sum":	{
				"start":	7.000015,
				"end":	8.000009,
				"seconds":	0.99999397993087769,
				"bytes":	1159113528,
				"bits_per_second":	9272964047.8845367,
				"omitted":	false,
				"sender":	false
			}
		}, {
			"streams":	[{
					"socket":	6,
					"start":	8.000009,
					"end":	9.000017,
					"seconds":	1.0000079870224,
					"bytes":	1158229740,
					"bits_per_second":	9265763914.1360664,
					"omitted":	false,
					"sender":	false
				}],
			"sum":	{
				"start":	8.000009,
				"end":	9.000017,
				"seconds":	1.0000079870224,
				"bytes":	1158229740,
				"bits_per_second":	9265763914.1360664,
				"omitted":	false,
				"sender":	false
			}
		}, {
			"streams":	[{
					"socket":	6,
					"start":	9.000017,
					"end":	10.000023,
					"seconds":	1.0000059604644775,
					"bytes":	1159122312,
					"bits_per_second":	9272923225.0705147,
					"omitted":	false,
					"sender":	false
				}],
			"sum":	{
				"start":	9.000017,
				"end":	10.000023,
				"seconds":	1.0000059604644775,
				"bytes":	1159122312,
				"bits_per_second":	9272923225.0705147,
				"omitted":	false,
				"sender":	false
			}
		}],
	"end":	{
		"streams":	[{
				"sender":	{
					"socket":	6,
					"start":	0,
					"end":	10.000109,
					"seconds":	10.000109,
					"bytes":	11265736112,
					"bits_per_second":	9012490653.45188,
					"retransmits":	675,
					"max_snd_cwnd":	0,
					"max_snd_wnd":	0,
					"max_rtt":	0,
					"min_rtt":	0,
					"mean_rtt":	0,
					"sender":	false
				},
				"receiver":	{
					"socket":	6,
					"start":	0,
					"end":	10.000023,
					"seconds":	10.000023,
					"bytes":	11264690816,
					"bits_per_second":	9011731925.81657,
					"sender":	false
				}
			}],
		"sum_sent":	{
			"start":	0,
			"end":	10.000109,
			"seconds":	10.000109,
			"bytes":	11265736112,
			"bits_per_second":	9012490653.45188,
			"retransmits":	675,
			"sender":	false
		},
		"sum_received":	{
			"start":	0,
			"end":	10.000023,
			"seconds":	10.000023,
			"bytes":	11264690816,
			"bits_per_second":	9011731925.81657,
			"sender":	false
		},
		"cpu_utilization_percent":	{
			"host_total":	44.275806603680678,
			"host_user":	1.9282122899163128,
			"host_system":	42.347604311857729,
			"remote_total":	13.164494658963024,
			"remote_user":	0.53402369852035747,
			"remote_system":	12.630460960560667
		},
		"sender_tcp_congestion":	"cubic",
		"receiver_tcp_congestion":	"cubic"
	}
}
