{
	"start":	{
		"connected":	[{
				"socket":	6,
				"local_host":	"fe80::e63d:1aff:fe72:f1",
				"local_port":	33510,
				"remote_host":	"fe80::e63d:1aff:fe72:f0",
				"remote_port":	5201
			}],
		"version":	"iperf 3.10.1",
		"system_info":	"Linux ryan 5.10.89 #1-NixOS SMP Wed Dec 29 11:26:08 UTC 2021 x86_64",
		"timestamp":	{
			"time":	"Wed, 12 Jan 2022 16:48:13 GMT",
			"timesecs":	1642006093
		},
		"connecting_to":	{
			"host":	"fe80::e63d:1aff:fe72:f0%swissknife1",
			"port":	5201
		},
		"cookie":	"2uvudlliy22hyvu3oc7jxlcfew7ue6wpktje",
		"tcp_mss_default":	1428,
		"sock_bufsize":	262144,
		"sndbuf_actual":	524288,
		"rcvbuf_actual":	524288,
		"test_start":	{
			"protocol":	"TCP",
			"num_streams":	1,
			"blksize":	131072,
			"omit":	0,
			"duration":	10,
			"bytes":	0,
			"blocks":	0,
			"reverse":	0,
			"tos":	0
		}
	},
	"intervals":	[{
			"streams":	[{
					"socket":	6,
					"start":	0,
					"end":	1.000034,
					"seconds":	1.000033974647522,
					"bytes":	1117013168,
					"bits_per_second":	8935801753.2851067,
					"retransmits":	1,
					"snd_cwnd":	272748,
					"snd_wnd":	258472,
					"rtt":	218,
					"rttvar":	9,
					"pmtu":	1500,
					"omitted":	false,
					"sender":	true
				}],
			"sum":	{
				"start":	0,
				"end":	1.000034,
				"seconds":	1.000033974647522,
				"bytes":	1117013168,
				"bits_per_second":	8935801753.2851067,
				"retransmits":	1,
				"omitted":	false,
				"sender":	true
			}
		}, {
			"streams":	[{
					"socket":	6,
					"start":	1.000034,
					"end":	2.000055,
					"seconds":	1.0000209808349609,
					"bytes":	1129839868,
					"bits_per_second":	9038529308.1083,
					"retransmits":	0,
					"snd_cwnd":	272748,
					"snd_wnd":	259712,
					"rtt":	216,
					"rttvar":	10,
					"pmtu":	1500,
					"omitted":	false,
					"sender":	true
				}],
			"sum":	{
				"start":	1.000034,
				"end":	2.000055,
				"seconds":	1.0000209808349609,
				"bytes":	1129839868,
				"bits_per_second":	9038529308.1083,
				"retransmits":	0,
				"omitted":	false,
				"sender":	true
			}
		}, {
			"streams":	[{
					"socket":	6,
					"start":	2.000055,
					"end":	3.000055,
					"seconds":	1,
					"bytes":	1109453684,
					"bits_per_second":	8875629472,
					"retransmits":	0,
					"snd_cwnd":	272748,
					"snd_wnd":	259712,
					"rtt":	213,
					"rttvar":	6,
					"pmtu":	1500,
					"omitted":	false,
					"sender":	true
				}],
			"sum":	{
				"start":	2.000055,
				"end":	3.000055,
				"seconds":	1,
				"bytes":	1109453684,
				"bits_per_second":	8875629472,
				"retransmits":	0,
				"omitted":	false,
				"sender":	true
			}
		}, {
			"streams":	[{
					"socket":	6,
					"start":	3.000055,
					"end":	4.000059,
					"seconds":	1.0000040531158447,
					"bytes":	1143670704,
					"bits_per_second":	9149328548.71149,
					"retransmits":	1,
					"snd_cwnd":	272748,
					"snd_wnd":	259712,
					"rtt":	213,
					"rttvar":	9,
					"pmtu":	1500,
					"omitted":	false,
					"sender":	true
				}],
			"sum":	{
				"start":	3.000055,
				"end":	4.000059,
				"seconds":	1.0000040531158447,
				"bytes":	1143670704,
				"bits_per_second":	9149328548.71149,
				"retransmits":	1,
				"omitted":	false,
				"sender":	true
			}
		}, {
			"streams":	[{
					"socket":	6,
					"start":	4.000059,
					"end":	5.000427,
					"seconds":	1.0003679990768433,
					"bytes":	1074538948,
					"bits_per_second":	8593149312.9856453,
					"retransmits":	0,
					"snd_cwnd":	272748,
					"snd_wnd":	259712,
					"rtt":	391,
					"rttvar":	31,
					"pmtu":	1500,
					"omitted":	false,
					"sender":	true
				}],
			"sum":	{
				"start":	4.000059,
				"end":	5.000427,
				"seconds":	1.0003679990768433,
				"bytes":	1074538948,
				"bits_per_second":	8593149312.9856453,
				"retransmits":	0,
				"omitted":	false,
				"sender":	true
			}
		}, {
			"streams":	[{
					"socket":	6,
					"start":	5.000427,
					"end":	6.000031,
					"seconds":	0.9996039867401123,
					"bytes":	1098850024,
					"bits_per_second":	8794282844.61767,
					"retransmits":	0,
					"snd_cwnd":	272748,
					"snd_wnd":	259712,
					"rtt":	213,
					"rttvar":	8,
					"pmtu":	1500,
					"omitted":	false,
					"sender":	true
				}],
			"sum":	{
				"start":	5.000427,
				"end":	6.000031,
				"seconds":	0.9996039867401123,
				"bytes":	1098850024,
				"bits_per_second":	8794282844.61767,
				"retransmits":	0,
				"omitted":	false,
				"sender":	true
			}
		}, {
			"streams":	[{
					"socket":	6,
					"start":	6.000031,
					"end":	7.000034,
					"seconds":	1.0000029802322388,
					"bytes":	1135977840,
					"bits_per_second":	9087795636.2584648,
					"retransmits":	0,
					"snd_cwnd":	272748,
					"snd_wnd":	259712,
					"rtt":	211,
					"rttvar":	10,
					"pmtu":	1500,
					"omitted":	false,
					"sender":	true
				}],
			"sum":	{
				"start":	6.000031,
				"end":	7.000034,
				"seconds":	1.0000029802322388,
				"bytes":	1135977840,
				"bits_per_second":	9087795636.2584648,
				"retransmits":	0,
				"omitted":	false,
				"sender":	true
			}
		}, {
			"streams":	[{
					"socket":	6,
					"start":	7.000034,
					"end":	8.000021,
					"seconds":	0.999987006187439,
					"bytes":	1113326900,
					"bits_per_second":	8906730932.39227,
					"retransmits":	0,
					"snd_cwnd":	272748,
					"snd_wnd":	259712,
					"rtt":	211,
					"rttvar":	9,
					"pmtu":	1500,
					"omitted":	false,
					"sender":	true
				}],
			"sum":	{
				"start":	7.000034,
				"end":	8.000021,
				"seconds":	0.999987006187439,
				"bytes":	1113326900,
				"bits_per_second":	8906730932.39227,
				"retransmits":	0,
				"omitted":	false,
				"sender":	true
			}
		}, {
			"streams":	[{
					"socket":	6,
					"start":	8.000021,
					"end":	9.000056,
					"seconds":	1.0000350475311279,
					"bytes":	1154556996,
					"bits_per_second":	9236132264.36696,
					"retransmits":	0,
					"snd_cwnd":	272748,
					"snd_wnd":	259712,
					"rtt":	212,
					"rttvar":	8,
					"pmtu":	1500,
					"omitted":	false,
					"sender":	true
				}],
			"sum":	{
				"start":	8.000021,
				"end":	9.000056,
				"seconds":	1.0000350475311279,
				"bytes":	1154556996,
				"bits_per_second":	9236132264.36696,
				"retransmits":	0,
				"omitted":	false,
				"sender":	true
			}
		}, {
			"streams":	[{
					"socket":	6,
					"start":	9.000056,
					"end":	10.000061,
					"seconds":	1.0000050067901611,
					"bytes":	1121987004,
					"bits_per_second":	8975851091.7970657,
					"retransmits":	0,
					"snd_cwnd":	272748,
					"snd_wnd":	259712,
					"rtt":	215,
					"rttvar":	11,
					"pmtu":	1500,
					"omitted":	false,
					"sender":	true
				}],
			"sum":	{
				"start":	9.000056,
				"end":	10.000061,
				"seconds":	1.0000050067901611,
				"bytes":	1121987004,
				"bits_per_second":	8975851091.7970657,
				"retransmits":	0,
				"omitted":	false,
				"sender":	true
			}
		}],
	"end":	{
		"streams":	[{
				"sender":	{
					"socket":	6,
					"start":	0,
					"end":	10.000061,
					"seconds":	10.000061,
					"bytes":	11199215136,
					"bits_per_second":	8959317456.96351,
					"retransmits":	2,
					"max_snd_cwnd":	272748,
					"max_snd_wnd":	259712,
					"max_rtt":	391,
					"min_rtt":	211,
					"mean_rtt":	231,
					"sender":	true
				},
				"receiver":	{
					"socket":	6,
					"start":	0,
					"end":	10.000185,
					"seconds":	10.000061,
					"bytes":	11198958096,
					"bits_per_second":	8959000735.2864,
					"sender":	true
				}
			}],
		"sum_sent":	{
			"start":	0,
			"end":	10.000061,
			"seconds":	10.000061,
			"bytes":	11199215136,
			"bits_per_second":	8959317456.96351,
			"retransmits":	2,
			"sender":	true
		},
		"sum_received":	{
			"start":	0,
			"end":	10.000185,
			"seconds":	10.000185,
			"bytes":	11198958096,
			"bits_per_second":	8959000735.2864,
			"sender":	true
		},
		"cpu_utilization_percent":	{
			"host_total":	11.977147269993988,
			"host_user":	0.877868288962679,
			"host_system":	11.099278981031309,
			"remote_total":	36.741040897910672,
			"remote_user":	1.4500620138031335,
			"remote_system":	35.290978884107538
		},
		"sender_tcp_congestion":	"cubic",