{
	"start":	{
		"connected":	[{
				"socket":	6,
				"local_host":	"fe80::e63d:1aff:fe72:f1",
				"local_port":	33482,
				"remote_host":	"fe80::e63d:1aff:fe72:f0",
				"remote_port":	5201
			}],
		"version":	"iperf 3.10.1",
		"system_info":	"Linux ryan 5.10.89 #1-NixOS SMP Wed Dec 29 11:26:08 UTC 2021 x86_64",
		"timestamp":	{
			"time":	"Wed, 12 Jan 2022 16:47:03 GMT",
			"timesecs":	1642006023
		},
		"connecting_to":	{
			"host":	"fe80::e63d:1aff:fe72:f0%swissknife1",
			"port":	5201
		},
		"cookie":	"smcsd4qy4xo4uij7avbl66cjuoqvov2wbbo2",
		"tcp_mss_default":	1428,
		"sock_bufsize":	2048,
		"sndbuf_actual":	4608,
		"rcvbuf_actual":	4096,
		"test_start":	{
			"protocol":	"TCP",
			"num_streams":	1,
			"blksize":	131072,
			"omit":	0,
			"duration":	10,
			"bytes":	0,
			"blocks":	0,
			"reverse":	0,
			"tos":	0
		}
	},
	"intervals":	[{
			"streams":	[{
					"socket":	6,
					"start":	0,
					"end":	1.000014,
					"seconds":	1.0000139474868774,
					"bytes":	22416882,
					"bits_per_second":	179332554.76154578,
					"retransmits":	1,
					"snd_cwnd":	7140,
					"snd_wnd":	1428,
					"rtt":	61,
					"rttvar":	19,
					"pmtu":	1500,
					"omitted":	false,
					"sender":	true
				}],
			"sum":	{
				"start":	0,
				"end":	1.000014,
				"seconds":	1.0000139474868774,
				"bytes":	22416882,
				"bits_per_second":	179332554.76154578,
				"retransmits":	1,
				"omitted":	false,
				"sender":	true
			}
		}, {
			"streams":	[{
					"socket":	6,
					"start":	1.000014,
					"end":	2.000049,
					"seconds":	1.0000350475311279,
					"bytes":	22776844,
					"bits_per_second":	182208366.04661921,
					"retransmits":	0,
					"snd_cwnd":	7140,
					"snd_wnd":	1428,
					"rtt":	59,
					"rttvar":	16,
					"pmtu":	1500,
					"omitted":	false,
					"sender":	true
				}],
			"sum":	{
				"start":	1.000014,
				"end":	2.000049,
				"seconds":	1.0000350475311279,
				"bytes":	22776844,
				"bits_per_second":	182208366.04661921,
				"retransmits":	0,
				"omitted":	false,
				"sender":	true
			}
		}, {
			"streams":	[{
					"socket":	6,
					"start":	2.000049,
					"end":	3.000002,
					"seconds":	0.99995297193527222,
					"bytes":	24862982,
					"bits_per_second":	198913210.50333875,
					"retransmits":	0,
					"snd_cwnd":	7140,
					"snd_wnd":	1428,
					"rtt":	62,
					"rttvar":	20,
					"pmtu":	1500,
					"omitted":	false,
					"sender":	true
				}],
			"sum":	{
				"start":	2.000049,
				"end":	3.000002,
				"seconds":	0.99995297193527222,
				"bytes":	24862982,
				"bits_per_second":	198913210.50333875,
				"retransmits":	0,
				"omitted":	false,
				"sender":	true
			}
		}, {
			"streams":	[{
					"socket":	6,
					"start":	3.000002,
					"end":	4.000015,
					"seconds":	1.000012993812561,
					"bytes":	25010780,
					"bits_per_second":	200083640.15068334,
					"retransmits":	0,
					"snd_cwnd":	7140,
					"snd_wnd":	1428,
					"rtt":	60,
					"rttvar":	18,
					"pmtu":	1500,
					"omitted":	false,
					"sender":	true
				}],
			"sum":	{
				"start":	3.000002,
				"end":	4.000015,
				"seconds":	1.000012993812561,
				"bytes":	25010780,
				"bits_per_second":	200083640.15068334,
				"retransmits":	0,
				"omitted":	false,
				"sender":	true
			}
		}, {
			"streams":	[{
					"socket":	6,
					"start":	4.000015,
					"end":	5.000003,
					"seconds":	0.9999880194664,
					"bytes":	24949072,
					"bits_per_second":	199594967.25421154,
					"retransmits":	0,
					"snd_cwnd":	7140,
					"snd_wnd":	1428,
					"rtt":	62,
					"rttvar":	18,
					"pmtu":	1500,
					"omitted":	false,
					"sender":	true
				}],
			"sum":	{
				"start":	4.000015,
				"end":	5.000003,
				"seconds":	0.9999880194664,
				"bytes":	24949072,
				"bits_per_second":	199594967.25421154,
				"retransmits":	0,
				"omitted":	false,
				"sender":	true
			}
		}, {
			"streams":	[{
					"socket":	6,
					"start":	5.000003,
					"end":	6.000054,
					"seconds":	1.0000510215759277,
					"bytes":	25474378,
					"bits_per_second":	203784626.58720168,
					"retransmits":	0,
					"snd_cwnd":	7140,
					"snd_wnd":	1428,
					"rtt":	56,
					"rttvar":	17,
					"pmtu":	1500,
					"omitted":	false,
					"sender":	true
				}],
			"sum":	{
				"start":	5.000003,
				"end":	6.000054,
				"seconds":	1.0000510215759277,
				"bytes":	25474378,
				"bits_per_second":	203784626.58720168,
				"retransmits":	0,
				"omitted":	false,
				"sender":	true
			}
		}, {
			"streams":	[{
					"socket":	6,
					"start":	6.000054,
					"end":	7.000032,
					"seconds":	0.999978005886078,
					"bytes":	25432966,
					"bits_per_second":	203468203.10283858,
					"retransmits":	0,
					"snd_cwnd":	7140,
					"snd_wnd":	1428,
					"rtt":	73,
					"rttvar":	36,
					"pmtu":	1500,
					"omitted":	false,
					"sender":	true
				}],
			"sum":	{
				"start":	6.000054,
				"end":	7.000032,
				"seconds":	0.999978005886078,
				"bytes":	25432966,
				"bits_per_second":	203468203.10283858,
				"retransmits":	0,
				"omitted":	false,
				"sender":	true
			}
		}, {
			"streams":	[{
					"socket":	6,
					"start":	7.000032,
					"end":	8.000015,
					"seconds":	0.999983012676239,
					"bytes":	23630802,
					"bits_per_second":	189049627.44722834,
					"retransmits":	0,
					"snd_cwnd":	7140,
					"snd_wnd":	1428,
					"rtt":	61,
					"rttvar":	19,
					"pmtu":	1500,
					"omitted":	false,
					"sender":	true
				}],
			"sum":	{
				"start":	7.000032,
				"end":	8.000015,
				"seconds":	0.999983012676239,
				"bytes":	23630802,
				"bits_per_second":	189049627.44722834,
				"retransmits":	0,
				"omitted":	false,
				"sender":	true
			}
		}, {
			"streams":	[{
					"socket":	6,
					"start":	8.000015,
					"end":	9.000006,
					"seconds":	0.999990999698639,
					"bytes":	24330840,
					"bits_per_second":	194648471.89490652,
					"retransmits":	0,
					"snd_cwnd":	7140,
					"snd_wnd":	1428,
					"rtt":	58,
					"rttvar":	17,
					"pmtu":	1500,
					"omitted":	false,
					"sender":	true
				}],
			"sum":	{
				"start":	8.000015,
				"end":	9.000006,
				"seconds":	0.999990999698639,
				"bytes":	24330840,
				"bits_per_second":	194648471.89490652,
				"retransmits":	0,
				"omitted":	false,
				"sender":	true
			}
		}, {
			"streams":	[{
					"socket":	6,
					"start":	9.000006,
					"end":	10.000011,
					"seconds":	1.0000050067901611,
					"bytes":	23124364,
					"bits_per_second":	184993985.77393216,
					"retransmits":	0,
					"snd_cwnd":	7140,
					"snd_wnd":	1428,
					"rtt":	62,
					"rttvar":	15,
					"pmtu":	1500,
					"omitted":	false,
					"sender":	true
				}],
			"sum":	{
				"start":	9.000006,
				"end":	10.000011,
				"seconds":	1.0000050067901611,
				"bytes":	23124364,
				"bits_per_second":	184993985.77393216,
				"retransmits":	0,
				"omitted":	false,
				"sender":	true
			}
		}],
	"end":	{
		"streams":	[{
				"sender":	{
					"socket":	6,
					"start":	0,
					"end":	10.000011,
					"seconds":	10.000011,
					"bytes":	242009910,
					"bits_per_second":	193607715.03151345,
					"retransmits":	1,
					"max_snd_cwnd":	7140,
					"max_snd_wnd":	1428,
					"max_rtt":	73,
					"min_rtt":	56,
					"mean_rtt":	61,
					"sender":	true
				},
				"receiver":	{
					"socket":	6,
					"start":	0,
					"end":	10.0001,
					"seconds":	10.000011,
					"bytes":	242009196,
					"bits_per_second":	193605420.74579254,
					"sender":	true
				}
			}],
		"sum_sent":	{
			"start":	0,
			"end":	10.000011,
			"seconds":	10.000011,
			"bytes":	242009910,
			"bits_per_second":	193607715.03151345,
			"retransmits":	1,
			"sender":	true
		},
		"sum_received":	{
			"start":	0,
			"end":	10.0001,
			"seconds":	10.0001,
			"bytes":	242009196,
			"bits_per_second":	193605420.74579254,
			"sender":	true
		},
		"cpu_utilization_percent":	{
			"host_total":	12.232080291157121,
			"host_user":	1.1768696730361037,
			"host_system":	11.055210618121018,
			"remote_total":	11.0481762037851,
			"remote_user":	0.92271049608189037,
			"remote_system":	10.125485707497212
		},
		"sender_tcp_congestion":	"cubic",
		"receiver_tcp_congestion":	"cubic"
	}
}
