{
	"start":	{
		"connected":	[{
				"socket":	6,
				"local_host":	"fe80::e63d:1aff:fe72:f1",
				"local_port":	33514,
				"remote_host":	"fe80::e63d:1aff:fe72:f0",
				"remote_port":	5201
			}],
		"version":	"iperf 3.10.1",
		"system_info":	"Linux ryan 5.10.89 #1-NixOS SMP Wed Dec 29 11:26:08 UTC 2021 x86_64",
		"timestamp":	{
			"time":	"Wed, 12 Jan 2022 16:48:23 GMT",
			"timesecs":	1642006103
		},
		"connecting_to":	{
			"host":	"fe80::e63d:1aff:fe72:f0%swissknife1",
			"port":	5201
		},
		"cookie":	"qsbga3zbdrat5hq5cuyc323zpz3klv6rxtse",
		"tcp_mss_default":	1428,
		"sock_bufsize":	524288,
		"sndbuf_actual":	1048576,
		"rcvbuf_actual":	1048576,
		"test_start":	{
			"protocol":	"TCP",
			"num_streams":	1,
			"blksize":	131072,
			"omit":	0,
			"duration":	10,
			"bytes":	0,
			"blocks":	0,
			"reverse":	0,
			"tos":	0
		}
	},
	"intervals":	[{
			"streams":	[{
					"socket":	6,
					"start":	0,
					"end":	1.000064,
					"seconds":	1.0000640153884888,
					"bytes":	1111545536,
					"bits_per_second":	8891795076.28383,
					"retransmits":	0,
					"snd_cwnd":	536928,
					"snd_wnd":	521856,
					"rtt":	438,
					"rttvar":	12,
					"pmtu":	1500,
					"omitted":	false,
					"sender":	true
				}],
			"sum":	{
				"start":	0,
				"end":	1.000064,
				"seconds":	1.0000640153884888,
				"bytes":	1111545536,
				"bits_per_second":	8891795076.28383,
				"retransmits":	0,
				"omitted":	false,
				"sender":	true
			}
		}, {
			"streams":	[{
					"socket":	6,
					"start":	1.000064,
					"end":	2.000055,
					"seconds":	0.999990999698639,
					"bytes":	1118715160,
					"bits_per_second":	8949801830.9136,
					"retransmits":	0,
					"snd_cwnd":	536928,
					"snd_wnd":	521856,
					"rtt":	435,
					"rttvar":	13,
					"pmtu":	1500,
					"omitted":	false,
					"sender":	true
				}],
			"sum":	{
				"start":	1.000064,
				"end":	2.000055,
				"seconds":	0.999990999698639,
				"bytes":	1118715160,
				"bits_per_second":	8949801830.9136,
				"retransmits":	0,
				"omitted":	false,
				"sender":	true
			}
		}, {
			"streams":	[{
					"socket":	6,
					"start":	2.000055,
					"end":	3.000057,
					"seconds":	1.0000020265579224,
					"bytes":	1085638704,
					"bits_per_second":	8685092031.15794,
					"retransmits":	0,
					"snd_cwnd":	536928,
					"snd_wnd":	511616,
					"rtt":	436,
					"rttvar":	14,
					"pmtu":	1500,
					"omitted":	false,
					"sender":	true
				}],
			"sum":	{
				"start":	2.000055,
				"end":	3.000057,
				"seconds":	1.0000020265579224,
				"bytes":	1085638704,
				"bits_per_second":	8685092031.15794,
				"retransmits":	0,
				"omitted":	false,
				"sender":	true
			}
		}, {
			"streams":	[{
					"socket":	6,
					"start":	3.000057,
					"end":	4.000056,
					"seconds":	0.99999898672103882,
					"bytes":	1127561364,
					"bits_per_second":	9020500052.28292,
					"retransmits":	0,
					"snd_cwnd":	536928,
					"snd_wnd":	521856,
					"rtt":	438,
					"rttvar":	13,
					"pmtu":	1500,
					"omitted":	false,
					"sender":	true
				}],
			"sum":	{
				"start":	3.000057,
				"end":	4.000056,
				"seconds":	0.99999898672103882,
				"bytes":	1127561364,
				"bits_per_second":	9020500052.28292,
				"retransmits":	0,
				"omitted":	false,
				"sender":	true
			}
		}, {
			"streams":	[{
					"socket":	6,
					"start":	4.000056,
					"end":	5.005472,
					"seconds":	1.0054160356521606,
					"bytes":	1143667552,
					"bits_per_second":	9100054198.02689,
					"retransmits":	0,
					"snd_cwnd":	536928,
					"snd_wnd":	476416,
					"rtt":	448,
					"rttvar":	166,
					"pmtu":	1500,
					"omitted":	false,
					"sender":	true
				}],
			"sum":	{
				"start":	4.000056,
				"end":	5.005472,
				"seconds":	1.0054160356521606,
				"bytes":	1143667552,
				"bits_per_second":	9100054198.02689,
				"retransmits":	0,
				"omitted":	false,
				"sender":	true
			}
		}, {
			"streams":	[{
					"socket":	6,
					"start":	5.005472,
					"end":	6.000109,
					"seconds":	0.99463701248168945,
					"bytes":	1022570884,
					"bits_per_second":	8224675906.2272463,
					"retransmits":	0,
					"snd_cwnd":	536928,
					"snd_wnd":	521856,
					"rtt":	436,
					"rttvar":	10,
					"pmtu":	1500,
					"omitted":	false,
					"sender":	true
				}],
			"sum":	{
				"start":	5.005472,
				"end":	6.000109,
				"seconds":	0.99463701248168945,
				"bytes":	1022570884,
				"bits_per_second":	8224675906.2272463,
				"retransmits":	0,
				"omitted":	false,
				"sender":	true
			}
		}, {
			"streams":	[{
					"socket":	6,
					"start":	6.000109,
					"end":	7.000062,
					"seconds":	0.99995297193527222,
					"bytes":	784743120,
					"bits_per_second":	6278240213.4871368,
					"retransmits":	623,
					"snd_cwnd":	636888,
					"snd_wnd":	522848,
					"rtt":	437,
					"rttvar":	10,
					"pmtu":	1500,
					"omitted":	false,
					"sender":	true
				}],
			"sum":	{
				"start":	6.000109,
				"end":	7.000062,
				"seconds":	0.99995297193527222,
				"bytes":	784743120,
				"bits_per_second":	6278240213.4871368,
				"retransmits":	623,
				"omitted":	false,
				"sender":	true
			}
		}, {
			"streams":	[{
					"socket":	6,
					"start":	7.000062,
					"end":	8.000056,
					"seconds":	0.99999397993087769,
					"bytes":	1160599860,
					"bits_per_second":	9284854775.46754,
					"retransmits":	0,
					"snd_cwnd":	636888,
					"snd_wnd":	522848,
					"rtt":	439,
					"rttvar":	15,
					"pmtu":	1500,
					"omitted":	false,
					"sender":	true
				}],
			"sum":	{
				"start":	7.000062,
				"end":	8.000056,
				"seconds":	0.99999397993087769,
				"bytes":	1160599860,
				"bits_per_second":	9284854775.46754,
				"retransmits":	0,
				"omitted":	false,
				"sender":	true
			}
		}, {
			"streams":	[{
					"socket":	6,
					"start":	8.000056,
					"end":	9.000056,
					"seconds":	1,
					"bytes":	1160535600,
					"bits_per_second":	9284284800,
					"retransmits":	0,
					"snd_cwnd":	636888,
					"snd_wnd":	522848,
					"rtt":	435,
					"rttvar":	7,
					"pmtu":	1500,
					"omitted":	false,
					"sender":	true
				}],
			"sum":	{
				"start":	8.000056,
				"end":	9.000056,
				"seconds":	1,
				"bytes":	1160535600,
				"bits_per_second":	9284284800,
				"retransmits":	0,
				"omitted":	false,
				"sender":	true
			}
		}, {
			"streams":	[{
					"socket":	6,
					"start":	9.000056,
					"end":	10.000063,
					"seconds":	1.0000070333480835,
					"bytes":	1160664120,
					"bits_per_second":	9285247653.62121,
					"retransmits":	0,
					"snd_cwnd":	636888,
					"snd_wnd":	522848,
					"rtt":	435,
					"rttvar":	8,
					"pmtu":	1500,
					"omitted":	false,
					"sender":	true
				}],
			"sum":	{
				"start":	9.000056,
				"end":	10.000063,
				"seconds":	1.0000070333480835,
				"bytes":	1160664120,
				"bits_per_second":	9285247653.62121,
				"retransmits":	0,
				"omitted":	false,
				"sender":	true
			}
		}],
	"end":	{
		"streams":	[{
				"sender":	{
					"socket":	6,
					"start":	0,
					"end":	10.000063,
					"seconds":	10.000063,
					"bytes":	10876241900,
					"bits_per_second":	8700938704.0861645,
					"retransmits":	623,
					"max_snd_cwnd":	636888,
					"max_snd_wnd":	522848,
					"max_rtt":	448,
					"min_rtt":	435,
					"mean_rtt":	437,
					"sender":	true
				},
				"receiver":	{
					"socket":	6,
					"start":	0,
					"end":	10.000323,
					"seconds":	10.000063,
					"bytes":	10875663560,
					"bits_per_second":	8700249829.9304943,
					"sender":	true
				}
			}],
		"sum_sent":	{
			"start":	0,
			"end":	10.000063,
			"seconds":	10.000063,
			"bytes":	10876241900,
			"bits_per_second":	8700938704.0861645,
			"retransmits":	623,
			"sender":	true
		},
		"sum_received":	{
			"start":	0,
			"end":	10.000323,
			"seconds":	10.000323,
			"bytes":	10875663560,
			"bits_per_second":	8700249829.9304943,
			"sender":	true
		},
		"cpu_utilization_percent":	{
			"host_total":	7.4816572678149367,
			"host_user":	0.32140083897336086,
			"host_system":	7.16024643130397,
			"remote_total":	33.911540919149665,
			"remote_user":	1.3462155748860287,
			"remote_system":	32.565325344263641
		},
		"sender_tcp_congestion":	"cubic",