{
	"start":	{
		"connected":	[{
				"socket":	6,
				"local_host":	"fe80::e63d:1aff:fe72:f1",
				"local_port":	33564,
				"remote_host":	"fe80::e63d:1aff:fe72:f0",
				"remote_port":	5201
			}],
		"version":	"iperf 3.10.1",
		"system_info":	"Linux ryan 5.10.89 #1-NixOS SMP Wed Dec 29 11:26:08 UTC 2021 x86_64",
		"timestamp":	{
			"time":	"Wed, 12 Jan 2022 16:49:53 GMT",
			"timesecs":	1642006193
		},
		"connecting_to":	{
			"host":	"fe80::e63d:1aff:fe72:f0%swissknife1",
			"port":	5201
		},
		"cookie":	"fk3bqlynxt2kjjrd5s5odlh5icaws47n72fd",
		"tcp_mss_default":	1428,
		"sock_bufsize":	8192,
		"sndbuf_actual":	16384,
		"rcvbuf_actual":	16384,
		"test_start":	{
			"protocol":	"TCP",
			"num_streams":	1,
			"blksize":	131072,
			"omit":	0,
			"duration":	10,
			"bytes":	0,
			"blocks":	0,
			"reverse":	1,
			"tos":	0
		}
	},
	"intervals":	[{
			"streams":	[{
					"socket":	6,
					"start":	0,
					"end":	1.000025,
					"seconds":	1.0000250339508057,
					"bytes":	130012320,
					"bits_per_second":	1040072522.875628,
					"omitted":	false,
					"sender":	false
				}],
			"sum":	{
				"start":	0,
				"end":	1.000025,
				"seconds":	1.0000250339508057,
				"bytes":	130012320,
				"bits_per_second":	1040072522.875628,
				"omitted":	false,
				"sender":	false
			}
		}, {
			"streams":	[{
					"socket":	6,
					"start":	1.000025,
					"end":	2.000012,
					"seconds":	0.999987006187439,
					"bytes":	129162600,
					"bits_per_second":	1033314226.6913782,
					"omitted":	false,
					"sender":	false
				}],
			"sum":	{
				"start":	1.000025,
				"end":	2.000012,
				"seconds":	0.999987006187439,
				"bytes":	129162600,
				"bits_per_second":	1033314226.6913782,
				"omitted":	false,
				"sender":	false
			}
		}, {
			"streams":	[{
					"socket":	6,
					"start":	2.000012,
					"end":	3.000003,
					"seconds":	0.999990999698639,
					"bytes":	129567960,
					"bits_per_second":	1036553009.2894603,
					"omitted":	false,
					"sender":	false
				}],
			"sum":	{
				"start":	2.000012,
				"end":	3.000003,
				"seconds":	0.999990999698639,
				"bytes":	129567960,
				"bits_per_second":	1036553009.2894603,
				"omitted":	false,
				"sender":	false
			}
		}, {
			"streams":	[{
					"socket":	6,
					"start":	3.000003,
					"end":	4.000057,
					"seconds":	1.0000540018081665,
					"bytes":	103655024,
					"bits_per_second":	829195413.94832337,
					"omitted":	false,
					"sender":	false
				}],
			"sum":	{
				"start":	3.000003,
				"end":	4.000057,
				"seconds":	1.0000540018081665,
				"bytes":	103655024,
				"bits_per_second":	829195413.94832337,
				"omitted":	false,
				"sender":	false
			}
		}, {
			"streams":	[{
					"socket":	6,
					"start":	4.000057,
					"end":	5.000012,
					"seconds":	0.99995499849319458,
					"bytes":	105437808,
					"bits_per_second":	843540424.590158,
					"omitted":	false,
					"sender":	false
				}],
			"sum":	{
				"start":	4.000057,
				"end":	5.000012,
				"seconds":	0.99995499849319458,
				"bytes":	105437808,
				"bits_per_second":	843540424.590158,
				"omitted":	false,
				"sender":	false
			}
		}, {
			"streams":	[{
					"socket":	6,
					"start":	5.000012,
					"end":	6.000012,
					"seconds":	1,
					"bytes":	136613904,
					"bits_per_second":	1092911232,
					"omitted":	false,
					"sender":	false
				}],
			"sum":	{
				"start":	5.000012,
				"end":	6.000012,
				"seconds":	1,
				"bytes":	136613904,
				"bits_per_second":	1092911232,
				"omitted":	false,
				"sender":	false
			}
		}, {
			"streams":	[{
					"socket":	6,
					"start":	6.000012,
					"end":	7.00001,
					"seconds":	0.99999797344207764,
					"bytes":	134734656,
					"bits_per_second":	1077879432.385103,
					"omitted":	false,
					"sender":	false
				}],
			"sum":	{
				"start":	6.000012,
				"end":	7.00001,
				"seconds":	0.99999797344207764,
				"bytes":	134734656,
				"bits_per_second":	1077879432.385103,
				"omitted":	false,
				"sender":	false
			}
		}, {
			"streams":	[{
					"socket":	6,
					"start":	7.00001,
					"end":	8.000015,
					"seconds":	1.0000050067901611,
					"bytes":	137290776,
					"bits_per_second":	1098320708.9386806,
					"omitted":	false,
					"sender":	false
				}],
			"sum":	{
				"start":	7.00001,
				"end":	8.000015,
				"seconds":	1.0000050067901611,
				"bytes":	137290776,
				"bits_per_second":	1098320708.9386806,
				"omitted":	false,
				"sender":	false
			}
		}, {
			"streams":	[{
					"socket":	6,
					"start":	8.000015,
					"end":	9.000027,
					"seconds":	1.0000120401382446,
					"bytes":	132194344,
					"bits_per_second":	1057542019.0478911,
					"omitted":	false,
					"sender":	false
				}],
			"sum":	{
				"start":	8.000015,
				"end":	9.000027,
				"seconds":	1.0000120401382446,
				"bytes":	132194344,
				"bits_per_second":	1057542019.0478911,
				"omitted":	false,
				"sender":	false
			}
		}, {
			"streams":	[{
					"socket":	6,
					"start":	9.000027,
					"end":	10.000013,
					"seconds":	0.99998599290847778,
					"bytes":	132087144,
					"bits_per_second":	1056711953.4610448,
					"omitted":	false,
					"sender":	false
				}],
			"sum":	{
				"start":	9.000027,
				"end":	10.000013,
				"seconds":	0.99998599290847778,
				"bytes":	132087144,
				"bits_per_second":	1056711953.4610448,
				"omitted":	false,
				"sender":	false
			}
		}],
	"end":	{
		"streams":	[{
				"sender":	{
					"socket":	6,
					"start":	0,
					"end":	10.000149,
					"seconds":	10.000149,
					"bytes":	1270770816,
					"bits_per_second":	1016601505.4375689,
					"retransmits":	12,
					"max_snd_cwnd":	0,
					"max_snd_wnd":	0,
					"max_rtt":	0,
					"min_rtt":	0,
					"mean_rtt":	0,
					"sender":	false
				},
				"receiver":	{
					"socket":	6,
					"start":	0,
					"end":	10.000013,
					"seconds":	10.000013,
					"bytes":	1270756536,
					"bits_per_second":	1016603907.2149208,
					"sender":	false
				}
			}],
		"sum_sent":	{
			"start":	0,
			"end":	10.000149,
			"seconds":	10.000149,
			"bytes":	1270770816,
			"bits_per_second":	1016601505.4375689,
			"retransmits":	12,
			"sender":	false
		},
		"sum_received":	{
			"start":	0,
			"end":	10.000013,
			"seconds":	10.000013,
			"bytes":	1270756536,
			"bits_per_second":	1016603907.2149208,
			"sender":	false
		},
		"cpu_utilization_percent":	{
			"host_total":	19.494002850476939,
			"host_user":	2.39460059079159,
			"host_system":	17.099392261520009,
			"remote_total":	14.950026779582238,
			"remote_user":	2.1892858471407846,
			"remote_system":	12.760740932441452
		},
		"sender_tcp_congestion":	"cubic",
		"receiver_tcp_congestion":	"cubic"
	}
}
