{
	"start":	{
		"connected":	[{
				"socket":	6,
				"local_host":	"fe80::e63d:1aff:fe72:f1",
				"local_port":	32830,
				"remote_host":	"fe80::e63d:1aff:fe72:f0",
				"remote_port":	5201
			}],
		"version":	"iperf 3.10.1",
		"system_info":	"Linux ryan 5.10.89 #1-NixOS SMP Wed Dec 29 11:26:08 UTC 2021 x86_64",
		"timestamp":	{
			"time":	"Thu, 13 Jan 2022 15:35:54 GMT",
			"timesecs":	1642088154
		},
		"connecting_to":	{
			"host":	"fe80::e63d:1aff:fe72:f0%swissknife1",
			"port":	5201
		},
		"cookie":	"jlpfsciep3ud46w3sihjhrr5ldzwvohgy4rh",
		"tcp_mss_default":	1428,
		"sock_bufsize":	2048,
		"sndbuf_actual":	4608,
		"rcvbuf_actual":	4096,
		"test_start":	{
			"protocol":	"TCP",
			"num_streams":	1,
			"blksize":	131072,
			"omit":	0,
			"duration":	10,
			"bytes":	0,
			"blocks":	0,
			"reverse":	0,
			"tos":	0
		}
	},
	"intervals":	[{
			"streams":	[{
					"socket":	6,
					"start":	0,
					"end":	1.000035,
					"seconds":	1.0000350475311279,
					"bytes":	21132170,
					"bits_per_second":	169051435.16456383,
					"retransmits":	0,
					"snd_cwnd":	7140,
					"snd_wnd":	1428,
					"rtt":	66,
					"rttvar":	20,
					"pmtu":	1500,
					"omitted":	false,
					"sender":	true
				}],
			"sum":	{
				"start":	0,
				"end":	1.000035,
				"seconds":	1.0000350475311279,
				"bytes":	21132170,
				"bits_per_second":	169051435.16456383,
				"retransmits":	0,
				"omitted":	false,
				"sender":	true
			}
		}, {
			"streams":	[{
					"socket":	6,
					"start":	1.000035,
					"end":	2.000058,
					"seconds":	1.0000230073928833,
					"bytes":	22149026,
					"bits_per_second":	177188131.36304748,
					"retransmits":	0,
					"snd_cwnd":	7140,
					"snd_wnd":	1428,
					"rtt":	63,
					"rttvar":	15,
					"pmtu":	1500,
					"omitted":	false,
					"sender":	true
				}],
			"sum":	{
				"start":	1.000035,
				"end":	2.000058,
				"seconds":	1.0000230073928833,
				"bytes":	22149026,
				"bits_per_second":	177188131.36304748,
				"retransmits":	0,
				"omitted":	false,
				"sender":	true
			}
		}, {
			"streams":	[{
					"socket":	6,
					"start":	2.000058,
					"end":	3.000046,
					"seconds":	0.9999880194664,
					"bytes":	20517614,
					"bits_per_second":	164142878.51927128,
					"retransmits":	0,
					"snd_cwnd":	7140,
					"snd_wnd":	1428,
					"rtt":	69,
					"rttvar":	14,
					"pmtu":	1500,
					"omitted":	false,
					"sender":	true
				}],
			"sum":	{
				"start":	2.000058,
				"end":	3.000046,
				"seconds":	0.9999880194664,
				"bytes":	20517614,
				"bits_per_second":	164142878.51927128,
				"retransmits":	0,
				"omitted":	false,
				"sender":	true
			}
		}, {
			"streams":	[{
					"socket":	6,
					"start":	3.000046,
					"end":	4.000055,
					"seconds":	1.0000089406967163,
					"bytes":	21659010,
					"bits_per_second":	173270530.84073389,
					"retransmits":	1,
					"snd_cwnd":	7140,
					"snd_wnd":	1428,
					"rtt":	65,
					"rttvar":	15,
					"pmtu":	1500,
					"omitted":	false,
					"sender":	true
				}],
			"sum":	{
				"start":	3.000046,
				"end":	4.000055,
				"seconds":	1.0000089406967163,
				"bytes":	21659010,
				"bits_per_second":	173270530.84073389,
				"retransmits":	1,
				"omitted":	false,
				"sender":	true
			}
		}, {
			"streams":	[{
					"socket":	6,
					"start":	4.000055,
					"end":	5.000014,
					"seconds":	0.99995899200439453,
					"bytes":	22361904,
					"bits_per_second":	178902568.43574023,
					"retransmits":	0,
					"snd_cwnd":	7140,
					"snd_wnd":	1428,
					"rtt":	66,
					"rttvar":	18,
					"pmtu":	1500,
					"omitted":	false,
					"sender":	true
				}],
			"sum":	{
				"start":	4.000055,
				"end":	5.000014,
				"seconds":	0.99995899200439453,
				"bytes":	22361904,
				"bits_per_second":	178902568.43574023,
				"retransmits":	0,
				"omitted":	false,
				"sender":	true
			}
		}, {
			"streams":	[{
					"socket":	6,
					"start":	5.000014,
					"end":	6.000016,
					"seconds":	1.0000020265579224,
					"bytes":	22128624,
					"bits_per_second":	177028633.24122083,
					"retransmits":	0,
					"snd_cwnd":	7140,
					"snd_wnd":	1428,
					"rtt":	70,
					"rttvar":	20,
					"pmtu":	1500,
					"omitted":	false,
					"sender":	true
				}],
			"sum":	{
				"start":	5.000014,
				"end":	6.000016,
				"seconds":	1.0000020265579224,
				"bytes":	22128624,
				"bits_per_second":	177028633.24122083,
				"retransmits":	0,
				"omitted":	false,
				"sender":	true
			}
		}, {
			"streams":	[{
					"socket":	6,
					"start":	6.000016,
					"end":	7.000031,
					"seconds":	1.0000150203704834,
					"bytes":	22047638,
					"bits_per_second":	176378454.73026466,
					"retransmits":	0,
					"snd_cwnd":	7140,
					"snd_wnd":	1428,
					"rtt":	64,
					"rttvar":	15,
					"pmtu":	1500,
					"omitted":	false,
					"sender":	true
				}],
			"sum":	{
				"start":	6.000016,
				"end":	7.000031,
				"seconds":	1.0000150203704834,
				"bytes":	22047638,
				"bits_per_second":	176378454.73026466,
				"retransmits":	0,
				"omitted":	false,
				"sender":	true
			}
		}, {
			"streams":	[{
					"socket":	6,
					"start":	7.000031,
					"end":	8.000023,
					"seconds":	0.9999920129776,
					"bytes":	22120056,
					"bits_per_second":	176961861.39835092,
					"retransmits":	0,
					"snd_cwnd":	7140,
					"snd_wnd":	1428,
					"rtt":	63,
					"rttvar":	14,
					"pmtu":	1500,
					"omitted":	false,
					"sender":	true
				}],
			"sum":	{
				"start":	7.000031,
				"end":	8.000023,
				"seconds":	0.9999920129776,
				"bytes":	22120056,
				"bits_per_second":	176961861.39835092,
				"retransmits":	0,
				"omitted":	false,
				"sender":	true
			}
		}, {
			"streams":	[{
					"socket":	6,
					"start":	8.000023,
					"end":	9.000008,
					"seconds":	0.9999849796295166,
					"bytes":	22098530,
					"bits_per_second":	176790895.464748,
					"retransmits":	0,
					"snd_cwnd":	7140,
					"snd_wnd":	1428,
					"rtt":	68,
					"rttvar":	17,
					"pmtu":	1500,
					"omitted":	false,
					"sender":	true
				}],
			"sum":	{
				"start":	8.000023,
				"end":	9.000008,
				"seconds":	0.9999849796295166,
				"bytes":	22098530,
				"bits_per_second":	176790895.464748,
				"retransmits":	0,
				"omitted":	false,
				"sender":	true
			}
		}, {
			"streams":	[{
					"socket":	6,
					"start":	9.000008,
					"end":	10.000041,
					"seconds":	1.0000330209732056,
					"bytes":	21976952,
					"bits_per_second":	175809810.58895525,
					"retransmits":	0,
					"snd_cwnd":	7140,
					"snd_wnd":	1428,
					"rtt":	64,
					"rttvar":	18,
					"pmtu":	1500,
					"omitted":	false,
					"sender":	true
				}],
			"sum":	{
				"start":	9.000008,
				"end":	10.000041,
				"seconds":	1.0000330209732056,
				"bytes":	21976952,
				"bits_per_second":	175809810.58895525,
				"retransmits":	0,
				"omitted":	false,
				"sender":	true
			}
		}],
	"end":	{
		"streams":	[{
				"sender":	{
					"socket":	6,
					"start":	0,
					"end":	10.000041,
					"seconds":	10.000041,
					"bytes":	218191524,
					"bits_per_second":	174552503.53473553,
					"retransmits":	1,
					"max_snd_cwnd":	7140,
					"max_snd_wnd":	1428,
					"max_rtt":	70,
					"min_rtt":	63,
					"mean_rtt":	65,
					"sender":	true
				},
				"receiver":	{
					"socket":	6,
					"start":	0,
					"end":	10.000137,
					"seconds":	10.000041,
					"bytes":	218190096,
					"bits_per_second":	174549685.46930906,
					"sender":	true
				}
			}],
		"sum_sent":	{
			"start":	0,
			"end":	10.000041,
			"seconds":	10.000041,
			"bytes":	218191524,
			"bits_per_second":	174552503.53473553,
			"retransmits":	1,
			"sender":	true
		},
		"sum_received":	{
			"start":	0,
			"end":	10.000137,
			"seconds":	10.000137,
			"bytes":	218190096,
			"bits_per_second":	174549685.46930906,
			"sender":	true
		},
		"cpu_utilization_percent":	{
			"host_total":	16.201996886338559,
			"host_user":	1.6768822435318342,
			"host_system":	14.525114642806727,
			"remote_total":	13.334902643440877,
			"remote_user":	0.877547012304218,
			"remote_system":	12.457335631432654
		},
		"sender_tcp_congestion":	"cubic",
		"receiver_tcp_congestion":	"cubic"
	}
}
