{
	"start":	{
		"connected":	[{
				"socket":	6,
				"local_host":	"fe80::e63d:1aff:fe72:f1",
				"local_port":	42839,
				"remote_host":	"fe80::e63d:1aff:fe72:f0",
				"remote_port":	5201
			}],
		"version":	"iperf 3.10.1",
		"system_info":	"Linux ryan 5.10.89 #1-NixOS SMP Wed Dec 29 11:26:08 UTC 2021 x86_64",
		"timestamp":	{
			"time":	"Thu, 13 Jan 2022 15:37:34 GMT",
			"timesecs":	1642088254
		},
		"connecting_to":	{
			"host":	"fe80::e63d:1aff:fe72:f0%swissknife1",
			"port":	5201
		},
		"cookie":	"gix445etoboirmyymuygjr5wy33flar7d7h4",
		"sock_bufsize":	0,
		"sndbuf_actual":	212992,
		"rcvbuf_actual":	212992,
		"test_start":	{
			"protocol":	"UDP",
			"num_streams":	1,
			"blksize":	1428,
			"omit":	0,
			"duration":	10,
			"bytes":	0,
			"blocks":	0,
			"reverse":	0,
			"tos":	0
		}
	},
	"intervals":	[{
			"streams":	[{
					"socket":	6,
					"start":	0,
					"end":	1.000044,
					"seconds":	1.0000439882278442,
					"bytes":	93678228,
					"bits_per_second":	749392859.53615,
					"packets":	65601,
					"omitted":	false,
					"sender":	true
				}],
			"sum":	{
				"start":	0,
				"end":	1.000044,
				"seconds":	1.0000439882278442,
				"bytes":	93678228,
				"bits_per_second":	749392859.53615,
				"packets":	65601,
				"omitted":	false,
				"sender":	true
			}
		}, {
			"streams":	[{
					"socket":	6,
					"start":	1.000044,
					"end":	2.000044,
					"seconds":	1,
					"bytes":	93751056,
					"bits_per_second":	750008448,
					"packets":	65652,
					"omitted":	false,
					"sender":	true
				}],
			"sum":	{
				"start":	1.000044,
				"end":	2.000044,
				"seconds":	1,
				"bytes":	93751056,
				"bits_per_second":	750008448,
				"packets":	65652,
				"omitted":	false,
				"sender":	true
			}
		}, {
			"streams":	[{
					"socket":	6,
					"start":	2.000044,
					"end":	3.000043,
					"seconds":	0.99999898672103882,
					"bytes":	93748200,
					"bits_per_second":	749986359.94539976,
					"packets":	65650,
					"omitted":	false,
					"sender":	true
				}],
			"sum":	{
				"start":	2.000044,
				"end":	3.000043,
				"seconds":	0.99999898672103882,
				"bytes":	93748200,
				"bits_per_second":	749986359.94539976,
				"packets":	65650,
				"omitted":	false,
				"sender":	true
			}
		}, {
			"streams":	[{
					"socket":	6,
					"start":	3.000043,
					"end":	4.000045,
					"seconds":	1.0000020265579224,
					"bytes":	93751056,
					"bits_per_second":	750006928.067518,
					"packets":	65652,
					"omitted":	false,
					"sender":	true
				}],
			"sum":	{
				"start":	3.000043,
				"end":	4.000045,
				"seconds":	1.0000020265579224,
				"bytes":	93751056,
				"bits_per_second":	750006928.067518,
				"packets":	65652,
				"omitted":	false,
				"sender":	true
			}
		}, {
			"streams":	[{
					"socket":	6,
					"start":	4.000045,
					"end":	5.000043,
					"seconds":	0.99999797344207764,
					"bytes":	93749628,
					"bits_per_second":	749998543.915491,
					"packets":	65651,
					"omitted":	false,
					"sender":	true
				}],
			"sum":	{
				"start":	4.000045,
				"end":	5.000043,
				"seconds":	0.99999797344207764,
				"bytes":	93749628,
				"bits_per_second":	749998543.915491,
				"packets":	65651,
				"omitted":	false,
				"sender":	true
			}
		}, {
			"streams":	[{
					"socket":	6,
					"start":	5.000043,
					"end":	6.000043,
					"seconds":	1,
					"bytes":	93749628,
					"bits_per_second":	749997024,
					"packets":	65651,
					"omitted":	false,
					"sender":	true
				}],
			"sum":	{
				"start":	5.000043,
				"end":	6.000043,
				"seconds":	1,
				"bytes":	93749628,
				"bits_per_second":	749997024,
				"packets":	65651,
				"omitted":	false,
				"sender":	true
			}
		}, {
			"streams":	[{
					"socket":	6,
					"start":	6.000043,
					"end":	7.000043,
					"seconds":	1,
					"bytes":	93751056,
					"bits_per_second":	750008448,
					"packets":	65652,
					"omitted":	false,
					"sender":	true
				}],
			"sum":	{
				"start":	6.000043,
				"end":	7.000043,
				"seconds":	1,
				"bytes":	93751056,
				"bits_per_second":	750008448,
				"packets":	65652,
				"omitted":	false,
				"sender":	true
			}
		}, {
			"streams":	[{
					"socket":	6,
					"start":	7.000043,
					"end":	8.000045,
					"seconds":	1.0000020265579224,
					"bytes":	93753912,
					"bits_per_second":	750029776.02121544,
					"packets":	65654,
					"omitted":	false,
					"sender":	true
				}],
			"sum":	{
				"start":	7.000043,
				"end":	8.000045,
				"seconds":	1.0000020265579224,
				"bytes":	93753912,
				"bits_per_second":	750029776.02121544,
				"packets":	65654,
				"omitted":	false,
				"sender":	true
			}
		}, {
			"streams":	[{
					"socket":	6,
					"start":	8.000045,
					"end":	9.000047,
					"seconds":	1.0000020265579224,
					"bytes":	93753912,
					"bits_per_second":	750029776.02121544,
					"packets":	65654,
					"omitted":	false,
					"sender":	true
				}],
			"sum":	{
				"start":	8.000045,
				"end":	9.000047,
				"seconds":	1.0000020265579224,
				"bytes":	93753912,
				"bits_per_second":	750029776.02121544,
				"packets":	65654,
				"omitted":	false,
				"sender":	true
			}
		}, {
			"streams":	[{
					"socket":	6,
					"start":	9.000047,
					"end":	10.000047,
					"seconds":	1,
					"bytes":	93738204,
					"bits_per_second":	749905632,
					"packets":	65643,
					"omitted":	false,
					"sender":	true
				}],
			"sum":	{
				"start":	9.000047,
				"end":	10.000047,
				"seconds":	1,
				"bytes":	93738204,
				"bits_per_second":	749905632,
				"packets":	65643,
				"omitted":	false,
				"sender":	true
			}
		}],
	"end":	{
		"streams":	[{
				"udp":	{
					"socket":	6,
					"start":	0,
					"end":	10.000047,
					"seconds":	10.000047,
					"bytes":	937424880,
					"bits_per_second":	749936379.29901731,
					"jitter_ms":	0.001052292180496864,
					"lost_packets":	14002,
					"packets":	656460,
					"lost_percent":	2.1329555494622672,
					"out_of_order":	0,
					"sender":	true
				}
			}],
		"sum":	{
			"start":	0,
			"end":	10.00013,
			"seconds":	10.00013,
			"bytes":	937424880,
			"bits_per_second":	749936379.29901731,
			"jitter_ms":	0.001052292180496864,
			"lost_packets":	14002,
			"packets":	656460,
			"lost_percent":	2.1329555494622672,
			"sender":	true
		},
		"cpu_utilization_percent":	{
			"host_total":	21.05864592906676,
			"host_user":	10.52932296453338,
			"host_system":	10.52932296453338,
			"remote_total":	17.477440559064341,
			"remote_user":	1.0572855151884419,
			"remote_system":	16.4201650437389
		}
	}
}
