{
	"start":	{
		"connected":	[{
				"socket":	6,
				"local_host":	"fe80::e63d:1aff:fe72:f1",
				"local_port":	33728,
				"remote_host":	"fe80::e63d:1aff:fe72:f0",
				"remote_port":	5201
			}],
		"version":	"iperf 3.10.1",
		"system_info":	"Linux ryan 5.10.89 #1-NixOS SMP Wed Dec 29 11:26:08 UTC 2021 x86_64",
		"timestamp":	{
			"time":	"Wed, 12 Jan 2022 16:50:23 GMT",
			"timesecs":	1642006223
		},
		"connecting_to":	{
			"host":	"fe80::e63d:1aff:fe72:f0%swissknife1",
			"port":	5201
		},
		"cookie":	"tlq5p43npk26bovzvvcu64gwceln7lqs3oge",
		"tcp_mss_default":	1428,
		"sock_bufsize":	65536,
		"sndbuf_actual":	131072,
		"rcvbuf_actual":	131072,
		"test_start":	{
			"protocol":	"TCP",
			"num_streams":	1,
			"blksize":	131072,
			"omit":	0,
			"duration":	10,
			"bytes":	0,
			"blocks":	0,
			"reverse":	1,
			"tos":	0
		}
	},
	"intervals":	[{
			"streams":	[{
					"socket":	6,
					"start":	0,
					"end":	1.000018,
					"seconds":	1.0000180006027222,
					"bytes":	777880820,
					"bits_per_second":	6222934543.4275179,
					"omitted":	false,
					"sender":	false
				}],
			"sum":	{
				"start":	0,
				"end":	1.000018,
				"seconds":	1.0000180006027222,
				"bytes":	777880820,
				"bits_per_second":	6222934543.4275179,
				"omitted":	false,
				"sender":	false
			}
		}, {
			"streams":	[{
					"socket":	6,
					"start":	1.000018,
					"end":	2.000014,
					"seconds":	0.9999960064888,
					"bytes":	823821768,
					"bits_per_second":	6590600463.6367655,
					"omitted":	false,
					"sender":	false
				}],
			"sum":	{
				"start":	1.000018,
				"end":	2.000014,
				"seconds":	0.9999960064888,
				"bytes":	823821768,
				"bits_per_second":	6590600463.6367655,
				"omitted":	false,
				"sender":	false
			}
		}, {
			"streams":	[{
					"socket":	6,
					"start":	2.000014,
					"end":	3.000003,
					"seconds":	0.99998897314071655,
					"bytes":	826523544,
					"bits_per_second":	6612261264.4745083,
					"omitted":	false,
					"sender":	false
				}],
			"sum":	{
				"start":	2.000014,
				"end":	3.000003,
				"seconds":	0.99998897314071655,
				"bytes":	826523544,
				"bits_per_second":	6612261264.4745083,
				"omitted":	false,
				"sender":	false
			}
		}, {
			"streams":	[{
					"socket":	6,
					"start":	3.000003,
					"end":	4.000042,
					"seconds":	1.0000389814376831,
					"bytes":	820805832,
					"bits_per_second":	6566190696.44655,
					"omitted":	false,
					"sender":	false
				}],
			"sum":	{
				"start":	3.000003,
				"end":	4.000042,
				"seconds":	1.0000389814376831,
				"bytes":	820805832,
				"bits_per_second":	6566190696.44655,
				"omitted":	false,
				"sender":	false
			}
		}, {
			"streams":	[{
					"socket":	6,
					"start":	4.000042,
					"end":	5.000036,
					"seconds":	0.99999397993087769,
					"bytes":	798211864,
					"bits_per_second":	6385733354.5561914,
					"omitted":	false,
					"sender":	false
				}],
			"sum":	{
				"start":	4.000042,
				"end":	5.000036,
				"seconds":	0.99999397993087769,
				"bytes":	798211864,
				"bits_per_second":	6385733354.5561914,
				"omitted":	false,
				"sender":	false
			}
		}, {
			"streams":	[{
					"socket":	6,
					"start":	5.000036,
					"end":	6.000014,
					"seconds":	0.999978005886078,
					"bytes":	773005020,
					"bits_per_second":	6184176175.475318,
					"omitted":	false,
					"sender":	false
				}],
			"sum":	{
				"start":	5.000036,
				"end":	6.000014,
				"seconds":	0.999978005886078,
				"bytes":	773005020,
				"bits_per_second":	6184176175.475318,
				"omitted":	false,
				"sender":	false
			}
		}, {
			"streams":	[{
					"socket":	6,
					"start":	6.000014,
					"end":	7.000051,
					"seconds":	1.0000369548797607,
					"bytes":	761083408,
					"bits_per_second":	6088442266.3481169,
					"omitted":	false,
					"sender":	false
				}],
			"sum":	{
				"start":	6.000014,
				"end":	7.000051,
				"seconds":	1.0000369548797607,
				"bytes":	761083408,
				"bits_per_second":	6088442266.3481169,
				"omitted":	false,
				"sender":	false
			}
		}, {
			"streams":	[{
					"socket":	6,
					"start":	7.000051,
					"end":	8.000013,
					"seconds":	0.9999619722366333,
					"bytes":	757727544,
					"bits_per_second":	6062050878.2363148,
					"omitted":	false,
					"sender":	false
				}],
			"sum":	{
				"start":	7.000051,
				"end":	8.000013,
				"seconds":	0.9999619722366333,
				"bytes":	757727544,
				"bits_per_second":	6062050878.2363148,
				"omitted":	false,
				"sender":	false
			}
		}, {
			"streams":	[{
					"socket":	6,
					"start":	8.000013,
					"end":	9.000051,
					"seconds":	1.0000380277633667,
					"bytes":	748872372,
					"bits_per_second":	5990751161.1324558,
					"omitted":	false,
					"sender":	false
				}],
			"sum":	{
				"start":	8.000013,
				"end":	9.000051,
				"seconds":	1.0000380277633667,
				"bytes":	748872372,
				"bits_per_second":	5990751161.1324558,
				"omitted":	false,
				"sender":	false
			}
		}, {
			"streams":	[{
					"socket":	6,
					"start":	9.000051,
					"end":	10.000009,
					"seconds":	0.99995797872543335,
					"bytes":	775732492,
					"bits_per_second":	6206120725.1029835,
					"omitted":	false,
					"sender":	false
				}],
			"sum":	{
				"start":	9.000051,
				"end":	10.000009,
				"seconds":	0.99995797872543335,
				"bytes":	775732492,
				"bits_per_second":	6206120725.1029835,
				"omitted":	false,
				"sender":	false
			}
		}],
	"end":	{
		"streams":	[{
				"sender":	{
					"socket":	6,
					"start":	0,
					"end":	10.0001,
					"seconds":	10.0001,
					"bytes":	7863821744,
					"bits_per_second":	6290994485.2551479,
					"retransmits":	6,
					"max_snd_cwnd":	0,
					"max_snd_wnd":	0,
					"max_rtt":	0,
					"min_rtt":	0,
					"mean_rtt":	0,
					"sender":	false
				},
				"receiver":	{
					"socket":	6,
					"start":	0,
					"end":	10.000009,
					"seconds":	10.000009,
					"bytes":	7863664664,
					"bits_per_second":	6290926069.3665371,
					"sender":	false
				}
			}],
		"sum_sent":	{
			"start":	0,
			"end":	10.0001,
			"seconds":	10.0001,
			"bytes":	7863821744,
			"bits_per_second":	6290994485.2551479,
			"retransmits":	6,
			"sender":	false
		},
		"sum_received":	{
			"start":	0,
			"end":	10.000009,
			"seconds":	10.000009,
			"bytes":	7863664664,
			"bits_per_second":	6290926069.3665371,
			"sender":	false
		},
		"cpu_utilization_percent":	{
			"host_total":	25.823045246917076,
			"host_user":	1.14764512985695,
			"host_system":	24.67530013403724,
			"remote_total":	9.5110182321049166,
			"remote_user":	0.794941494126013,
			"remote_system":	8.7160867378719047
		},
		"sender_tcp_congestion":	"cubic",
		"receiver_tcp_congestion":	"cubic"
	}
}
