{
	"start":	{
		"connected":	[{
				"socket":	6,
				"local_host":	"fe80::e63d:1aff:fe72:f1",
				"local_port":	44846,
				"remote_host":	"fe80::e63d:1aff:fe72:f0",
				"remote_port":	5201
			}],
		"version":	"iperf 3.10.1",
		"system_info":	"Linux ryan 5.10.89 #1-NixOS SMP Wed Dec 29 11:26:08 UTC 2021 x86_64",
		"timestamp":	{
			"time":	"Thu, 13 Jan 2022 01:41:16 GMT",
			"timesecs":	1642038076
		},
		"connecting_to":	{
			"host":	"fe80::e63d:1aff:fe72:f0%swissknife1",
			"port":	5201
		},
		"cookie":	"cqa7lpcisjh73ac3thhpzylwqgpqz3ju7bcx",
		"tcp_mss_default":	1428,
		"sock_bufsize":	8192,
		"sndbuf_actual":	16384,
		"rcvbuf_actual":	16384,
		"test_start":	{
			"protocol":	"TCP",
			"num_streams":	1,
			"blksize":	131072,
			"omit":	0,
			"duration":	10,
			"bytes":	0,
			"blocks":	0,
			"reverse":	0,
			"tos":	0
		}
	},
	"intervals":	[{
			"streams":	[{
					"socket":	6,
					"start":	0,
					"end":	1.00001,
					"seconds":	1.0000100135803223,
					"bytes":	132954016,
					"bits_per_second":	1063621477.3409041,
					"retransmits":	0,
					"snd_cwnd":	14280,
					"snd_wnd":	5712,
					"rtt":	42,
					"rttvar":	5,
					"pmtu":	1500,
					"omitted":	false,
					"sender":	true
				}],
			"sum":	{
				"start":	0,
				"end":	1.00001,
				"seconds":	1.0000100135803223,
				"bytes":	132954016,
				"bits_per_second":	1063621477.3409041,
				"retransmits":	0,
				"omitted":	false,
				"sender":	true
			}
		}, {
			"streams":	[{
					"socket":	6,
					"start":	1.00001,
					"end":	2.000004,
					"seconds":	0.99999397993087769,
					"bytes":	134888880,
					"bits_per_second":	1079117536.36216,
					"retransmits":	0,
					"snd_cwnd":	14280,
					"snd_wnd":	5712,
					"rtt":	45,
					"rttvar":	4,
					"pmtu":	1500,
					"omitted":	false,
					"sender":	true
				}],
			"sum":	{
				"start":	1.00001,
				"end":	2.000004,
				"seconds":	0.99999397993087769,
				"bytes":	134888880,
				"bits_per_second":	1079117536.36216,
				"retransmits":	0,
				"omitted":	false,
				"sender":	true
			}
		}, {
			"streams":	[{
					"socket":	6,
					"start":	2.000004,
					"end":	3.000027,
					"seconds":	1.0000230073928833,
					"bytes":	136191216,
					"bits_per_second":	1089504661.3382084,
					"retransmits":	0,
					"snd_cwnd":	14280,
					"snd_wnd":	5712,
					"rtt":	39,
					"rttvar":	2,
					"pmtu":	1500,
					"omitted":	false,
					"sender":	true
				}],
			"sum":	{
				"start":	2.000004,
				"end":	3.000027,
				"seconds":	1.0000230073928833,
				"bytes":	136191216,
				"bits_per_second":	1089504661.3382084,
				"retransmits":	0,
				"omitted":	false,
				"sender":	true
			}
		}, {
			"streams":	[{
					"socket":	6,
					"start":	3.000027,
					"end":	4.000039,
					"seconds":	1.0000120401382446,
					"bytes":	135759960,
					"bits_per_second":	1086066603.60795,
					"retransmits":	0,
					"snd_cwnd":	14280,
					"snd_wnd":	5712,
					"rtt":	44,
					"rttvar":	2,
					"pmtu":	1500,
					"omitted":	false,
					"sender":	true
				}],
			"sum":	{
				"start":	3.000027,
				"end":	4.000039,
				"seconds":	1.0000120401382446,
				"bytes":	135759960,
				"bits_per_second":	1086066603.60795,
				"retransmits":	0,
				"omitted":	false,
				"sender":	true
			}
		}, {
			"streams":	[{
					"socket":	6,
					"start":	4.000039,
					"end":	5.000017,
					"seconds":	0.999978005886078,
					"bytes":	136116960,
					"bits_per_second":	1088959630.7021742,
					"retransmits":	0,
					"snd_cwnd":	14280,
					"snd_wnd":	5712,
					"rtt":	40,
					"rttvar":	4,
					"pmtu":	1500,
					"omitted":	false,
					"sender":	true
				}],
			"sum":	{
				"start":	4.000039,
				"end":	5.000017,
				"seconds":	0.999978005886078,
				"bytes":	136116960,
				"bits_per_second":	1088959630.7021742,
				"retransmits":	0,
				"omitted":	false,
				"sender":	true
			}
		}, {
			"streams":	[{
					"socket":	6,
					"start":	5.000017,
					"end":	6.000005,
					"seconds":	0.9999880194664,
					"bytes":	136393992,
					"bits_per_second":	1091165008.73905,
					"retransmits":	0,
					"snd_cwnd":	14280,
					"snd_wnd":	5712,
					"rtt":	45,
					"rttvar":	5,
					"pmtu":	1500,
					"omitted":	false,
					"sender":	true
				}],
			"sum":	{
				"start":	5.000017,
				"end":	6.000005,
				"seconds":	0.9999880194664,
				"bytes":	136393992,
				"bits_per_second":	1091165008.73905,
				"retransmits":	0,
				"omitted":	false,
				"sender":	true
			}
		}, {
			"streams":	[{
					"socket":	6,
					"start":	6.000005,
					"end":	7.000009,
					"seconds":	1.0000040531158447,
					"bytes":	136171224,
					"bits_per_second":	1089365376.6759312,
					"retransmits":	0,
					"snd_cwnd":	14280,
					"snd_wnd":	5712,
					"rtt":	45,
					"rttvar":	4,
					"pmtu":	1500,
					"omitted":	false,
					"sender":	true
				}],
			"sum":	{
				"start":	6.000005,
				"end":	7.000009,
				"seconds":	1.0000040531158447,
				"bytes":	136171224,
				"bits_per_second":	1089365376.6759312,
				"retransmits":	0,
				"omitted":	false,
				"sender":	true
			}
		}, {
			"streams":	[{
					"socket":	6,
					"start":	7.000009,
					"end":	8.000041,
					"seconds":	1.0000319480895996,
					"bytes":	135522912,
					"bits_per_second":	1084148659.5214863,
					"retransmits":	0,
					"snd_cwnd":	14280,
					"snd_wnd":	5712,
					"rtt":	41,
					"rttvar":	4,
					"pmtu":	1500,
					"omitted":	false,
					"sender":	true
				}],
			"sum":	{
				"start":	7.000009,
				"end":	8.000041,
				"seconds":	1.0000319480895996,
				"bytes":	135522912,
				"bits_per_second":	1084148659.5214863,
				"retransmits":	0,
				"omitted":	false,
				"sender":	true
			}
		}, {
			"streams":	[{
					"socket":	6,
					"start":	8.000041,
					"end":	9.000038,
					"seconds":	0.99999701976776123,
					"bytes":	133637952,
					"bits_per_second":	1069106802.1865586,
					"retransmits":	0,
					"snd_cwnd":	14280,
					"snd_wnd":	5712,
					"rtt":	41,
					"rttvar":	5,
					"pmtu":	1500,
					"omitted":	false,
					"sender":	true
				}],
			"sum":	{
				"start":	8.000041,
				"end":	9.000038,
				"seconds":	0.99999701976776123,
				"bytes":	133637952,
				"bits_per_second":	1069106802.1865586,
				"retransmits":	0,
				"omitted":	false,
				"sender":	true
			}
		}, {
			"streams":	[{
					"socket":	6,
					"start":	9.000038,
					"end":	10.000018,
					"seconds":	0.99997997283935547,
					"bytes":	135105936,
					"bits_per_second":	1080869134.7397971,
					"retransmits":	0,
					"snd_cwnd":	14280,
					"snd_wnd":	5712,
					"rtt":	40,
					"rttvar":	1,
					"pmtu":	1500,
					"omitted":	false,
					"sender":	true
				}],
			"sum":	{
				"start":	9.000038,
				"end":	10.000018,
				"seconds":	0.99997997283935547,
				"bytes":	135105936,
				"bits_per_second":	1080869134.7397971,
				"retransmits":	0,
				"omitted":	false,
				"sender":	true
			}
		}],
	"end":	{
		"streams":	[{
				"sender":	{
					"socket":	6,
					"start":	0,
					"end":	10.000018,
					"seconds":	10.000018,
					"bytes":	1352743048,
					"bits_per_second":	1082192490.4535172,
					"retransmits":	0,
					"max_snd_cwnd":	14280,
					"max_snd_wnd":	5712,
					"max_rtt":	45,
					"min_rtt":	39,
					"mean_rtt":	42,
					"sender":	true
				},
				"receiver":	{
					"socket":	6,
					"start":	0,
					"end":	10.000217,
					"seconds":	10.000018,
					"bytes":	1352740192,
					"bits_per_second":	1082168670.5398493,
					"sender":	true
				}
			}],
		"sum_sent":	{
			"start":	0,
			"end":	10.000018,
			"seconds":	10.000018,
			"bytes":	1352743048,
			"bits_per_second":	1082192490.4535172,
			"retransmits":	0,
			"sender":	true
		},
		"sum_received":	{
			"start":	0,
			"end":	10.000217,
			"seconds":	10.000217,
			"bytes":	1352740192,
			"bits_per_second":	1082168670.5398493,
			"sender":	true
		},
		"cpu_utilization_percent":	{
			"host_total":	15.434974269144638,
			"host_user":	2.05213031208428,
			"host_system":	13.382833960030474,
			"remote_total":	17.52913734732342,
			"remote_user":	1.5963342421129769,
			"remote_system":	15.932813104986449
		},
		"sender_tcp_congestion":	"cubic",