{
	"start":	{
		"connected":	[{
				"socket":	6,
				"local_host":	"fe80::e63d:1aff:fe72:f1",
				"local_port":	44858,
				"remote_host":	"fe80::e63d:1aff:fe72:f0",
				"remote_port":	5201
			}],
		"version":	"iperf 3.10.1",
		"system_info":	"Linux ryan 5.10.89 #1-NixOS SMP Wed Dec 29 11:26:08 UTC 2021 x86_64",
		"timestamp":	{
			"time":	"Thu, 13 Jan 2022 01:41:46 GMT",
			"timesecs":	1642038106
		},
		"connecting_to":	{
			"host":	"fe80::e63d:1aff:fe72:f0%swissknife1",
			"port":	5201
		},
		"cookie":	"jbjdifxesd6ul4t36o3a3hi36ii44sblz6e6",
		"tcp_mss_default":	1428,
		"sock_bufsize":	65536,
		"sndbuf_actual":	131072,
		"rcvbuf_actual":	131072,
		"test_start":	{
			"protocol":	"TCP",
			"num_streams":	1,
			"blksize":	131072,
			"omit":	0,
			"duration":	10,
			"bytes":	0,
			"blocks":	0,
			"reverse":	0,
			"tos":	0
		}
	},
	"intervals":	[{
			"streams":	[{
					"socket":	6,
					"start":	0,
					"end":	1.000001,
					"seconds":	1.0000009536743164,
					"bytes":	837407760,
					"bits_per_second":	6699255691.0919085,
					"retransmits":	0,
					"snd_cwnd":	78540,
					"snd_wnd":	64096,
					"rtt":	74,
					"rttvar":	1,
					"pmtu":	1500,
					"omitted":	false,
					"sender":	true
				}],
			"sum":	{
				"start":	0,
				"end":	1.000001,
				"seconds":	1.0000009536743164,
				"bytes":	837407760,
				"bits_per_second":	6699255691.0919085,
				"retransmits":	0,
				"omitted":	false,
				"sender":	true
			}
		}, {
			"streams":	[{
					"socket":	6,
					"start":	1.000001,
					"end":	2.000047,
					"seconds":	1.0000460147857666,
					"bytes":	828943840,
					"bits_per_second":	6631245584.655056,
					"retransmits":	0,
					"snd_cwnd":	78540,
					"snd_wnd":	64096,
					"rtt":	72,
					"rttvar":	0,
					"pmtu":	1500,
					"omitted":	false,
					"sender":	true
				}],
			"sum":	{
				"start":	1.000001,
				"end":	2.000047,
				"seconds":	1.0000460147857666,
				"bytes":	828943840,
				"bits_per_second":	6631245584.655056,
				"retransmits":	0,
				"omitted":	false,
				"sender":	true
			}
		}, {
			"streams":	[{
					"socket":	6,
					"start":	2.000047,
					"end":	3.000036,
					"seconds":	0.99998897314071655,
					"bytes":	835037280,
					"bits_per_second":	6680371903.52094,
					"retransmits":	0,
					"snd_cwnd":	78540,
					"snd_wnd":	64096,
					"rtt":	74,
					"rttvar":	2,
					"pmtu":	1500,
					"omitted":	false,
					"sender":	true
				}],
			"sum":	{
				"start":	2.000047,
				"end":	3.000036,
				"seconds":	0.99998897314071655,
				"bytes":	835037280,
				"bits_per_second":	6680371903.52094,
				"retransmits":	0,
				"omitted":	false,
				"sender":	true
			}
		}, {
			"streams":	[{
					"socket":	6,
					"start":	3.000036,
					"end":	4.000008,
					"seconds":	0.99997198581695557,
					"bytes":	827592896,
					"bits_per_second":	6620928647.9070663,
					"retransmits":	0,
					"snd_cwnd":	78540,
					"snd_wnd":	64096,
					"rtt":	75,
					"rttvar":	2,
					"pmtu":	1500,
					"omitted":	false,
					"sender":	true
				}],
			"sum":	{
				"start":	3.000036,
				"end":	4.000008,
				"seconds":	0.99997198581695557,
				"bytes":	827592896,
				"bits_per_second":	6620928647.9070663,
				"retransmits":	0,
				"omitted":	false,
				"sender":	true
			}
		}, {
			"streams":	[{
					"socket":	6,
					"start":	4.000008,
					"end":	5.000021,
					"seconds":	1.000012993812561,
					"bytes":	831110280,
					"bits_per_second":	6648795846.79301,
					"retransmits":	0,
					"snd_cwnd":	78540,
					"snd_wnd":	64096,
					"rtt":	75,
					"rttvar":	2,
					"pmtu":	1500,
					"omitted":	false,
					"sender":	true
				}],
			"sum":	{
				"start":	4.000008,
				"end":	5.000021,
				"seconds":	1.000012993812561,
				"bytes":	831110280,
				"bits_per_second":	6648795846.79301,
				"retransmits":	0,
				"omitted":	false,
				"sender":	true
			}
		}, {
			"streams":	[{
					"socket":	6,
					"start":	5.000021,
					"end":	6.000009,
					"seconds":	0.9999880194664,
					"bytes":	828188592,
					"bits_per_second":	6625588114.08102,
					"retransmits":	0,
					"snd_cwnd":	78540,
					"snd_wnd":	64096,
					"rtt":	74,
					"rttvar":	2,
					"pmtu":	1500,
					"omitted":	false,
					"sender":	true
				}],
			"sum":	{
				"start":	5.000021,
				"end":	6.000009,
				"seconds":	0.9999880194664,
				"bytes":	828188592,
				"bits_per_second":	6625588114.08102,
				"retransmits":	0,
				"omitted":	false,
				"sender":	true
			}
		}, {
			"streams":	[{
					"socket":	6,
					"start":	6.000009,
					"end":	7.000034,
					"seconds":	1.0000250339508057,
					"bytes":	829446496,
					"bits_per_second":	6635405857.5761862,
					"retransmits":	0,
					"snd_cwnd":	78540,
					"snd_wnd":	64096,
					"rtt":	74,
					"rttvar":	1,
					"pmtu":	1500,
					"omitted":	false,
					"sender":	true
				}],
			"sum":	{
				"start":	6.000009,
				"end":	7.000034,
				"seconds":	1.0000250339508057,
				"bytes":	829446496,
				"bits_per_second":	6635405857.5761862,
				"retransmits":	0,
				"omitted":	false,
				"sender":	true
			}
		}, {
			"streams":	[{
					"socket":	6,
					"start":	7.000034,
					"end":	8.000025,
					"seconds":	0.999990999698639,
					"bytes":	828785496,
					"bits_per_second":	6630343643.0909157,
					"retransmits":	0,
					"snd_cwnd":	78540,
					"snd_wnd":	64096,
					"rtt":	74,
					"rttvar":	1,
					"pmtu":	1500,
					"omitted":	false,
					"sender":	true
				}],
			"sum":	{
				"start":	7.000034,
				"end":	8.000025,
				"seconds":	0.999990999698639,
				"bytes":	828785496,
				"bits_per_second":	6630343643.0909157,
				"retransmits":	0,
				"omitted":	false,
				"sender":	true
			}
		}, {
			"streams":	[{
					"socket":	6,
					"start":	8.000025,
					"end":	9.000035,
					"seconds":	1.0000100135803223,
					"bytes":	828565584,
					"bits_per_second":	6628458297.4004259,
					"retransmits":	0,
					"snd_cwnd":	78540,
					"snd_wnd":	64096,
					"rtt":	74,
					"rttvar":	2,
					"pmtu":	1500,
					"omitted":	false,
					"sender":	true
				}],
			"sum":	{
				"start":	8.000025,
				"end":	9.000035,
				"seconds":	1.0000100135803223,
				"bytes":	828565584,
				"bits_per_second":	6628458297.4004259,
				"retransmits":	0,
				"omitted":	false,
				"sender":	true
			}
		}, {
			"streams":	[{
					"socket":	6,
					"start":	9.000035,
					"end":	10.000024,
					"seconds":	0.99998897314071655,
					"bytes":	829633728,
					"bits_per_second":	6637143010.8420248,
					"retransmits":	0,
					"snd_cwnd":	78540,
					"snd_wnd":	64096,
					"rtt":	74,
					"rttvar":	1,
					"pmtu":	1500,
					"omitted":	false,
					"sender":	true
				}],
			"sum":	{
				"start":	9.000035,
				"end":	10.000024,
				"seconds":	0.99998897314071655,
				"bytes":	829633728,
				"bits_per_second":	6637143010.8420248,
				"retransmits":	0,
				"omitted":	false,
				"sender":	true
			}
		}],
	"end":	{
		"streams":	[{
				"sender":	{
					"socket":	6,
					"start":	0,
					"end":	10.000024,
					"seconds":	10.000024,
					"bytes":	8304711952,
					"bits_per_second":	6643753616.59132,
					"retransmits":	0,
					"max_snd_cwnd":	78540,
					"max_snd_wnd":	64096,
					"max_rtt":	75,
					"min_rtt":	72,
					"mean_rtt":	74,
					"sender":	true
				},
				"receiver":	{
					"socket":	6,
					"start":	0,
					"end":	10.000279,
					"seconds":	10.000024,
					"bytes":	8304711952,
					"bits_per_second":	6643584205.6006632,
					"sender":	true
				}
			}],
		"sum_sent":	{
			"start":	0,
			"end":	10.000024,
			"seconds":	10.000024,
			"bytes":	8304711952,
			"bits_per_second":	6643753616.59132,
			"retransmits":	0,
			"sender":	true
		},
		"sum_received":	{
			"start":	0,
			"end":	10.000279,
			"seconds":	10.000279,
			"bytes":	8304711952,
			"bits_per_second":	6643584205.6006632,
			"sender":	true
		},
		"cpu_utilization_percent":	{
			"host_total":	11.166404728484078,
			"host_user":	0.55911804814063881,
			"host_system":	10.607286680343439,
			"remote_total":	24.147554209460452,
			"remote_user":	1.1609070302403413,
			"remote_system":	22.986657178936117
		},
		"sender_tcp_congestion":	"cubic",