{
	"start":	{
		"connected":	[{
				"socket":	6,
				"local_host":	"fe80::e63d:1aff:fe72:f1",
				"local_port":	44898,
				"remote_host":	"fe80::e63d:1aff:fe72:f0",
				"remote_port":	5201
			}],
		"version":	"iperf 3.10.1",
		"system_info":	"Linux ryan 5.10.89 #1-NixOS SMP Wed Dec 29 11:26:08 UTC 2021 x86_64",
		"timestamp":	{
			"time":	"Thu, 13 Jan 2022 01:43:57 GMT",
			"timesecs":	1642038237
		},
		"connecting_to":	{
			"host":	"fe80::e63d:1aff:fe72:f0%swissknife1",
			"port":	5201
		},
		"cookie":	"2oxjuep3b3vegtxht3m7crfhnyfvwz2b2utc",
		"tcp_mss_default":	1428,
		"sock_bufsize":	16384,
		"sndbuf_actual":	32768,
		"rcvbuf_actual":	32768,
		"test_start":	{
			"protocol":	"TCP",
			"num_streams":	1,
			"blksize":	131072,
			"omit":	0,
			"duration":	10,
			"bytes":	0,
			"blocks":	0,
			"reverse":	1,
			"tos":	0
		}
	},
	"intervals":	[{
			"streams":	[{
					"socket":	6,
					"start":	0,
					"end":	1.000026,
					"seconds":	1.0000259876251221,
					"bytes":	223746180,
					"bits_per_second":	1789922924.1540496,
					"omitted":	false,
					"sender":	false
				}],
			"sum":	{
				"start":	0,
				"end":	1.000026,
				"seconds":	1.0000259876251221,
				"bytes":	223746180,
				"bits_per_second":	1789922924.1540496,
				"omitted":	false,
				"sender":	false
			}
		}, {
			"streams":	[{
					"socket":	6,
					"start":	1.000026,
					"end":	2.000022,
					"seconds":	0.9999960064888,
					"bytes":	233378040,
					"bits_per_second":	1867031776.0123081,
					"omitted":	false,
					"sender":	false
				}],
			"sum":	{
				"start":	1.000026,
				"end":	2.000022,
				"seconds":	0.9999960064888,
				"bytes":	233378040,
				"bits_per_second":	1867031776.0123081,
				"omitted":	false,
				"sender":	false
			}
		}, {
			"streams":	[{
					"socket":	6,
					"start":	2.000022,
					"end":	3.000013,
					"seconds":	0.999990999698639,
					"bytes":	233063880,
					"bits_per_second":	1864527821.312288,
					"omitted":	false,
					"sender":	false
				}],
			"sum":	{
				"start":	2.000022,
				"end":	3.000013,
				"seconds":	0.999990999698639,
				"bytes":	233063880,
				"bits_per_second":	1864527821.312288,
				"omitted":	false,
				"sender":	false
			}
		}, {
			"streams":	[{
					"socket":	6,
					"start":	3.000013,
					"end":	4.000017,
					"seconds":	1.0000040531158447,
					"bytes":	223739040,
					"bits_per_second":	1789905065.3074193,
					"omitted":	false,
					"sender":	false
				}],
			"sum":	{
				"start":	3.000013,
				"end":	4.000017,
				"seconds":	1.0000040531158447,
				"bytes":	223739040,
				"bits_per_second":	1789905065.3074193,
				"omitted":	false,
				"sender":	false
			}
		}, {
			"streams":	[{
					"socket":	6,
					"start":	4.000017,
					"end":	5.000055,
					"seconds":	1.0000380277633667,
					"bytes":	219562140,
					"bits_per_second":	1756430326.8831592,
					"omitted":	false,
					"sender":	false
				}],
			"sum":	{
				"start":	4.000017,
				"end":	5.000055,
				"seconds":	1.0000380277633667,
				"bytes":	219562140,
				"bits_per_second":	1756430326.8831592,
				"omitted":	false,
				"sender":	false
			}
		}, {
			"streams":	[{
					"socket":	6,
					"start":	5.000055,
					"end":	6.000011,
					"seconds":	0.99995601177215576,
					"bytes":	232735440,
					"bits_per_second":	1861965424.5593336,
					"omitted":	false,
					"sender":	false
				}],
			"sum":	{
				"start":	5.000055,
				"end":	6.000011,
				"seconds":	0.99995601177215576,
				"bytes":	232735440,
				"bits_per_second":	1861965424.5593336,
				"omitted":	false,
				"sender":	false
			}
		}, {
			"streams":	[{
					"socket":	6,
					"start":	6.000011,
					"end":	7.00001,
					"seconds":	0.99999898672103882,
					"bytes":	238026180,
					"bits_per_second":	1904211369.4973183,
					"omitted":	false,
					"sender":	false
				}],
			"sum":	{
				"start":	6.000011,
				"end":	7.00001,
				"seconds":	0.99999898672103882,
				"bytes":	238026180,
				"bits_per_second":	1904211369.4973183,
				"omitted":	false,
				"sender":	false
			}
		}, {
			"streams":	[{
					"socket":	6,
					"start":	7.00001,
					"end":	8.000033,
					"seconds":	1.0000230073928833,
					"bytes":	222889380,
					"bits_per_second":	1783074016.1155713,
					"omitted":	false,
					"sender":	false
				}],
			"sum":	{
				"start":	7.00001,
				"end":	8.000033,
				"seconds":	1.0000230073928833,
				"bytes":	222889380,
				"bits_per_second":	1783074016.1155713,
				"omitted":	false,
				"sender":	false
			}
		}, {
			"streams":	[{
					"socket":	6,
					"start":	8.000033,
					"end":	9.000017,
					"seconds":	0.9999840259552002,
					"bytes":	235127340,
					"bits_per_second":	1881048767.95729,
					"omitted":	false,
					"sender":	false
				}],
			"sum":	{
				"start":	8.000033,
				"end":	9.000017,
				"seconds":	0.9999840259552002,
				"bytes":	235127340,
				"bits_per_second":	1881048767.95729,
				"omitted":	false,
				"sender":	false
			}
		}, {
			"streams":	[{
					"socket":	6,
					"start":	9.000017,
					"end":	10.000014,
					"seconds":	0.99999701976776123,
					"bytes":	228208680,
					"bits_per_second":	1825674880.9351377,
					"omitted":	false,
					"sender":	false
				}],
			"sum":	{
				"start":	9.000017,
				"end":	10.000014,
				"seconds":	0.99999701976776123,
				"bytes":	228208680,
				"bits_per_second":	1825674880.9351377,
				"omitted":	false,
				"sender":	false
			}
		}],
	"end":	{
		"streams":	[{
				"sender":	{
					"socket":	6,
					"start":	0,
					"end":	10.000104,
					"seconds":	10.000104,
					"bytes":	2290504860,
					"bits_per_second":	1832384831.1977556,
					"retransmits":	0,
					"max_snd_cwnd":	0,
					"max_snd_wnd":	0,
					"max_rtt":	0,
					"min_rtt":	0,
					"mean_rtt":	0,
					"sender":	false
				},
				"receiver":	{
					"socket":	6,
					"start":	0,
					"end":	10.000014,
					"seconds":	10.000014,
					"bytes":	2290476300,
					"bits_per_second":	1832378474.6701355,
					"sender":	false
				}
			}],
		"sum_sent":	{
			"start":	0,
			"end":	10.000104,
			"seconds":	10.000104,
			"bytes":	2290504860,
			"bits_per_second":	1832384831.1977556,
			"retransmits":	0,
			"sender":	false
		},
		"sum_received":	{
			"start":	0,
			"end":	10.000014,
			"seconds":	10.000014,
			"bytes":	2290476300,
			"bits_per_second":	1832378474.6701355,
			"sender":	false
		},
		"cpu_utilization_percent":	{
			"host_total":	14.250971780327154,
			"host_user":	0.93009760495817417,
			"host_system":	13.32087417536898,
			"remote_total":	11.777050452445023,
			"remote_user":	1.5206332730339966,
			"remote_system":	10.256417179411025
		},
		"sender_tcp_congestion":	"cubic",
		"receiver_tcp_congestion":	"cubic"
	}
}
