{
	"start":	{
		"connected":	[{
				"socket":	6,
				"local_host":	"fe80::e63d:1aff:fe72:f1",
				"local_port":	44902,
				"remote_host":	"fe80::e63d:1aff:fe72:f0",
				"remote_port":	5201
			}],
		"version":	"iperf 3.10.1",
		"system_info":	"Linux ryan 5.10.89 #1-NixOS SMP Wed Dec 29 11:26:08 UTC 2021 x86_64",
		"timestamp":	{
			"time":	"Thu, 13 Jan 2022 01:44:07 GMT",
			"timesecs":	1642038247
		},
		"connecting_to":	{
			"host":	"fe80::e63d:1aff:fe72:f0%swissknife1",
			"port":	5201
		},
		"cookie":	"igzcy74mrerelkjfwntx5heptasug5wi3dth",
		"tcp_mss_default":	1428,
		"sock_bufsize":	32768,
		"sndbuf_actual":	65536,
		"rcvbuf_actual":	65536,
		"test_start":	{
			"protocol":	"TCP",
			"num_streams":	1,
			"blksize":	131072,
			"omit":	0,
			"duration":	10,
			"bytes":	0,
			"blocks":	0,
			"reverse":	1,
			"tos":	0
		}
	},
	"intervals":	[{
			"streams":	[{
					"socket":	6,
					"start":	0,
					"end":	1.000002,
					"seconds":	1.0000020265579224,
					"bytes":	496709808,
					"bits_per_second":	3973670411.1267476,
					"omitted":	false,
					"sender":	false
				}],
			"sum":	{
				"start":	0,
				"end":	1.000002,
				"seconds":	1.0000020265579224,
				"bytes":	496709808,
				"bits_per_second":	3973670411.1267476,
				"omitted":	false,
				"sender":	false
			}
		}, {
			"streams":	[{
					"socket":	6,
					"start":	1.000002,
					"end":	2.000016,
					"seconds":	1.0000139474868774,
					"bytes":	513094680,
					"bits_per_second":	4104700189.7479677,
					"omitted":	false,
					"sender":	false
				}],
			"sum":	{
				"start":	1.000002,
				"end":	2.000016,
				"seconds":	1.0000139474868774,
				"bytes":	513094680,
				"bits_per_second":	4104700189.7479677,
				"omitted":	false,
				"sender":	false
			}
		}, {
			"streams":	[{
					"socket":	6,
					"start":	2.000016,
					"end":	3.000012,
					"seconds":	0.9999960064888,
					"bytes":	517281576,
					"bits_per_second":	4138269134.2241359,
					"omitted":	false,
					"sender":	false
				}],
			"sum":	{
				"start":	2.000016,
				"end":	3.000012,
				"seconds":	0.9999960064888,
				"bytes":	517281576,
				"bits_per_second":	4138269134.2241359,
				"omitted":	false,
				"sender":	false
			}
		}, {
			"streams":	[{
					"socket":	6,
					"start":	3.000012,
					"end":	4.000004,
					"seconds":	0.9999920129776,
					"bytes":	517669992,
					"bits_per_second":	4141393013.3987646,
					"omitted":	false,
					"sender":	false
				}],
			"sum":	{
				"start":	3.000012,
				"end":	4.000004,
				"seconds":	0.9999920129776,
				"bytes":	517669992,
				"bits_per_second":	4141393013.3987646,
				"omitted":	false,
				"sender":	false
			}
		}, {
			"streams":	[{
					"socket":	6,
					"start":	4.000004,
					"end":	5.000041,
					"seconds":	1.0000369548797607,
					"bytes":	515209548,
					"bits_per_second":	4121524073.57343,
					"omitted":	false,
					"sender":	false
				}],
			"sum":	{
				"start":	4.000004,
				"end":	5.000041,
				"seconds":	1.0000369548797607,
				"bytes":	515209548,
				"bits_per_second":	4121524073.57343,
				"omitted":	false,
				"sender":	false
			}
		}, {
			"streams":	[{
					"socket":	6,
					"start":	5.000041,
					"end":	6.000014,
					"seconds":	0.99997299909591675,
					"bytes":	515567976,
					"bits_per_second":	4124655177.4188218,
					"omitted":	false,
					"sender":	false
				}],
			"sum":	{
				"start":	5.000041,
				"end":	6.000014,
				"seconds":	0.99997299909591675,
				"bytes":	515567976,
				"bits_per_second":	4124655177.4188218,
				"omitted":	false,
				"sender":	false
			}
		}, {
			"streams":	[{
					"socket":	6,
					"start":	6.000014,
					"end":	7.000006,
					"seconds":	0.9999920129776,
					"bytes":	515283804,
					"bits_per_second":	4122303356.9292512,
					"omitted":	false,
					"sender":	false
				}],
			"sum":	{
				"start":	6.000014,
				"end":	7.000006,
				"seconds":	0.9999920129776,
				"bytes":	515283804,
				"bits_per_second":	4122303356.9292512,
				"omitted":	false,
				"sender":	false
			}
		}, {
			"streams":	[{
					"socket":	6,
					"start":	7.000006,
					"end":	8.000023,
					"seconds":	1.0000170469284058,
					"bytes":	517687128,
					"bits_per_second":	4141426425.4002285,
					"omitted":	false,
					"sender":	false
				}],
			"sum":	{
				"start":	7.000006,
				"end":	8.000023,
				"seconds":	1.0000170469284058,
				"bytes":	517687128,
				"bits_per_second":	4141426425.4002285,
				"omitted":	false,
				"sender":	false
			}
		}, {
			"streams":	[{
					"socket":	6,
					"start":	8.000023,
					"end":	9.000011,
					"seconds":	0.9999880194664,
					"bytes":	513126096,
					"bits_per_second":	4105057948.7846847,
					"omitted":	false,
					"sender":	false
				}],
			"sum":	{
				"start":	8.000023,
				"end":	9.000011,
				"seconds":	0.9999880194664,
				"bytes":	513126096,
				"bits_per_second":	4105057948.7846847,
				"omitted":	false,
				"sender":	false
			}
		}, {
			"streams":	[{
					"socket":	6,
					"start":	9.000011,
					"end":	10.000038,
					"seconds":	1.0000269412994385,
					"bytes":	513994320,
					"bits_per_second":	4111843781.5854359,
					"omitted":	false,
					"sender":	false
				}],
			"sum":	{
				"start":	9.000011,
				"end":	10.000038,
				"seconds":	1.0000269412994385,
				"bytes":	513994320,
				"bits_per_second":	4111843781.5854359,
				"omitted":	false,
				"sender":	false
			}
		}],
	"end":	{
		"streams":	[{
				"sender":	{
					"socket":	6,
					"start":	0,
					"end":	10.000163,
					"seconds":	10.000163,
					"bytes":	5135670624,
					"bits_per_second":	4108469531.1466422,
					"retransmits":	0,
					"max_snd_cwnd":	0,
					"max_snd_wnd":	0,
					"max_rtt":	0,
					"min_rtt":	0,
					"mean_rtt":	0,
					"sender":	false
				},
				"receiver":	{
					"socket":	6,
					"start":	0,
					"end":	10.000038,
					"seconds":	10.000038,
					"bytes":	5135624928,
					"bits_per_second":	4108484330.1595454,
					"sender":	false
				}
			}],
		"sum_sent":	{
			"start":	0,
			"end":	10.000163,
			"seconds":	10.000163,
			"bytes":	5135670624,
			"bits_per_second":	4108469531.1466422,
			"retransmits":	0,
			"sender":	false
		},
		"sum_received":	{
			"start":	0,
			"end":	10.000038,
			"seconds":	10.000038,
			"bytes":	5135624928,
			"bits_per_second":	4108484330.1595454,
			"sender":	false
		},
		"cpu_utilization_percent":	{
			"host_total":	24.182294598575261,
			"host_user":	1.6221998757782976,
			"host_system":	22.560094722796961,
			"remote_total":	12.00110598119832,
			"remote_user":	1.530113988062203,
			"remote_system":	10.471001992966119
		},
		"sender_tcp_congestion":	"cubic",
		"receiver_tcp_congestion":	"cubic"
	}
}
