{
	"start":	{
		"connected":	[{
				"socket":	6,
				"local_host":	"fe80::e63d:1aff:fe72:f1",
				"local_port":	33540,
				"remote_host":	"fe80::e63d:1aff:fe72:f0",
				"remote_port":	5201
			}],
		"version":	"iperf 3.10.1",
		"system_info":	"Linux ryan 5.10.89 #1-NixOS SMP Wed Dec 29 11:26:08 UTC 2021 x86_64",
		"timestamp":	{
			"time":	"Wed, 12 Jan 2022 16:49:33 GMT",
			"timesecs":	1642006173
		},
		"connecting_to":	{
			"host":	"fe80::e63d:1aff:fe72:f0%swissknife1",
			"port":	5201
		},
		"cookie":	"ewujy6h5b7xfc7gbfxym5rqnxj5vnps3idcl",
		"tcp_mss_default":	1428,
		"sock_bufsize":	2048,
		"sndbuf_actual":	4608,
		"rcvbuf_actual":	4096,
		"test_start":	{
			"protocol":	"TCP",
			"num_streams":	1,
			"blksize":	131072,
			"omit":	0,
			"duration":	10,
			"bytes":	0,
			"blocks":	0,
			"reverse":	1,
			"tos":	0
		}
	},
	"intervals":	[{
			"streams":	[{
					"socket":	6,
					"start":	0,
					"end":	1.000015,
					"seconds":	1.0000150203704834,
					"bytes":	26405952,
					"bits_per_second":	211244443.03020313,
					"omitted":	false,
					"sender":	false
				}],
			"sum":	{
				"start":	0,
				"end":	1.000015,
				"seconds":	1.0000150203704834,
				"bytes":	26405952,
				"bits_per_second":	211244443.03020313,
				"omitted":	false,
				"sender":	false
			}
		}, {
			"streams":	[{
					"socket":	6,
					"start":	1.000015,
					"end":	2.000005,
					"seconds":	0.99998998641967773,
					"bytes":	25920576,
					"bits_per_second":	207366684.48295122,
					"omitted":	false,
					"sender":	false
				}],
			"sum":	{
				"start":	1.000015,
				"end":	2.000005,
				"seconds":	0.99998998641967773,
				"bytes":	25920576,
				"bits_per_second":	207366684.48295122,
				"omitted":	false,
				"sender":	false
			}
		}, {
			"streams":	[{
					"socket":	6,
					"start":	2.000005,
					"end":	3.000031,
					"seconds":	1.0000259876251221,
					"bytes":	25901824,
					"bits_per_second":	207209207.12480339,
					"omitted":	false,
					"sender":	false
				}],
			"sum":	{
				"start":	2.000005,
				"end":	3.000031,
				"seconds":	1.0000259876251221,
				"bytes":	25901824,
				"bits_per_second":	207209207.12480339,
				"omitted":	false,
				"sender":	false
			}
		}, {
			"streams":	[{
					"socket":	6,
					"start":	3.000031,
					"end":	4.000049,
					"seconds":	1.0000180006027222,
					"bytes":	24005616,
					"bits_per_second":	192041471.13777187,
					"omitted":	false,
					"sender":	false
				}],
			"sum":	{
				"start":	3.000031,
				"end":	4.000049,
				"seconds":	1.0000180006027222,
				"bytes":	24005616,
				"bits_per_second":	192041471.13777187,
				"omitted":	false,
				"sender":	false
			}
		}, {
			"streams":	[{
					"socket":	6,
					"start":	4.000049,
					"end":	5.000045,
					"seconds":	0.9999960064888,
					"bytes":	23991968,
					"bits_per_second":	191936510.50060436,
					"omitted":	false,
					"sender":	false
				}],
			"sum":	{
				"start":	4.000049,
				"end":	5.000045,
				"seconds":	0.9999960064888,
				"bytes":	23991968,
				"bits_per_second":	191936510.50060436,
				"omitted":	false,
				"sender":	false
			}
		}, {
			"streams":	[{
					"socket":	6,
					"start":	5.000045,
					"end":	6.000048,
					"seconds":	1.0000029802322388,
					"bytes":	23147152,
					"bits_per_second":	185176664.13053569,
					"omitted":	false,
					"sender":	false
				}],
			"sum":	{
				"start":	5.000045,
				"end":	6.000048,
				"seconds":	1.0000029802322388,
				"bytes":	23147152,
				"bits_per_second":	185176664.13053569,
				"omitted":	false,
				"sender":	false
			}
		}, {
			"streams":	[{
					"socket":	6,
					"start":	6.000048,
					"end":	7.000037,
					"seconds":	0.99998897314071655,
					"bytes":	25739104,
					"bits_per_second":	205915102.59686068,
					"omitted":	false,
					"sender":	false
				}],
			"sum":	{
				"start":	6.000048,
				"end":	7.000037,
				"seconds":	0.99998897314071655,
				"bytes":	25739104,
				"bits_per_second":	205915102.59686068,
				"omitted":	false,
				"sender":	false
			}
		}, {
			"streams":	[{
					"socket":	6,
					"start":	7.000037,
					"end":	8.000043,
					"seconds":	1.0000059604644775,
					"bytes":	23447456,
					"bits_per_second":	187578529.94483551,
					"omitted":	false,
					"sender":	false
				}],
			"sum":	{
				"start":	7.000037,
				"end":	8.000043,
				"seconds":	1.0000059604644775,
				"bytes":	23447456,
				"bits_per_second":	187578529.94483551,
				"omitted":	false,
				"sender":	false
			}
		}, {
			"streams":	[{
					"socket":	6,
					"start":	8.000043,
					"end":	9.00005,
					"seconds":	1.0000070333480835,
					"bytes":	25492080,
					"bits_per_second":	203935205.65271217,
					"omitted":	false,
					"sender":	false
				}],
			"sum":	{
				"start":	8.000043,
				"end":	9.00005,
				"seconds":	1.0000070333480835,
				"bytes":	25492080,
				"bits_per_second":	203935205.65271217,
				"omitted":	false,
				"sender":	false
			}
		}, {
			"streams":	[{
					"socket":	6,
					"start":	9.00005,
					"end":	10.000048,
					"seconds":	0.99999797344207764,
					"bytes":	25312016,
					"bits_per_second":	202496538.37096408,
					"omitted":	false,
					"sender":	false
				}],
			"sum":	{
				"start":	9.00005,
				"end":	10.000048,
				"seconds":	0.99999797344207764,
				"bytes":	25312016,
				"bits_per_second":	202496538.37096408,
				"omitted":	false,
				"sender":	false
			}
		}],
	"end":	{
		"streams":	[{
				"sender":	{
					"socket":	6,
					"start":	0,
					"end":	10.000136,
					"seconds":	10.000136,
					"bytes":	249365184,
					"bits_per_second":	199489434.14369565,
					"retransmits":	3,
					"max_snd_cwnd":	0,
					"max_snd_wnd":	0,
					"max_rtt":	0,
					"min_rtt":	0,
					"mean_rtt":	0,
					"sender":	false
				},
				"receiver":	{
					"socket":	6,
					"start":	0,
					"end":	10.000048,
					"seconds":	10.000048,
					"bytes":	249363744,
					"bits_per_second":	199490037.64781931,
					"sender":	false
				}
			}],
		"sum_sent":	{
			"start":	0,
			"end":	10.000136,
			"seconds":	10.000136,
			"bytes":	249365184,
			"bits_per_second":	199489434.14369565,
			"retransmits":	3,
			"sender":	false
		},
		"sum_received":	{
			"start":	0,
			"end":	10.000048,
			"seconds":	10.000048,
			"bytes":	249363744,
			"bits_per_second":	199490037.64781931,
			"sender":	false
		},
		"cpu_utilization_percent":	{
			"host_total":	11.402306775139712,
			"host_user":	0.985307270422726,
			"host_system":	10.416999504716985,
			"remote_total":	12.962035939089663,
			"remote_user":	1.378030431967866,
			"remote_system":	11.583995507263797
		},
		"sender_tcp_congestion":	"cubic",
		"receiver_tcp_congestion":	"cubic"
	}
}
