{
	"start":	{
		"connected":	[{
				"socket":	6,
				"local_host":	"fe80::e63d:1aff:fe72:f1",
				"local_port":	44828,
				"remote_host":	"fe80::e63d:1aff:fe72:f0",
				"remote_port":	5201
			}],
		"version":	"iperf 3.10.1",
		"system_info":	"Linux ryan 5.10.89 #1-NixOS SMP Wed Dec 29 11:26:08 UTC 2021 x86_64",
		"timestamp":	{
			"time":	"Thu, 13 Jan 2022 01:40:56 GMT",
			"timesecs":	1642038056
		},
		"connecting_to":	{
			"host":	"fe80::e63d:1aff:fe72:f0%swissknife1",
			"port":	5201
		},
		"cookie":	"2vlko36mtsqiipymog6lsp2sedaxtr2rdpub",
		"tcp_mss_default":	1428,
		"sock_bufsize":	2048,
		"sndbuf_actual":	4608,
		"rcvbuf_actual":	4096,
		"test_start":	{
			"protocol":	"TCP",
			"num_streams":	1,
			"blksize":	131072,
			"omit":	0,
			"duration":	10,
			"bytes":	0,
			"blocks":	0,
			"reverse":	0,
			"tos":	0
		}
	},
	"intervals":	[{
			"streams":	[{
					"socket":	6,
					"start":	0,
					"end":	1.000032,
					"seconds":	1.0000319480895996,
					"bytes":	23682210,
					"bits_per_second":	189451627.38243359,
					"retransmits":	0,
					"snd_cwnd":	7140,
					"snd_wnd":	1428,
					"rtt":	60,
					"rttvar":	14,
					"pmtu":	1500,
					"omitted":	false,
					"sender":	true
				}],
			"sum":	{
				"start":	0,
				"end":	1.000032,
				"seconds":	1.0000319480895996,
				"bytes":	23682210,
				"bits_per_second":	189451627.38243359,
				"retransmits":	0,
				"omitted":	false,
				"sender":	true
			}
		}, {
			"streams":	[{
					"socket":	6,
					"start":	1.000032,
					"end":	2.000022,
					"seconds":	0.99998998641967773,
					"bytes":	25946544,
					"bits_per_second":	207574430.56323329,
					"retransmits":	0,
					"snd_cwnd":	7140,
					"snd_wnd":	1428,
					"rtt":	54,
					"rttvar":	16,
					"pmtu":	1500,
					"omitted":	false,
					"sender":	true
				}],
			"sum":	{
				"start":	1.000032,
				"end":	2.000022,
				"seconds":	0.99998998641967773,
				"bytes":	25946544,
				"bits_per_second":	207574430.56323329,
				"retransmits":	0,
				"omitted":	false,
				"sender":	true
			}
		}, {
			"streams":	[{
					"socket":	6,
					"start":	2.000022,
					"end":	3.000048,
					"seconds":	1.0000259876251221,
					"bytes":	26730120,
					"bits_per_second":	213835402.92571095,
					"retransmits":	0,
					"snd_cwnd":	7140,
					"snd_wnd":	1428,
					"rtt":	56,
					"rttvar":	19,
					"pmtu":	1500,
					"omitted":	false,
					"sender":	true
				}],
			"sum":	{
				"start":	2.000022,
				"end":	3.000048,
				"seconds":	1.0000259876251221,
				"bytes":	26730120,
				"bits_per_second":	213835402.92571095,
				"retransmits":	0,
				"omitted":	false,
				"sender":	true
			}
		}, {
			"streams":	[{
					"socket":	6,
					"start":	3.000048,
					"end":	4.00003,
					"seconds":	0.99998199939727783,
					"bytes":	26599352,
					"bits_per_second":	212798646.50389552,
					"retransmits":	0,
					"snd_cwnd":	7140,
					"snd_wnd":	1428,
					"rtt":	56,
					"rttvar":	15,
					"pmtu":	1500,
					"omitted":	false,
					"sender":	true
				}],
			"sum":	{
				"start":	3.000048,
				"end":	4.00003,
				"seconds":	0.99998199939727783,
				"bytes":	26599352,
				"bits_per_second":	212798646.50389552,
				"retransmits":	0,
				"omitted":	false,
				"sender":	true
			}
		}, {
			"streams":	[{
					"socket":	6,
					"start":	4.00003,
					"end":	5.000056,
					"seconds":	1.0000259876251221,
					"bytes":	26702988,
					"bits_per_second":	213618352.56633431,
					"retransmits":	0,
					"snd_cwnd":	7140,
					"snd_wnd":	1428,
					"rtt":	54,
					"rttvar":	17,
					"pmtu":	1500,
					"omitted":	false,
					"sender":	true
				}],
			"sum":	{
				"start":	4.00003,
				"end":	5.000056,
				"seconds":	1.0000259876251221,
				"bytes":	26702988,
				"bits_per_second":	213618352.56633431,
				"retransmits":	0,
				"omitted":	false,
				"sender":	true
			}
		}, {
			"streams":	[{
					"socket":	6,
					"start":	5.000056,
					"end":	6.00004,
					"seconds":	0.9999840259552002,
					"bytes":	26674428,
					"bits_per_second":	213398832.84251606,
					"retransmits":	0,
					"snd_cwnd":	7140,
					"snd_wnd":	1428,
					"rtt":	54,
					"rttvar":	17,
					"pmtu":	1500,
					"omitted":	false,
					"sender":	true
				}],
			"sum":	{
				"start":	5.000056,
				"end":	6.00004,
				"seconds":	0.9999840259552002,
				"bytes":	26674428,
				"bits_per_second":	213398832.84251606,
				"retransmits":	0,
				"omitted":	false,
				"sender":	true
			}
		}, {
			"streams":	[{
					"socket":	6,
					"start":	6.00004,
					"end":	7.000029,
					"seconds":	0.99998897314071655,
					"bytes":	26670858,
					"bits_per_second":	213369216.792329,
					"retransmits":	0,
					"snd_cwnd":	7140,
					"snd_wnd":	1428,
					"rtt":	55,
					"rttvar":	17,
					"pmtu":	1500,
					"omitted":	false,
					"sender":	true
				}],
			"sum":	{
				"start":	6.00004,
				"end":	7.000029,
				"seconds":	0.99998897314071655,
				"bytes":	26670858,
				"bits_per_second":	213369216.792329,
				"retransmits":	0,
				"omitted":	false,
				"sender":	true
			}
		}, {
			"streams":	[{
					"socket":	6,
					"start":	7.000029,
					"end":	8.000017,
					"seconds":	0.9999880194664,
					"bytes":	26725426,
					"bits_per_second":	213805969.50960156,
					"retransmits":	0,
					"snd_cwnd":	7140,
					"snd_wnd":	1428,
					"rtt":	61,
					"rttvar":	22,
					"pmtu":	1500,
					"omitted":	false,
					"sender":	true
				}],
			"sum":	{
				"start":	7.000029,
				"end":	8.000017,
				"seconds":	0.9999880194664,
				"bytes":	26725426,
				"bits_per_second":	213805969.50960156,
				"retransmits":	0,
				"omitted":	false,
				"sender":	true
			}
		}, {
			"streams":	[{
					"socket":	6,
					"start":	8.000017,
					"end":	9.000044,
					"seconds":	1.0000269412994385,
					"bytes":	26726550,
					"bits_per_second":	213806639.771296,
					"retransmits":	0,
					"snd_cwnd":	7140,
					"snd_wnd":	1428,
					"rtt":	74,
					"rttvar":	41,
					"pmtu":	1500,
					"omitted":	false,
					"sender":	true
				}],
			"sum":	{
				"start":	8.000017,
				"end":	9.000044,
				"seconds":	1.0000269412994385,
				"bytes":	26726550,
				"bits_per_second":	213806639.771296,
				"retransmits":	0,
				"omitted":	false,
				"sender":	true
			}
		}, {
			"streams":	[{
					"socket":	6,
					"start":	9.000044,
					"end":	10.000063,
					"seconds":	1.0000189542770386,
					"bytes":	26740116,
					"bits_per_second":	213916873.36031911,
					"retransmits":	0,
					"snd_cwnd":	7140,
					"snd_wnd":	1428,
					"rtt":	69,
					"rttvar":	31,
					"pmtu":	1500,
					"omitted":	false,
					"sender":	true
				}],
			"sum":	{
				"start":	9.000044,
				"end":	10.000063,
				"seconds":	1.0000189542770386,
				"bytes":	26740116,
				"bits_per_second":	213916873.36031911,
				"retransmits":	0,
				"omitted":	false,
				"sender":	true
			}
		}],
	"end":	{
		"streams":	[{
				"sender":	{
					"socket":	6,
					"start":	0,
					"end":	10.000063,
					"seconds":	10.000063,
					"bytes":	263198592,
					"bits_per_second":	210557547.08745334,
					"retransmits":	0,
					"max_snd_cwnd":	7140,
					"max_snd_wnd":	1428,
					"max_rtt":	74,
					"min_rtt":	54,
					"mean_rtt":	59,
					"sender":	true
				},
				"receiver":	{
					"socket":	6,
					"start":	0,
					"end":	10.00015,
					"seconds":	10.000063,
					"bytes":	263198592,
					"bits_per_second":	210555715.26427105,
					"sender":	true
				}
			}],
		"sum_sent":	{
			"start":	0,
			"end":	10.000063,
			"seconds":	10.000063,
			"bytes":	263198592,
			"bits_per_second":	210557547.08745334,
			"retransmits":	0,
			"sender":	true
		},
		"sum_received":	{
			"start":	0,
			"end":	10.00015,
			"seconds":	10.00015,
			"bytes":	263198592,
			"bits_per_second":	210555715.26427105,
			"sender":	true
		},
		"cpu_utilization_percent":	{
			"host_total":	11.767122975414035,
			"host_user":	1.2119222274254742,
			"host_system":	10.555190750280035,
			"remote_total":	10.67292030056722,
			"remote_user":	0.79910729419402238,
			"remote_system":	9.8738030065321958
		},
		"sender_tcp_congestion":	"cubic",
		"receiver_tcp_congestion":	"cubic"
	}
}
