{
	"start":	{
		"connected":	[{
				"socket":	6,
				"local_host":	"fe80::e63d:1aff:fe72:f1",
				"local_port":	32862,
				"remote_host":	"fe80::e63d:1aff:fe72:f0",
				"remote_port":	5201
			}],
		"version":	"iperf 3.10.1",
		"system_info":	"Linux ryan 5.10.89 #1-NixOS SMP Wed Dec 29 11:26:08 UTC 2021 x86_64",
		"timestamp":	{
			"time":	"Thu, 13 Jan 2022 15:37:14 GMT",
			"timesecs":	1642088234
		},
		"connecting_to":	{
			"host":	"fe80::e63d:1aff:fe72:f0%swissknife1",
			"port":	5201
		},
		"cookie":	"iuys6rut6ddh5looyos7yxq3mhmktz3culls",
		"tcp_mss_default":	1428,
		"sock_bufsize":	524288,
		"sndbuf_actual":	1048576,
		"rcvbuf_actual":	1048576,
		"test_start":	{
			"protocol":	"TCP",
			"num_streams":	1,
			"blksize":	131072,
			"omit":	0,
			"duration":	10,
			"bytes":	0,
			"blocks":	0,
			"reverse":	0,
			"tos":	0
		}
	},
	"intervals":	[{
			"streams":	[{
					"socket":	6,
					"start":	0,
					"end":	1.000057,
					"seconds":	1.0000569820404053,
					"bytes":	1159593512,
					"bits_per_second":	9276219518.08461,
					"retransmits":	0,
					"snd_cwnd":	522648,
					"snd_wnd":	511616,
					"rtt":	402,
					"rttvar":	25,
					"pmtu":	1500,
					"omitted":	false,
					"sender":	true
				}],
			"sum":	{
				"start":	0,
				"end":	1.000057,
				"seconds":	1.0000569820404053,
				"bytes":	1159593512,
				"bits_per_second":	9276219518.08461,
				"retransmits":	0,
				"omitted":	false,
				"sender":	true
			}
		}, {
			"streams":	[{
					"socket":	6,
					"start":	1.000057,
					"end":	2.000082,
					"seconds":	1.0000250339508057,
					"bytes":	1159278288,
					"bits_per_second":	9273994139.2869453,
					"retransmits":	0,
					"snd_cwnd":	522648,
					"snd_wnd":	515712,
					"rtt":	434,
					"rttvar":	8,
					"pmtu":	1500,
					"omitted":	false,
					"sender":	true
				}],
			"sum":	{
				"start":	1.000057,
				"end":	2.000082,
				"seconds":	1.0000250339508057,
				"bytes":	1159278288,
				"bits_per_second":	9273994139.2869453,
				"retransmits":	0,
				"omitted":	false,
				"sender":	true
			}
		}, {
			"streams":	[{
					"socket":	6,
					"start":	2.000082,
					"end":	3.000059,
					"seconds":	0.9999769926071167,
					"bytes":	1158399516,
					"bits_per_second":	9267409346.9278545,
					"retransmits":	0,
					"snd_cwnd":	522648,
					"snd_wnd":	515712,
					"rtt":	434,
					"rttvar":	8,
					"pmtu":	1500,
					"omitted":	false,
					"sender":	true
				}],
			"sum":	{
				"start":	2.000082,
				"end":	3.000059,
				"seconds":	0.9999769926071167,
				"bytes":	1158399516,
				"bits_per_second":	9267409346.9278545,
				"retransmits":	0,
				"omitted":	false,
				"sender":	true
			}
		}, {
			"streams":	[{
					"socket":	6,
					"start":	3.000059,
					"end":	4.000056,
					"seconds":	0.99999701976776123,
					"bytes":	1159169420,
					"bits_per_second":	9273382996.83497,
					"retransmits":	0,
					"snd_cwnd":	522648,
					"snd_wnd":	498576,
					"rtt":	440,
					"rttvar":	18,
					"pmtu":	1500,
					"omitted":	false,
					"sender":	true
				}],
			"sum":	{
				"start":	3.000059,
				"end":	4.000056,
				"seconds":	0.99999701976776123,
				"bytes":	1159169420,
				"bits_per_second":	9273382996.83497,
				"retransmits":	0,
				"omitted":	false,
				"sender":	true
			}
		}, {
			"streams":	[{
					"socket":	6,
					"start":	4.000056,
					"end":	5.00006,
					"seconds":	1.0000040531158447,
					"bytes":	1157315364,
					"bits_per_second":	9258485386.28618,
					"retransmits":	0,
					"snd_cwnd":	522648,
					"snd_wnd":	511616,
					"rtt":	432,
					"rttvar":	9,
					"pmtu":	1500,
					"omitted":	false,
					"sender":	true
				}],
			"sum":	{
				"start":	4.000056,
				"end":	5.00006,
				"seconds":	1.0000040531158447,
				"bytes":	1157315364,
				"bits_per_second":	9258485386.28618,
				"retransmits":	0,
				"omitted":	false,
				"sender":	true
			}
		}, {
			"streams":	[{
					"socket":	6,
					"start":	5.00006,
					"end":	6.000016,
					"seconds":	0.99995601177215576,
					"bytes":	1158607800,
					"bits_per_second":	9269270138.7668133,
					"retransmits":	0,
					"snd_cwnd":	522648,
					"snd_wnd":	515712,
					"rtt":	432,
					"rttvar":	10,
					"pmtu":	1500,
					"omitted":	false,
					"sender":	true
				}],
			"sum":	{
				"start":	5.00006,
				"end":	6.000016,
				"seconds":	0.99995601177215576,
				"bytes":	1158607800,
				"bits_per_second":	9269270138.7668133,
				"retransmits":	0,
				"omitted":	false,
				"sender":	true
			}
		}, {
			"streams":	[{
					"socket":	6,
					"start":	6.000016,
					"end":	7.000048,
					"seconds":	1.0000319480895996,
					"bytes":	1159179716,
					"bits_per_second":	9273141468.8454838,
					"retransmits":	0,
					"snd_cwnd":	522648,
					"snd_wnd":	515712,
					"rtt":	429,
					"rttvar":	16,
					"pmtu":	1500,
					"omitted":	false,
					"sender":	true
				}],
			"sum":	{
				"start":	6.000016,
				"end":	7.000048,
				"seconds":	1.0000319480895996,
				"bytes":	1159179716,
				"bits_per_second":	9273141468.8454838,
				"retransmits":	0,
				"omitted":	false,
				"sender":	true
			}
		}, {
			"streams":	[{
					"socket":	6,
					"start":	7.000048,
					"end":	8.000042,
					"seconds":	0.99999397993087769,
					"bytes":	1159701852,
					"bits_per_second":	9277670668.21872,
					"retransmits":	0,
					"snd_cwnd":	522648,
					"snd_wnd":	515712,
					"rtt":	434,
					"rttvar":	10,
					"pmtu":	1500,
					"omitted":	false,
					"sender":	true
				}],
			"sum":	{
				"start":	7.000048,
				"end":	8.000042,
				"seconds":	0.99999397993087769,
				"bytes":	1159701852,
				"bits_per_second":	9277670668.21872,
				"retransmits":	0,
				"omitted":	false,
				"sender":	true
			}
		}, {
			"streams":	[{
					"socket":	6,
					"start":	8.000042,
					"end":	9.000005,
					"seconds":	0.99996298551559448,
					"bytes":	1158929100,
					"bits_per_second":	9271775990.0077934,
					"retransmits":	0,
					"snd_cwnd":	522648,
					"snd_wnd":	515712,
					"rtt":	435,
					"rttvar":	10,
					"pmtu":	1500,
					"omitted":	false,
					"sender":	true
				}],
			"sum":	{
				"start":	8.000042,
				"end":	9.000005,
				"seconds":	0.99996298551559448,
				"bytes":	1158929100,
				"bits_per_second":	9271775990.0077934,
				"retransmits":	0,
				"omitted":	false,
				"sender":	true
			}
		}, {
			"streams":	[{
					"socket":	6,
					"start":	9.000005,
					"end":	10.000062,
					"seconds":	1.0000569820404053,
					"bytes":	1158350760,
					"bits_per_second":	9266278068.56869,
					"retransmits":	0,
					"snd_cwnd":	522648,
					"snd_wnd":	515712,
					"rtt":	435,
					"rttvar":	9,
					"pmtu":	1500,
					"omitted":	false,
					"sender":	true
				}],
			"sum":	{
				"start":	9.000005,
				"end":	10.000062,
				"seconds":	1.0000569820404053,
				"bytes":	1158350760,
				"bits_per_second":	9266278068.56869,
				"retransmits":	0,
				"omitted":	false,
				"sender":	true
			}
		}],
	"end":	{
		"streams":	[{
				"sender":	{
					"socket":	6,
					"start":	0,
					"end":	10.000062,
					"seconds":	10.000062,
					"bytes":	11588525328,
					"bits_per_second":	9270762783.67074,
					"retransmits":	0,
					"max_snd_cwnd":	522648,
					"max_snd_wnd":	515712,
					"max_rtt":	440,
					"min_rtt":	402,
					"mean_rtt":	430,
					"sender":	true
				},
				"receiver":	{
					"socket":	6,
					"start":	0,
					"end":	10.000169,
					"seconds":	10.000062,
					"bytes":	11587801332,
					"bits_per_second":	9270084401.17362,
					"sender":	true
				}
			}],
		"sum_sent":	{
			"start":	0,
			"end":	10.000062,
			"seconds":	10.000062,
			"bytes":	11588525328,
			"bits_per_second":	9270762783.67074,
			"retransmits":	0,
			"sender":	true
		},
		"sum_received":	{
			"start":	0,
			"end":	10.000169,
			"seconds":	10.000169,
			"bytes":	11587801332,
			"bits_per_second":	9270084401.17362,
			"sender":	true
		},
		"cpu_utilization_percent":	{
			"host_total":	13.004422658858195,
			"host_user":	0.69308251204143767,
			"host_system":	12.311340146816757,
			"remote_total":	51.3673405246046,
			"remote_user":	1.6567703438108459,