{
	"start":	{
		"connected":	[{
				"socket":	6,
				"local_host":	"fe80::e63d:1aff:fe72:f1",
				"local_port":	44886,
				"remote_host":	"fe80::e63d:1aff:fe72:f0",
				"remote_port":	5201
			}],
		"version":	"iperf 3.10.1",
		"system_info":	"Linux ryan 5.10.89 #1-NixOS SMP Wed Dec 29 11:26:08 UTC 2021 x86_64",
		"timestamp":	{
			"time":	"Thu, 13 Jan 2022 01:43:27 GMT",
			"timesecs":	1642038207
		},
		"connecting_to":	{
			"host":	"fe80::e63d:1aff:fe72:f0%swissknife1",
			"port":	5201
		},
		"cookie":	"nxlpqpso3jgfcyhpmh34pmatokdbxmbs2vlp",
		"tcp_mss_default":	1428,
		"sock_bufsize":	2048,
		"sndbuf_actual":	4608,
		"rcvbuf_actual":	4096,
		"test_start":	{
			"protocol":	"TCP",
			"num_streams":	1,
			"blksize":	131072,
			"omit":	0,
			"duration":	10,
			"bytes":	0,
			"blocks":	0,
			"reverse":	1,
			"tos":	0
		}
	},
	"intervals":	[{
			"streams":	[{
					"socket":	6,
					"start":	0,
					"end":	1.000054,
					"seconds":	1.0000540018081665,
					"bytes":	27708032,
					"bits_per_second":	221652286.37575147,
					"omitted":	false,
					"sender":	false
				}],
			"sum":	{
				"start":	0,
				"end":	1.000054,
				"seconds":	1.0000540018081665,
				"bytes":	27708032,
				"bits_per_second":	221652286.37575147,
				"omitted":	false,
				"sender":	false
			}
		}, {
			"streams":	[{
					"socket":	6,
					"start":	1.000054,
					"end":	2.000028,
					"seconds":	0.999974012374878,
					"bytes":	26304432,
					"bits_per_second":	210440924.85986561,
					"omitted":	false,
					"sender":	false
				}],
			"sum":	{
				"start":	1.000054,
				"end":	2.000028,
				"seconds":	0.999974012374878,
				"bytes":	26304432,
				"bits_per_second":	210440924.85986561,
				"omitted":	false,
				"sender":	false
			}
		}, {
			"streams":	[{
					"socket":	6,
					"start":	2.000028,
					"end":	3.000067,
					"seconds":	1.0000389814376831,
					"bytes":	26802768,
					"bits_per_second":	214413785.84236878,
					"omitted":	false,
					"sender":	false
				}],
			"sum":	{
				"start":	2.000028,
				"end":	3.000067,
				"seconds":	1.0000389814376831,
				"bytes":	26802768,
				"bits_per_second":	214413785.84236878,
				"omitted":	false,
				"sender":	false
			}
		}, {
			"streams":	[{
					"socket":	6,
					"start":	3.000067,
					"end":	4.000028,
					"seconds":	0.999961018562317,
					"bytes":	26374272,
					"bits_per_second":	211002401.17695245,
					"omitted":	false,
					"sender":	false
				}],
			"sum":	{
				"start":	3.000067,
				"end":	4.000028,
				"seconds":	0.999961018562317,
				"bytes":	26374272,
				"bits_per_second":	211002401.17695245,
				"omitted":	false,
				"sender":	false
			}
		}, {
			"streams":	[{
					"socket":	6,
					"start":	4.000028,
					"end":	5.000011,
					"seconds":	0.999983012676239,
					"bytes":	26331072,
					"bits_per_second":	210652154.416348,
					"omitted":	false,
					"sender":	false
				}],
			"sum":	{
				"start":	4.000028,
				"end":	5.000011,
				"seconds":	0.999983012676239,
				"bytes":	26331072,
				"bits_per_second":	210652154.416348,
				"omitted":	false,
				"sender":	false
			}
		}, {
			"streams":	[{
					"socket":	6,
					"start":	5.000011,
					"end":	6.000033,
					"seconds":	1.0000220537185669,
					"bytes":	26833760,
					"bits_per_second":	214665345.830877,
					"omitted":	false,
					"sender":	false
				}],
			"sum":	{
				"start":	5.000011,
				"end":	6.000033,
				"seconds":	1.0000220537185669,
				"bytes":	26833760,
				"bits_per_second":	214665345.830877,
				"omitted":	false,
				"sender":	false
			}
		}, {
			"streams":	[{
					"socket":	6,
					"start":	6.000033,
					"end":	7.000014,
					"seconds":	0.99998098611831665,
					"bytes":	26930960,
					"bits_per_second":	215451776.57458827,
					"omitted":	false,
					"sender":	false
				}],
			"sum":	{
				"start":	6.000033,
				"end":	7.000014,
				"seconds":	0.99998098611831665,
				"bytes":	26930960,
				"bits_per_second":	215451776.57458827,
				"omitted":	false,
				"sender":	false
			}
		}, {
			"streams":	[{
					"socket":	6,
					"start":	7.000014,
					"end":	8.000044,
					"seconds":	1.0000300407409668,
					"bytes":	26861120,
					"bits_per_second":	214882504.77033591,
					"omitted":	false,
					"sender":	false
				}],
			"sum":	{
				"start":	7.000014,
				"end":	8.000044,
				"seconds":	1.0000300407409668,
				"bytes":	26861120,
				"bits_per_second":	214882504.77033591,
				"omitted":	false,
				"sender":	false
			}
		}, {
			"streams":	[{
					"socket":	6,
					"start":	8.000044,
					"end":	9.000037,
					"seconds":	0.99999302625656128,
					"bytes":	23924976,
					"bits_per_second":	191401142.78246364,
					"omitted":	false,
					"sender":	false
				}],
			"sum":	{
				"start":	8.000044,
				"end":	9.000037,
				"seconds":	0.99999302625656128,
				"bytes":	23924976,
				"bits_per_second":	191401142.78246364,
				"omitted":	false,
				"sender":	false
			}
		}, {
			"streams":	[{
					"socket":	6,
					"start":	9.000037,
					"end":	10.000029,
					"seconds":	0.9999920129776,
					"bytes":	26292160,
					"bits_per_second":	210338959.98198494,
					"omitted":	false,
					"sender":	false
				}],
			"sum":	{
				"start":	9.000037,
				"end":	10.000029,
				"seconds":	0.9999920129776,
				"bytes":	26292160,
				"bits_per_second":	210338959.98198494,
				"omitted":	false,
				"sender":	false
			}
		}],
	"end":	{
		"streams":	[{
				"sender":	{
					"socket":	6,
					"start":	0,
					"end":	10.000127,
					"seconds":	10.000127,
					"bytes":	264364992,
					"bits_per_second":	211489307.68579239,
					"retransmits":	0,
					"max_snd_cwnd":	0,
					"max_snd_wnd":	0,
					"max_rtt":	0,
					"min_rtt":	0,
					"mean_rtt":	0,
					"sender":	false
				},
				"receiver":	{
					"socket":	6,
					"start":	0,
					"end":	10.000029,
					"seconds":	10.000029,
					"bytes":	264363552,
					"bits_per_second":	211490228.278338,
					"sender":	false
				}
			}],
		"sum_sent":	{
			"start":	0,
			"end":	10.000127,
			"seconds":	10.000127,
			"bytes":	264364992,
			"bits_per_second":	211489307.68579239,
			"retransmits":	0,
			"sender":	false
		},
		"sum_received":	{
			"start":	0,
			"end":	10.000029,
			"seconds":	10.000029,
			"bytes":	264363552,
			"bits_per_second":	211490228.278338,
			"sender":	false
		},
		"cpu_utilization_percent":	{
			"host_total":	11.026413619956442,
			"host_user":	1.2801601717371187,
			"host_system":	9.74624345048281,
			"remote_total":	12.477822797174518,
			"remote_user":	1.2021338914058552,
			"remote_system":	11.275688905768662
		},
		"sender_tcp_congestion":	"cubic",
		"receiver_tcp_congestion":	"cubic"
	}
}
