{
	"start":	{
		"connected":	[{
				"socket":	6,
				"local_host":	"fe80::e63d:1aff:fe72:f1",
				"local_port":	45006,
				"remote_host":	"fe80::e63d:1aff:fe72:f0",
				"remote_port":	5201
			}],
		"version":	"iperf 3.10.1",
		"system_info":	"Linux ryan 5.10.89 #1-NixOS SMP Wed Dec 29 11:26:08 UTC 2021 x86_64",
		"timestamp":	{
			"time":	"Wed, 12 Jan 2022 16:49:03 GMT",
			"timesecs":	1642006143
		},
		"connecting_to":	{
			"host":	"fe80::e63d:1aff:fe72:f0%swissknife1",
			"port":	5201
		},
		"cookie":	"ykefsmqv42nvmsvjeaqy6eluxyl5ma6cdrx7",
		"sock_bufsize":	0,
		"sndbuf_actual":	212992,
		"rcvbuf_actual":	212992,
		"test_start":	{
			"protocol":	"UDP",
			"num_streams":	1,
			"blksize":	1428,
			"omit":	0,
			"duration":	10,
			"bytes":	0,
			"blocks":	0,
			"reverse":	0,
			"tos":	0
		}
	},
	"intervals":	[{
			"streams":	[{
					"socket":	6,
					"start":	0,
					"end":	1.000055,
					"seconds":	1.0000549554824829,
					"bytes":	249862872,
					"bits_per_second":	1998793131.3590827,
					"packets":	174974,
					"omitted":	false,
					"sender":	true
				}],
			"sum":	{
				"start":	0,
				"end":	1.000055,
				"seconds":	1.0000549554824829,
				"bytes":	249862872,
				"bits_per_second":	1998793131.3590827,
				"packets":	174974,
				"omitted":	false,
				"sender":	true
			}
		}, {
			"streams":	[{
					"socket":	6,
					"start":	1.000055,
					"end":	2.000055,
					"seconds":	1,
					"bytes":	249999960,
					"bits_per_second":	1999999680,
					"packets":	175070,
					"omitted":	false,
					"sender":	true
				}],
			"sum":	{
				"start":	1.000055,
				"end":	2.000055,
				"seconds":	1,
				"bytes":	249999960,
				"bits_per_second":	1999999680,
				"packets":	175070,
				"omitted":	false,
				"sender":	true
			}
		}, {
			"streams":	[{
					"socket":	6,
					"start":	2.000055,
					"end":	3.000055,
					"seconds":	1,
					"bytes":	249999960,
					"bits_per_second":	1999999680,
					"packets":	175070,
					"omitted":	false,
					"sender":	true
				}],
			"sum":	{
				"start":	2.000055,
				"end":	3.000055,
				"seconds":	1,
				"bytes":	249999960,
				"bits_per_second":	1999999680,
				"packets":	175070,
				"omitted":	false,
				"sender":	true
			}
		}, {
			"streams":	[{
					"socket":	6,
					"start":	3.000055,
					"end":	4.000054,
					"seconds":	0.99999898672103882,
					"bytes":	250001388,
					"bits_per_second":	2000013130.5712273,
					"packets":	175071,
					"omitted":	false,
					"sender":	true
				}],
			"sum":	{
				"start":	3.000055,
				"end":	4.000054,
				"seconds":	0.99999898672103882,
				"bytes":	250001388,
				"bits_per_second":	2000013130.5712273,
				"packets":	175071,
				"omitted":	false,
				"sender":	true
			}
		}, {
			"streams":	[{
					"socket":	6,
					"start":	4.000054,
					"end":	5.000055,
					"seconds":	1.0000009536743164,
					"bytes":	249995676,
					"bits_per_second":	1999963500.6861756,
					"packets":	175067,
					"omitted":	false,
					"sender":	true
				}],
			"sum":	{
				"start":	4.000054,
				"end":	5.000055,
				"seconds":	1.0000009536743164,
				"bytes":	249995676,
				"bits_per_second":	1999963500.6861756,
				"packets":	175067,
				"omitted":	false,
				"sender":	true
			}
		}, {
			"streams":	[{
					"socket":	6,
					"start":	5.000055,
					"end":	6.000002,
					"seconds":	0.99994701147079468,
					"bytes":	249345936,
					"bits_per_second":	1994873193.3964691,
					"packets":	174612,
					"omitted":	false,
					"sender":	true
				}],
			"sum":	{
				"start":	5.000055,
				"end":	6.000002,
				"seconds":	0.99994701147079468,
				"bytes":	249345936,
				"bits_per_second":	1994873193.3964691,
				"packets":	174612,
				"omitted":	false,
				"sender":	true
			}
		}, {
			"streams":	[{
					"socket":	6,
					"start":	6.000002,
					"end":	7.000055,
					"seconds":	1.00005304813385,
					"bytes":	250658268,
					"bits_per_second":	2005159774.0159171,
					"packets":	175531,
					"omitted":	false,
					"sender":	true
				}],
			"sum":	{
				"start":	6.000002,
				"end":	7.000055,
				"seconds":	1.00005304813385,
				"bytes":	250658268,
				"bits_per_second":	2005159774.0159171,
				"packets":	175531,
				"omitted":	false,
				"sender":	true
			}
		}, {
			"streams":	[{
					"socket":	6,
					"start":	7.000055,
					"end":	8.000056,
					"seconds":	1.0000009536743164,
					"bytes":	249928560,
					"bits_per_second":	1999426573.1982296,
					"packets":	175020,
					"omitted":	false,
					"sender":	true
				}],
			"sum":	{
				"start":	7.000055,
				"end":	8.000056,
				"seconds":	1.0000009536743164,
				"bytes":	249928560,
				"bits_per_second":	1999426573.1982296,
				"packets":	175020,
				"omitted":	false,
				"sender":	true
			}
		}, {
			"streams":	[{
					"socket":	6,
					"start":	8.000056,
					"end":	9.000008,
					"seconds":	0.99995201826095581,
					"bytes":	250061364,
					"bits_per_second":	2000586903.6387455,
					"packets":	175113,
					"omitted":	false,
					"sender":	true
				}],
			"sum":	{
				"start":	8.000056,
				"end":	9.000008,
				"seconds":	0.99995201826095581,
				"bytes":	250061364,
				"bits_per_second":	2000586903.6387455,
				"packets":	175113,
				"omitted":	false,
				"sender":	true
			}
		}, {
			"streams":	[{
					"socket":	6,
					"start":	9.000008,
					"end":	10.000059,
					"seconds":	1.0000510215759277,
					"bytes":	250015668,
					"bits_per_second":	2000023299.6593592,
					"packets":	175081,
					"omitted":	false,
					"sender":	true
				}],
			"sum":	{
				"start":	9.000008,
				"end":	10.000059,
				"seconds":	1.0000510215759277,
				"bytes":	250015668,
				"bits_per_second":	2000023299.6593592,
				"packets":	175081,
				"omitted":	false,
				"sender":	true
			}
		}],
	"end":	{
		"streams":	[{
				"udp":	{
					"socket":	6,
					"start":	0,
					"end":	10.000059,
					"seconds":	10.000059,
					"bytes":	2499869652,
					"bits_per_second":	1999883922.2848585,
					"jitter_ms":	0.0014617042262823697,
					"lost_packets":	372529,
					"packets":	1750609,
					"lost_percent":	21.279966000403288,
					"out_of_order":	0,
					"sender":	true
				}
			}],
		"sum":	{
			"start":	0,
			"end":	10.000126,
			"seconds":	10.000126,
			"bytes":	2499869652,
			"bits_per_second":	1999883922.2848585,
			"jitter_ms":	0.0014617042262823697,
			"lost_packets":	372529,
			"packets":	1750609,
			"lost_percent":	21.279966000403288,
			"sender":	true
		},
		"cpu_utilization_percent":	{
			"host_total":	46.366908435131236,
			"host_user":	4.3144646604233836,
			"host_system":	42.052453774092889,
			"remote_total":	32.1592190664645,
			"remote_user":	2.0223029011411247,
			"remote_system":	30.136916165323385
		}
	}
}
