{
	"start":	{
		"connected":	[{
				"socket":	6,
				"local_host":	"fe80::e63d:1aff:fe72:f1",
				"local_port":	44924,
				"remote_host":	"fe80::e63d:1aff:fe72:f0",
				"remote_port":	5201
			}],
		"version":	"iperf 3.10.1",
		"system_info":	"Linux ryan 5.10.89 #1-NixOS SMP Wed Dec 29 11:26:08 UTC 2021 x86_64",
		"timestamp":	{
			"time":	"Thu, 13 Jan 2022 01:44:57 GMT",
			"timesecs":	1642038297
		},
		"connecting_to":	{
			"host":	"fe80::e63d:1aff:fe72:f0%swissknife1",
			"port":	5201
		},
		"cookie":	"5a7rom5c266q5yghbd274u3d6fd3yoraaoxg",
		"tcp_mss_default":	1428,
		"sock_bufsize":	4096,
		"sndbuf_actual":	8192,
		"rcvbuf_actual":	8192,
		"test_start":	{
			"protocol":	"TCP",
			"num_streams":	1,
			"blksize":	131072,
			"omit":	0,
			"duration":	10,
			"bytes":	0,
			"blocks":	0,
			"reverse":	0,
			"tos":	0
		}
	},
	"intervals":	[{
			"streams":	[{
					"socket":	6,
					"start":	0,
					"end":	1.000039,
					"seconds":	1.0000389814376831,
					"bytes":	52833144,
					"bits_per_second":	422648676.54695332,
					"retransmits":	0,
					"snd_cwnd":	14280,
					"snd_wnd":	2856,
					"rtt":	52,
					"rttvar":	0,
					"pmtu":	1500,
					"omitted":	false,
					"sender":	true
				}],
			"sum":	{
				"start":	0,
				"end":	1.000039,
				"seconds":	1.0000389814376831,
				"bytes":	52833144,
				"bits_per_second":	422648676.54695332,
				"retransmits":	0,
				"omitted":	false,
				"sender":	true
			}
		}, {
			"streams":	[{
					"socket":	6,
					"start":	1.000039,
					"end":	2.000028,
					"seconds":	0.99998897314071655,
					"bytes":	53455752,
					"bits_per_second":	427650731.64444029,
					"retransmits":	0,
					"snd_cwnd":	14280,
					"snd_wnd":	2856,
					"rtt":	51,
					"rttvar":	0,
					"pmtu":	1500,
					"omitted":	false,
					"sender":	true
				}],
			"sum":	{
				"start":	1.000039,
				"end":	2.000028,
				"seconds":	0.99998897314071655,
				"bytes":	53455752,
				"bits_per_second":	427650731.64444029,
				"retransmits":	0,
				"omitted":	false,
				"sender":	true
			}
		}, {
			"streams":	[{
					"socket":	6,
					"start":	2.000028,
					"end":	3.000012,
					"seconds":	0.9999840259552002,
					"bytes":	55626312,
					"bits_per_second":	445017604.73115468,
					"retransmits":	0,
					"snd_cwnd":	14280,
					"snd_wnd":	2856,
					"rtt":	51,
					"rttvar":	2,
					"pmtu":	1500,
					"omitted":	false,
					"sender":	true
				}],
			"sum":	{
				"start":	2.000028,
				"end":	3.000012,
				"seconds":	0.9999840259552002,
				"bytes":	55626312,
				"bits_per_second":	445017604.73115468,
				"retransmits":	0,
				"omitted":	false,
				"sender":	true
			}
		}, {
			"streams":	[{
					"socket":	6,
					"start":	3.000012,
					"end":	4.000016,
					"seconds":	1.0000040531158447,
					"bytes":	32061456,
					"bits_per_second":	256490608.413851,
					"retransmits":	4,
					"snd_cwnd":	14280,
					"snd_wnd":	2856,
					"rtt":	53,
					"rttvar":	0,
					"pmtu":	1500,
					"omitted":	false,
					"sender":	true
				}],
			"sum":	{
				"start":	3.000012,
				"end":	4.000016,
				"seconds":	1.0000040531158447,
				"bytes":	32061456,
				"bits_per_second":	256490608.413851,
				"retransmits":	4,
				"omitted":	false,
				"sender":	true
			}
		}, {
			"streams":	[{
					"socket":	6,
					"start":	4.000016,
					"end":	5.000225,
					"seconds":	1.0002089738845825,
					"bytes":	20537496,
					"bits_per_second":	164265640.77094465,
					"retransmits":	7,
					"snd_cwnd":	4284,
					"snd_wnd":	2856,
					"rtt":	52,
					"rttvar":	1,
					"pmtu":	1500,
					"omitted":	false,
					"sender":	true
				}],
			"sum":	{
				"start":	4.000016,
				"end":	5.000225,
				"seconds":	1.0002089738845825,
				"bytes":	20537496,
				"bits_per_second":	164265640.77094465,
				"retransmits":	7,
				"omitted":	false,
				"sender":	true
			}
		}, {
			"streams":	[{
					"socket":	6,
					"start":	5.000225,
					"end":	6.000003,
					"seconds":	0.99977797269821167,
					"bytes":	41380584,
					"bits_per_second":	331118189.27813846,
					"retransmits":	6,
					"snd_cwnd":	4284,
					"snd_wnd":	2856,
					"rtt":	50,
					"rttvar":	1,
					"pmtu":	1500,
					"omitted":	false,
					"sender":	true
				}],
			"sum":	{
				"start":	5.000225,
				"end":	6.000003,
				"seconds":	0.99977797269821167,
				"bytes":	41380584,
				"bits_per_second":	331118189.27813846,
				"retransmits":	6,
				"omitted":	false,
				"sender":	true
			}
		}, {
			"streams":	[{
					"socket":	6,
					"start":	6.000003,
					"end":	7.000008,
					"seconds":	1.0000050067901611,
					"bytes":	55169352,
					"bits_per_second":	441352606.2401135,
					"retransmits":	0,
					"snd_cwnd":	4284,
					"snd_wnd":	2856,
					"rtt":	51,
					"rttvar":	1,
					"pmtu":	1500,
					"omitted":	false,
					"sender":	true
				}],
			"sum":	{
				"start":	6.000003,
				"end":	7.000008,
				"seconds":	1.0000050067901611,
				"bytes":	55169352,
				"bits_per_second":	441352606.2401135,
				"retransmits":	0,
				"omitted":	false,
				"sender":	true
			}
		}, {
			"streams":	[{
					"socket":	6,
					"start":	7.000008,
					"end":	8.000045,
					"seconds":	1.0000369548797607,
					"bytes":	54415368,
					"bits_per_second":	435306857.28743,
					"retransmits":	0,
					"snd_cwnd":	4284,
					"snd_wnd":	2856,
					"rtt":	51,
					"rttvar":	1,
					"pmtu":	1500,
					"omitted":	false,
					"sender":	true
				}],
			"sum":	{
				"start":	7.000008,
				"end":	8.000045,
				"seconds":	1.0000369548797607,
				"bytes":	54415368,
				"bits_per_second":	435306857.28743,
				"retransmits":	0,
				"omitted":	false,
				"sender":	true
			}
		}, {
			"streams":	[{
					"socket":	6,
					"start":	8.000045,
					"end":	9.00003,
					"seconds":	0.9999849796295166,
					"bytes":	54900888,
					"bits_per_second":	439213701.15251267,
					"retransmits":	0,
					"snd_cwnd":	4284,
					"snd_wnd":	2856,
					"rtt":	50,
					"rttvar":	1,
					"pmtu":	1500,
					"omitted":	false,
					"sender":	true
				}],
			"sum":	{
				"start":	8.000045,
				"end":	9.00003,
				"seconds":	0.9999849796295166,
				"bytes":	54900888,
				"bits_per_second":	439213701.15251267,
				"retransmits":	0,
				"omitted":	false,
				"sender":	true
			}
		}, {
			"streams":	[{
					"socket":	6,
					"start":	9.00003,
					"end":	10.000015,
					"seconds":	0.9999849796295166,
					"bytes":	55549200,
					"bits_per_second":	444400275.05677426,
					"retransmits":	0,
					"snd_cwnd":	4284,
					"snd_wnd":	2856,
					"rtt":	53,
					"rttvar":	1,
					"pmtu":	1500,
					"omitted":	false,
					"sender":	true
				}],
			"sum":	{
				"start":	9.00003,
				"end":	10.000015,
				"seconds":	0.9999849796295166,
				"bytes":	55549200,
				"bits_per_second":	444400275.05677426,
				"retransmits":	0,
				"omitted":	false,
				"sender":	true
			}
		}],
	"end":	{
		"streams":	[{
				"sender":	{
					"socket":	6,
					"start":	0,
					"end":	10.000015,
					"seconds":	10.000015,
					"bytes":	475929552,
					"bits_per_second":	380743070.4853943,
					"retransmits":	17,
					"max_snd_cwnd":	14280,
					"max_snd_wnd":	2856,
					"max_rtt":	53,
					"min_rtt":	50,
					"mean_rtt":	51,
					"sender":	true
				},
				"receiver":	{
					"socket":	6,
					"start":	0,
					"end":	10.000083,
					"seconds":	10.000015,
					"bytes":	475926696,
					"bits_per_second":	380738196.67296761,
					"sender":	true
				}
			}],
		"sum_sent":	{
			"start":	0,
			"end":	10.000015,
			"seconds":	10.000015,
			"bytes":	475929552,
			"bits_per_second":	380743070.4853943,
			"retransmits":	17,
			"sender":	true
		},
		"sum_received":	{
			"start":	0,
			"end":	10.000083,
			"seconds":	10.000083,
			"bytes":	475926696,
			"bits_per_second":	380738196.67296761,
			"sender":	true
		},
		"cpu_utilization_percent":	{
			"host_total":	10.1203754968491,
			"host_user":	1.359085607707007,
			"host_system":	8.76128988914209,
			"remote_total":	8.2595448381419736,
			"remote_user":	0.97218115315150633,
			"remote_system":	7.2873536850814657
		},
		"sender_tcp_congestion":	"cubic",
		"receiver_tcp_congestion":	"cubic"
	}
}
