{
	"start":	{
		"connected":	[{
				"socket":	6,
				"local_host":	"fe80::e63d:1aff:fe72:f1",
				"local_port":	33486,
				"remote_host":	"fe80::e63d:1aff:fe72:f0",
				"remote_port":	5201
			}],
		"version":	"iperf 3.10.1",
		"system_info":	"Linux ryan 5.10.89 #1-NixOS SMP Wed Dec 29 11:26:08 UTC 2021 x86_64",
		"timestamp":	{
			"time":	"Wed, 12 Jan 2022 16:47:13 GMT",
			"timesecs":	1642006033
		},
		"connecting_to":	{
			"host":	"fe80::e63d:1aff:fe72:f0%swissknife1",
			"port":	5201
		},
		"cookie":	"mysi3mekd6lbdimjiowkwvait47ty3tmhbtb",
		"tcp_mss_default":	1428,
		"sock_bufsize":	4096,
		"sndbuf_actual":	8192,
		"rcvbuf_actual":	8192,
		"test_start":	{
			"protocol":	"TCP",
			"num_streams":	1,
			"blksize":	131072,
			"omit":	0,
			"duration":	10,
			"bytes":	0,
			"blocks":	0,
			"reverse":	0,
			"tos":	0
		}
	},
	"intervals":	[{
			"streams":	[{
					"socket":	6,
					"start":	0,
					"end":	1.000051,
					"seconds":	1.0000510215759277,
					"bytes":	49671552,
					"bits_per_second":	397352142.467493,
					"retransmits":	0,
					"snd_cwnd":	14280,
					"snd_wnd":	2856,
					"rtt":	55,
					"rttvar":	2,
					"pmtu":	1500,
					"omitted":	false,
					"sender":	true
				}],
			"sum":	{
				"start":	0,
				"end":	1.000051,
				"seconds":	1.0000510215759277,
				"bytes":	49671552,
				"bits_per_second":	397352142.467493,
				"retransmits":	0,
				"omitted":	false,
				"sender":	true
			}
		}, {
			"streams":	[{
					"socket":	6,
					"start":	1.000051,
					"end":	2.000018,
					"seconds":	0.99996697902679443,
					"bytes":	50793960,
					"bits_per_second":	406365098.57103157,
					"retransmits":	0,
					"snd_cwnd":	14280,
					"snd_wnd":	2856,
					"rtt":	52,
					"rttvar":	2,
					"pmtu":	1500,
					"omitted":	false,
					"sender":	true
				}],
			"sum":	{
				"start":	1.000051,
				"end":	2.000018,
				"seconds":	0.99996697902679443,
				"bytes":	50793960,
				"bits_per_second":	406365098.57103157,
				"retransmits":	0,
				"omitted":	false,
				"sender":	true
			}
		}, {
			"streams":	[{
					"socket":	6,
					"start":	2.000018,
					"end":	3.000034,
					"seconds":	1.0000159740448,
					"bytes":	50291304,
					"bits_per_second":	402324005.258316,
					"retransmits":	0,
					"snd_cwnd":	14280,
					"snd_wnd":	2856,
					"rtt":	53,
					"rttvar":	1,
					"pmtu":	1500,
					"omitted":	false,
					"sender":	true
				}],
			"sum":	{
				"start":	2.000018,
				"end":	3.000034,
				"seconds":	1.0000159740448,
				"bytes":	50291304,
				"bits_per_second":	402324005.258316,
				"retransmits":	0,
				"omitted":	false,
				"sender":	true
			}
		}, {
			"streams":	[{
					"socket":	6,
					"start":	3.000034,
					"end":	4.000033,
					"seconds":	0.99999898672103882,
					"bytes":	52233384,
					"bits_per_second":	417867495.41634166,
					"retransmits":	1,
					"snd_cwnd":	14280,
					"snd_wnd":	2856,
					"rtt":	51,
					"rttvar":	5,
					"pmtu":	1500,
					"omitted":	false,
					"sender":	true
				}],
			"sum":	{
				"start":	3.000034,
				"end":	4.000033,
				"seconds":	0.99999898672103882,
				"bytes":	52233384,
				"bits_per_second":	417867495.41634166,
				"retransmits":	1,
				"omitted":	false,
				"sender":	true
			}
		}, {
			"streams":	[{
					"socket":	6,
					"start":	4.000033,
					"end":	5.000021,
					"seconds":	0.9999880194664,
					"bytes":	53158728,
					"bits_per_second":	425274919.02045649,
					"retransmits":	0,
					"snd_cwnd":	14280,
					"snd_wnd":	2856,
					"rtt":	53,
					"rttvar":	1,
					"pmtu":	1500,
					"omitted":	false,
					"sender":	true
				}],
			"sum":	{
				"start":	4.000033,
				"end":	5.000021,
				"seconds":	0.9999880194664,
				"bytes":	53158728,
				"bits_per_second":	425274919.02045649,
				"retransmits":	0,
				"omitted":	false,
				"sender":	true
			}
		}, {
			"streams":	[{
					"socket":	6,
					"start":	5.000021,
					"end":	6.000002,
					"seconds":	0.99998098611831665,
					"bytes":	52915968,
					"bits_per_second":	423335793.25668532,
					"retransmits":	0,
					"snd_cwnd":	14280,
					"snd_wnd":	2856,
					"rtt":	55,
					"rttvar":	0,
					"pmtu":	1500,
					"omitted":	false,
					"sender":	true
				}],
			"sum":	{
				"start":	5.000021,
				"end":	6.000002,
				"seconds":	0.99998098611831665,
				"bytes":	52915968,
				"bits_per_second":	423335793.25668532,
				"retransmits":	0,
				"omitted":	false,
				"sender":	true
			}
		}, {
			"streams":	[{
					"socket":	6,
					"start":	6.000002,
					"end":	7.00002,
					"seconds":	1.0000180006027222,
					"bytes":	52439016,
					"bits_per_second":	419504576.66477531,
					"retransmits":	0,
					"snd_cwnd":	14280,
					"snd_wnd":	2856,
					"rtt":	50,
					"rttvar":	4,
					"pmtu":	1500,
					"omitted":	false,
					"sender":	true
				}],
			"sum":	{
				"start":	6.000002,
				"end":	7.00002,
				"seconds":	1.0000180006027222,
				"bytes":	52439016,
				"bits_per_second":	419504576.66477531,
				"retransmits":	0,
				"omitted":	false,
				"sender":	true
			}
		}, {
			"streams":	[{
					"socket":	6,
					"start":	7.00002,
					"end":	8.000026,
					"seconds":	1.0000059604644775,
					"bytes":	54578160,
					"bits_per_second":	436622677.52604049,
					"retransmits":	0,
					"snd_cwnd":	14280,
					"snd_wnd":	2856,
					"rtt":	52,
					"rttvar":	2,
					"pmtu":	1500,
					"omitted":	false,
					"sender":	true
				}],
			"sum":	{
				"start":	7.00002,
				"end":	8.000026,
				"seconds":	1.0000059604644775,
				"bytes":	54578160,
				"bits_per_second":	436622677.52604049,
				"retransmits":	0,
				"omitted":	false,
				"sender":	true
			}
		}, {
			"streams":	[{
					"socket":	6,
					"start":	8.000026,
					"end":	9.000029,
					"seconds":	1.0000029802322388,
					"bytes":	55086528,
					"bits_per_second":	440690910.63874078,
					"retransmits":	0,
					"snd_cwnd":	14280,
					"snd_wnd":	2856,
					"rtt":	47,
					"rttvar":	5,
					"pmtu":	1500,
					"omitted":	false,
					"sender":	true
				}],
			"sum":	{
				"start":	8.000026,
				"end":	9.000029,
				"seconds":	1.0000029802322388,
				"bytes":	55086528,
				"bits_per_second":	440690910.63874078,
				"retransmits":	0,
				"omitted":	false,
				"sender":	true
			}
		}, {
			"streams":	[{
					"socket":	6,
					"start":	9.000029,
					"end":	10.000008,
					"seconds":	0.999979019165039,
					"bytes":	53341512,
					"bits_per_second":	426741049.38352817,
					"retransmits":	0,
					"snd_cwnd":	14280,
					"snd_wnd":	2856,
					"rtt":	52,
					"rttvar":	4,
					"pmtu":	1500,
					"omitted":	false,
					"sender":	true
				}],
			"sum":	{
				"start":	9.000029,
				"end":	10.000008,
				"seconds":	0.999979019165039,
				"bytes":	53341512,
				"bits_per_second":	426741049.38352817,
				"retransmits":	0,
				"omitted":	false,
				"sender":	true
			}
		}],
	"end":	{
		"streams":	[{
				"sender":	{
					"socket":	6,
					"start":	0,
					"end":	10.000008,
					"seconds":	10.000008,
					"bytes":	524510112,
					"bits_per_second":	419607753.9137969,
					"retransmits":	1,
					"max_snd_cwnd":	14280,
					"max_snd_wnd":	2856,
					"max_rtt":	55,
					"min_rtt":	47,
					"mean_rtt":	52,
					"sender":	true
				},
				"receiver":	{
					"socket":	6,
					"start":	0,
					"end":	10.000111,
					"seconds":	10.000008,
					"bytes":	524507256,
					"bits_per_second":	419601147.22726578,
					"sender":	true
				}
			}],
		"sum_sent":	{
			"start":	0,
			"end":	10.000008,
			"seconds":	10.000008,
			"bytes":	524510112,
			"bits_per_second":	419607753.9137969,
			"retransmits":	1,
			"sender":	true
		},
		"sum_received":	{
			"start":	0,
			"end":	10.000111,
			"seconds":	10.000111,
			"bytes":	524507256,
			"bits_per_second":	419601147.22726578,
			"sender":	true
		},
		"cpu_utilization_percent":	{
			"host_total":	12.249841402040952,
			"host_user":	1.4448936456334196,
			"host_system":	10.804947756407532,
			"remote_total":	10.896540331170058,
			"remote_user":	0.87059963986428557,
			"remote_system":	10.025950691186775
		},
		"sender_tcp_congestion":	"cubic",
		"receiver_tcp_congestion":	"cubic"
	}
}
