{
	"start":	{
		"connected":	[{
				"socket":	6,
				"local_host":	"fe80::e63d:1aff:fe72:f1",
				"local_port":	44894,
				"remote_host":	"fe80::e63d:1aff:fe72:f0",
				"remote_port":	5201
			}],
		"version":	"iperf 3.10.1",
		"system_info":	"Linux ryan 5.10.89 #1-NixOS SMP Wed Dec 29 11:26:08 UTC 2021 x86_64",
		"timestamp":	{
			"time":	"Thu, 13 Jan 2022 01:43:47 GMT",
			"timesecs":	1642038227
		},
		"connecting_to":	{
			"host":	"fe80::e63d:1aff:fe72:f0%swissknife1",
			"port":	5201
		},
		"cookie":	"tod6iwls3sf7vrno77nvg4rlargjb6gwc36k",
		"tcp_mss_default":	1428,
		"sock_bufsize":	8192,
		"sndbuf_actual":	16384,
		"rcvbuf_actual":	16384,
		"test_start":	{
			"protocol":	"TCP",
			"num_streams":	1,
			"blksize":	131072,
			"omit":	0,
			"duration":	10,
			"bytes":	0,
			"blocks":	0,
			"reverse":	1,
			"tos":	0
		}
	},
	"intervals":	[{
			"streams":	[{
					"socket":	6,
					"start":	0,
					"end":	1.000006,
					"seconds":	1.0000059604644775,
					"bytes":	115409592,
					"bits_per_second":	923271232.87461329,
					"omitted":	false,
					"sender":	false
				}],
			"sum":	{
				"start":	0,
				"end":	1.000006,
				"seconds":	1.0000059604644775,
				"bytes":	115409592,
				"bits_per_second":	923271232.87461329,
				"omitted":	false,
				"sender":	false
			}
		}, {
			"streams":	[{
					"socket":	6,
					"start":	1.000006,
					"end":	2.000001,
					"seconds":	0.999994993209839,
					"bytes":	115488072,
					"bits_per_second":	923909201.8195014,
					"omitted":	false,
					"sender":	false
				}],
			"sum":	{
				"start":	1.000006,
				"end":	2.000001,
				"seconds":	0.999994993209839,
				"bytes":	115488072,
				"bits_per_second":	923909201.8195014,
				"omitted":	false,
				"sender":	false
			}
		}, {
			"streams":	[{
					"socket":	6,
					"start":	2.000001,
					"end":	3.000011,
					"seconds":	1.0000100135803223,
					"bytes":	115736544,
					"bits_per_second":	925883080.59540343,
					"omitted":	false,
					"sender":	false
				}],
			"sum":	{
				"start":	2.000001,
				"end":	3.000011,
				"seconds":	1.0000100135803223,
				"bytes":	115736544,
				"bits_per_second":	925883080.59540343,
				"omitted":	false,
				"sender":	false
			}
		}, {
			"streams":	[{
					"socket":	6,
					"start":	3.000011,
					"end":	4.000013,
					"seconds":	1.0000020265579224,
					"bytes":	115773672,
					"bits_per_second":	926187499.02738631,
					"omitted":	false,
					"sender":	false
				}],
			"sum":	{
				"start":	3.000011,
				"end":	4.000013,
				"seconds":	1.0000020265579224,
				"bytes":	115773672,
				"bits_per_second":	926187499.02738631,
				"omitted":	false,
				"sender":	false
			}
		}, {
			"streams":	[{
					"socket":	6,
					"start":	4.000013,
					"end":	5.000004,
					"seconds":	0.999990999698639,
					"bytes":	115453800,
					"bits_per_second":	923638713.026766,
					"omitted":	false,
					"sender":	false
				}],
			"sum":	{
				"start":	4.000013,
				"end":	5.000004,
				"seconds":	0.999990999698639,
				"bytes":	115453800,
				"bits_per_second":	923638713.026766,
				"omitted":	false,
				"sender":	false
			}
		}, {
			"streams":	[{
					"socket":	6,
					"start":	5.000004,
					"end":	6.000015,
					"seconds":	1.0000109672546387,
					"bytes":	116150664,
					"bits_per_second":	929195121.280496,
					"omitted":	false,
					"sender":	false
				}],
			"sum":	{
				"start":	5.000004,
				"end":	6.000015,
				"seconds":	1.0000109672546387,
				"bytes":	116150664,
				"bits_per_second":	929195121.280496,
				"omitted":	false,
				"sender":	false
			}
		}, {
			"streams":	[{
					"socket":	6,
					"start":	6.000015,
					"end":	7.000022,
					"seconds":	1.0000070333480835,
					"bytes":	116139240,
					"bits_per_second":	929107385.26435244,
					"omitted":	false,
					"sender":	false
				}],
			"sum":	{
				"start":	6.000015,
				"end":	7.000022,
				"seconds":	1.0000070333480835,
				"bytes":	116139240,
				"bits_per_second":	929107385.26435244,
				"omitted":	false,
				"sender":	false
			}
		}, {
			"streams":	[{
					"socket":	6,
					"start":	7.000022,
					"end":	8.000022,
					"seconds":	1,
					"bytes":	116044992,
					"bits_per_second":	928359936,
					"omitted":	false,
					"sender":	false
				}],
			"sum":	{
				"start":	7.000022,
				"end":	8.000022,
				"seconds":	1,
				"bytes":	116044992,
				"bits_per_second":	928359936,
				"omitted":	false,
				"sender":	false
			}
		}, {
			"streams":	[{
					"socket":	6,
					"start":	8.000022,
					"end":	9.000023,
					"seconds":	1.0000009536743164,
					"bytes":	115922184,
					"bits_per_second":	927376587.58476675,
					"omitted":	false,
					"sender":	false
				}],
			"sum":	{
				"start":	8.000022,
				"end":	9.000023,
				"seconds":	1.0000009536743164,
				"bytes":	115922184,
				"bits_per_second":	927376587.58476675,
				"omitted":	false,
				"sender":	false
			}
		}, {
			"streams":	[{
					"socket":	6,
					"start":	9.000023,
					"end":	10.000016,
					"seconds":	0.99999302625656128,
					"bytes":	116410560,
					"bits_per_second":	931290974.58432353,
					"omitted":	false,
					"sender":	false
				}],
			"sum":	{
				"start":	9.000023,
				"end":	10.000016,
				"seconds":	0.99999302625656128,
				"bytes":	116410560,
				"bits_per_second":	931290974.58432353,
				"omitted":	false,
				"sender":	false
			}
		}],
	"end":	{
		"streams":	[{
				"sender":	{
					"socket":	6,
					"start":	0,
					"end":	10.000107,
					"seconds":	10.000107,
					"bytes":	1158543600,
					"bits_per_second":	926824962.97289622,
					"retransmits":	0,
					"max_snd_cwnd":	0,
					"max_snd_wnd":	0,
					"max_rtt":	0,
					"min_rtt":	0,
					"mean_rtt":	0,
					"sender":	false
				},
				"receiver":	{
					"socket":	6,
					"start":	0,
					"end":	10.000016,
					"seconds":	10.000016,
					"bytes":	1158529320,
					"bits_per_second":	926821973.084843,
					"sender":	false
				}
			}],
		"sum_sent":	{
			"start":	0,
			"end":	10.000107,
			"seconds":	10.000107,
			"bytes":	1158543600,
			"bits_per_second":	926824962.97289622,
			"retransmits":	0,
			"sender":	false
		},
		"sum_received":	{
			"start":	0,
			"end":	10.000016,
			"seconds":	10.000016,
			"bytes":	1158529320,
			"bits_per_second":	926821973.084843,
			"sender":	false
		},
		"cpu_utilization_percent":	{
			"host_total":	14.870860208398968,
			"host_user":	2.0477357756161192,
			"host_system":	12.823124432782848,
			"remote_total":	11.809875367420812,
			"remote_user":	1.4562633985972562,
			"remote_system":	10.353611968823556
		},
		"sender_tcp_congestion":	"cubic",
		"receiver_tcp_congestion":	"cubic"
	}
}
